Patient ID,EMR ID,NIK Mock,Nama Pasien Mock,Jenis Kelamin,Tanggal Lahir,Golongan Darah,Status Pernikahan,Alamat Mock,Kota/Kabupaten,Provinsi,No. HP Mock,Email Mock,Penjamin,Tanggal Registrasi,Persetujuan Penggunaan Data,Status Pasien
PAT-MOCK-0000001,EMR-MOCK-0000001,MOCK-5155-19630901-0001,Bima Siregar,Laki-laki,1963-09-01 00:00:00,O,Cerai Hidup,"Jl. Anggrek No. 60, Ilir Barat I",Palembang,Sumatera Selatan,+62 842-9318-0001,bima.saputra.1@example.invalid,Corporate Guarantee,05-Dec-2022,Ya,Aktif
PAT-MOCK-0000002,EMR-MOCK-0000002,MOCK-9142-19490220-0002,Danu Maulana,Laki-laki,1949-02-20 00:00:00,Belum diperiksa,Menikah,"Jl. Rajawali No. 104, Coblong",Bandung,Jawa Barat,+62 822-5738-0002,danu.wijaya.2@example.invalid,BPJS Kesehatan,14-Feb-2021,Ya,Aktif
PAT-MOCK-0000003,EMR-MOCK-0000003,MOCK-2802-20080702-0003,Sekar Saputra,Perempuan,2008-07-02 00:00:00,Belum diperiksa,Menikah,"Jl. Mawar No. 134, Kebayoran Baru",Jakarta Selatan,DKI Jakarta,+62 827-4377-0003,sekar.santoso.3@example.invalid,Pribadi,31-Jan-2023,Tidak,Aktif
PAT-MOCK-0000004,EMR-MOCK-0000004,MOCK-7387-19520329-0004,Dimas Gunawan,Laki-laki,1952-03-29 00:00:00,O,Cerai Hidup,"Jl. Anggrek No. 164, Kebayoran Baru",Jakarta Selatan,DKI Jakarta,+62 831-6534-0004,dimas.hidayat.4@example.invalid,Corporate Guarantee,20-Apr-2018,Ya,Aktif
PAT-MOCK-0000005,EMR-MOCK-0000005,MOCK-6916-19890812-0005,Rangga Siregar,Laki-laki,1989-08-12 00:00:00,AB,Belum Menikah,"Jl. Flamboyan No. 43, Serpong",Tangerang Selatan,Banten,+62 832-3324-0005,rangga.nugraha.5@example.invalid,Asuransi Swasta,01-Oct-2025,Ya,Aktif
PAT-MOCK-0000006,EMR-MOCK-0000006,MOCK-8502-19771107-0006,Bagas Maulana,Laki-laki,1977-11-07 00:00:00,O,Menikah,"Jl. Anggrek No. 171, Medan Baru",Medan,Sumatera Utara,+62 854-6570-0006,bagas.kusuma.6@example.invalid,Pribadi,31-Jul-2024,Ya,Aktif
PAT-MOCK-0000007,EMR-MOCK-0000007,MOCK-9344-20170708-0007,Citra Wijaya,Perempuan,2017-07-08 00:00:00,B,Cerai Hidup,"Jl. Cemara No. 51, Bogor Tengah",Bogor,Jawa Barat,+62 872-2207-0007,citra.setiawan.7@example.invalid,Asuransi Perusahaan,29-Mar-2021,Ya,Aktif
PAT-MOCK-0000008,EMR-MOCK-0000008,MOCK-9763-19461005-0008,Bagas Hidayat,Laki-laki,1946-10-05 00:00:00,B,Cerai Hidup,"Jl. Anggrek No. 4, Panakkukang",Makassar,Sulawesi Selatan,+62 891-6375-0008,bagas.permana.8@example.invalid,Asuransi Perusahaan,28-Aug-2023,Ya,Tidak Aktif
PAT-MOCK-0000009,EMR-MOCK-0000009,MOCK-9035-19880830-0009,Anindya Kusuma,Perempuan,1988-08-30 00:00:00,A,Belum Menikah,"Jl. Merpati No. 68, Duren Sawit",Jakarta Timur,DKI Jakarta,+62 847-8045-0009,anindya.ramadhan.9@example.invalid,Asuransi Swasta,25-Jul-2018,Ya,Aktif
PAT-MOCK-0000010,EMR-MOCK-0000010,MOCK-7813-19631027-0010,Nadia Nugraha,Perempuan,1963-10-27 00:00:00,A,Belum Menikah,"Jl. Kenanga No. 68, Bogor Tengah",Bogor,Jawa Barat,+62 836-8961-0010,nadia.maulana.10@example.invalid,Asuransi Perusahaan,04-Oct-2018,Tidak,Tidak Aktif
PAT-MOCK-0000011,EMR-MOCK-0000011,MOCK-3732-19761022-0011,Lestari Pratama,Perempuan,1976-10-22 00:00:00,B,Cerai Hidup,"Jl. Cendana No. 178, Beji",Depok,Jawa Barat,+62 867-6953-0011,lestari.utama.11@example.invalid,Pribadi,16-Nov-2020,Ya,Aktif
PAT-MOCK-0000012,EMR-MOCK-0000012,MOCK-9048-20051009-0012,Rangga Halim,Laki-laki,2005-10-09 00:00:00,AB,Cerai Hidup,"Jl. Flamboyan No. 13, Karawaci",Tangerang,Banten,+62 879-3949-0012,rangga.purnama.12@example.invalid,Pribadi,10-Oct-2025,Tidak,Aktif
PAT-MOCK-0000013,EMR-MOCK-0000013,MOCK-7334-20050816-0013,Dimas Nasution,Laki-laki,2005-08-16 00:00:00,A,Menikah,"Jl. Merpati No. 17, Duren Sawit",Jakarta Timur,DKI Jakarta,+62 874-1566-0013,dimas.siregar.13@example.invalid,Pribadi,05-Jun-2018,Ya,Aktif
PAT-MOCK-0000014,EMR-MOCK-0000014,MOCK-9899-19540912-0014,Aulia Purnama,Perempuan,1954-09-12 00:00:00,AB,Menikah,"Jl. Anggrek No. 150, Wonokromo",Surabaya,Jawa Timur,+62 826-7938-0014,aulia.nasution.14@example.invalid,Asuransi Swasta,01-Feb-2018,Ya,Aktif
PAT-MOCK-0000015,EMR-MOCK-0000015,MOCK-9778-19980429-0015,Nabila Pratama,Perempuan,1998-04-29 00:00:00,O,Cerai Hidup,"Jl. Rajawali No. 161, Ilir Barat I",Palembang,Sumatera Selatan,+62 863-8777-0015,nabila.simanjuntak.15@example.invalid,Asuransi Swasta,09-Jan-2020,Ya,Aktif
PAT-MOCK-0000016,EMR-MOCK-0000016,MOCK-2095-20131016-0016,Maya Hartono,Perempuan,2013-10-16 00:00:00,O,Belum Menikah,"Jl. Cendana No. 7, Ilir Barat I",Palembang,Sumatera Selatan,+62 845-1392-0016,maya.halim.16@example.invalid,Corporate Guarantee,24-Jul-2023,Ya,Aktif
PAT-MOCK-0000017,EMR-MOCK-0000017,MOCK-4755-19820808-0017,Rani Permana,Perempuan,1982-08-08 00:00:00,B,Cerai Mati,"Jl. Kenanga No. 80, Duren Sawit",Jakarta Timur,DKI Jakarta,+62 826-5368-0017,rani.gunawan.17@example.invalid,Pribadi,09-Jan-2025,Tidak,Aktif
PAT-MOCK-0000018,EMR-MOCK-0000018,MOCK-9173-19950811-0018,Farhan Ramadhan,Laki-laki,1995-08-11 00:00:00,O,Menikah,"Jl. Kenanga No. 89, Ilir Barat I",Palembang,Sumatera Selatan,+62 849-8446-0018,farhan.hartono.18@example.invalid,BPJS Kesehatan,15-Dec-2023,Ya,Aktif
PAT-MOCK-0000019,EMR-MOCK-0000019,MOCK-8051-19670813-0019,Sekar Hidayat,Perempuan,1967-08-13 00:00:00,A,Cerai Mati,"Jl. Cendana No. 60, Karawaci",Tangerang,Banten,+62 810-9968-0019,sekar.lesmana.19@example.invalid,BPJS Kesehatan,01-Feb-2021,Tidak,Aktif
PAT-MOCK-0000020,EMR-MOCK-0000020,MOCK-2435-19541115-0020,Arya Ramadhan,Laki-laki,1954-11-15 00:00:00,A,Cerai Mati,"Jl. Melati No. 24, Duren Sawit",Jakarta Timur,DKI Jakarta,+62 838-4161-0020,arya.pratama.20@example.invalid,Asuransi Perusahaan,13-Aug-2024,Ya,Aktif
PAT-MOCK-0000021,EMR-MOCK-0000021,MOCK-5146-19760910-0021,Citra Purnama,Perempuan,1976-09-10 00:00:00,A,Cerai Hidup,"Jl. Mawar No. 56, Serpong",Tangerang Selatan,Banten,+62 876-4722-0021,citra.saputra.21@example.invalid,Asuransi Swasta,11-Dec-2025,Ya,Aktif
PAT-MOCK-0000022,EMR-MOCK-0000022,MOCK-7559-20091020-0022,Hendra Wijaya,Laki-laki,2009-10-20 00:00:00,O,Cerai Hidup,"Jl. Dahlia No. 147, Panakkukang",Makassar,Sulawesi Selatan,+62 829-4979-0022,hendra.wijaya.22@example.invalid,Asuransi Swasta,04-Jun-2020,Ya,Aktif
PAT-MOCK-0000023,EMR-MOCK-0000023,MOCK-8549-19951207-0023,Putri Hidayat,Perempuan,1995-12-07 00:00:00,A,Belum Menikah,"Jl. Anggrek No. 150, Duren Sawit",Jakarta Timur,DKI Jakarta,+62 888-7951-0023,putri.santoso.23@example.invalid,Pribadi,29-Jan-2022,Ya,Aktif
PAT-MOCK-0000024,EMR-MOCK-0000024,MOCK-3704-20050420-0024,Dewi Ramadhan,Perempuan,2005-04-20 00:00:00,O,Cerai Mati,"Jl. Cendana No. 72, Wonokromo",Surabaya,Jawa Timur,+62 819-7184-0024,dewi.hidayat.24@example.invalid,Asuransi Swasta,01-Jan-2020,Ya,Aktif
PAT-MOCK-0000025,EMR-MOCK-0000025,MOCK-8320-20230729-0025,Fitri Hartono,Perempuan,2023-07-29 00:00:00,O,Cerai Hidup,"Jl. Rajawali No. 9, Banyumanik",Semarang,Jawa Tengah,+62 871-9541-0025,fitri.nugraha.25@example.invalid,Pribadi,04-Aug-2026,Ya,Aktif
PAT-MOCK-0000026,EMR-MOCK-0000026,MOCK-1592-20100609-0026,Dimas Simanjuntak,Laki-laki,2010-06-09 00:00:00,A,Belum Menikah,"Jl. Kenanga No. 59, Kebon Jeruk",Jakarta Barat,DKI Jakarta,+62 866-2377-0026,dimas.kusuma.26@example.invalid,Asuransi Perusahaan,03-Dec-2018,Ya,Aktif
PAT-MOCK-0000027,EMR-MOCK-0000027,MOCK-5939-19480116-0027,Maya Wijaya,Perempuan,1948-01-16 00:00:00,AB,Menikah,"Jl. Rajawali No. 145, Banyumanik",Semarang,Jawa Tengah,+62 864-8511-0027,maya.setiawan.27@example.invalid,Pribadi,20-Nov-2018,Ya,Aktif
PAT-MOCK-0000028,EMR-MOCK-0000028,MOCK-5590-19720718-0028,Farhan Permana,Laki-laki,1972-07-18 00:00:00,B,Menikah,"Jl. Dahlia No. 174, Wonokromo",Surabaya,Jawa Timur,+62 828-3083-0028,farhan.permana.28@example.invalid,Pribadi,16-Jan-2025,Tidak,Aktif
PAT-MOCK-0000029,EMR-MOCK-0000029,MOCK-6439-19780408-0029,Arif Simanjuntak,Laki-laki,1978-04-08 00:00:00,O,Cerai Hidup,"Jl. Cendana No. 67, Coblong",Bandung,Jawa Barat,+62 849-1261-0029,arif.ramadhan.29@example.invalid,Pribadi,08-May-2019,Ya,Aktif
PAT-MOCK-0000030,EMR-MOCK-0000030,MOCK-7317-19770331-0030,Amelia Nugraha,Perempuan,1977-03-31 00:00:00,Belum diperiksa,Cerai Hidup,"Jl. Anggrek No. 124, Bogor Tengah",Bogor,Jawa Barat,+62 845-2759-0030,amelia.maulana.30@example.invalid,Corporate Guarantee,27-Aug-2020,Ya,Aktif
PAT-MOCK-0000031,EMR-MOCK-0000031,MOCK-8537-19971201-0031,Amelia Hidayat,Perempuan,1997-12-01 00:00:00,O,Belum Menikah,"Jl. Melati No. 2, Duren Sawit",Jakarta Timur,DKI Jakarta,+62 837-2329-0031,amelia.utama.31@example.invalid,Asuransi Perusahaan,13-Feb-2026,Ya,Aktif
PAT-MOCK-0000032,EMR-MOCK-0000032,MOCK-9745-19570810-0032,Nabila Hidayat,Perempuan,1957-08-10 00:00:00,Belum diperiksa,Belum Menikah,"Jl. Cemara No. 142, Karawaci",Tangerang,Banten,+62 827-5523-0032,nabila.purnama.32@example.invalid,Pribadi,15-May-2024,Ya,Aktif
PAT-MOCK-0000033,EMR-MOCK-0000033,MOCK-3974-19751107-0033,Amelia Halim,Perempuan,1975-11-07 00:00:00,A,Cerai Hidup,"Jl. Kenanga No. 114, Ilir Barat I",Palembang,Sumatera Selatan,+62 825-4087-0033,amelia.siregar.33@example.invalid,Pribadi,22-Sep-2025,Ya,Aktif
PAT-MOCK-0000034,EMR-MOCK-0000034,MOCK-9135-20100710-0034,Fajar Permana,Laki-laki,2010-07-10 00:00:00,AB,Belum Menikah,"Jl. Dahlia No. 163, Banyumanik",Semarang,Jawa Tengah,+62 824-7980-0034,fajar.nasution.34@example.invalid,Asuransi Swasta,15-Mar-2022,Ya,Aktif
PAT-MOCK-0000035,EMR-MOCK-0000035,MOCK-8529-19820611-0035,Kartika Wijaya,Perempuan,1982-06-11 00:00:00,O,Belum Menikah,"Jl. Cendana No. 14, Duren Sawit",Jakarta Timur,DKI Jakarta,+62 895-8206-0035,kartika.simanjuntak.35@example.invalid,BPJS Kesehatan,30-Aug-2024,Tidak,Aktif
PAT-MOCK-0000036,EMR-MOCK-0000036,MOCK-1694-20110216-0036,Raka Utama,Laki-laki,2011-02-16 00:00:00,O,Cerai Hidup,"Jl. Mawar No. 93, Medan Baru",Medan,Sumatera Utara,+62 867-4900-0036,raka.halim.36@example.invalid,Pribadi,12-Aug-2018,Ya,Aktif
PAT-MOCK-0000037,EMR-MOCK-0000037,MOCK-4598-19940221-0037,Rizky Wijaya,Laki-laki,1994-02-21 00:00:00,O,Menikah,"Jl. Merpati No. 52, Panakkukang",Makassar,Sulawesi Selatan,+62 837-2885-0037,rizky.gunawan.37@example.invalid,BPJS Kesehatan,15-Jul-2022,Tidak,Aktif
PAT-MOCK-0000038,EMR-MOCK-0000038,MOCK-2817-20230518-0038,Dinda Gunawan,Perempuan,2023-05-18 00:00:00,O,Cerai Mati,"Jl. Dahlia No. 90, Banyumanik",Semarang,Jawa Tengah,+62 889-6804-0038,dinda.hartono.38@example.invalid,Asuransi Swasta,26-Nov-2025,Ya,Aktif
PAT-MOCK-0000039,EMR-MOCK-0000039,MOCK-6364-19900531-0039,Dimas Setiawan,Laki-laki,1990-05-31 00:00:00,AB,Belum Menikah,"Jl. Rajawali No. 33, Wonokromo",Surabaya,Jawa Timur,+62 895-8287-0039,dimas.lesmana.39@example.invalid,Asuransi Swasta,06-Dec-2022,Ya,Aktif
PAT-MOCK-0000040,EMR-MOCK-0000040,MOCK-7468-19470331-0040,Bagas Nugraha,Laki-laki,1947-03-31 00:00:00,O,Belum Menikah,"Jl. Merpati No. 54, Ilir Barat I",Palembang,Sumatera Selatan,+62 853-8686-0040,bagas.pratama.40@example.invalid,BPJS Kesehatan,24-Oct-2021,Ya,Aktif
PAT-MOCK-0000041,EMR-MOCK-0000041,MOCK-5973-19450810-0041,Bima Siregar,Laki-laki,1945-08-10 00:00:00,O,Cerai Mati,"Jl. Merpati No. 23, Coblong",Bandung,Jawa Barat,+62 874-2324-0041,bima.saputra.41@example.invalid,Pribadi,15-Jan-2020,Ya,Aktif
PAT-MOCK-0000042,EMR-MOCK-0000042,MOCK-1892-19850102-0042,Rani Simanjuntak,Perempuan,1985-01-02 00:00:00,O,Cerai Hidup,"Jl. Mawar No. 155, Kebayoran Baru",Jakarta Selatan,DKI Jakarta,+62 815-3421-0042,rani.wijaya.42@example.invalid,Corporate Guarantee,24-Mar-2020,Ya,Aktif
PAT-MOCK-0000043,EMR-MOCK-0000043,MOCK-8117-19870320-0043,Hendra Saputra,Laki-laki,1987-03-20 00:00:00,AB,Menikah,"Jl. Anggrek No. 138, Karawaci",Tangerang,Banten,+62 857-5725-0043,hendra.santoso.43@example.invalid,Pribadi,02-Aug-2023,Ya,Aktif
PAT-MOCK-0000044,EMR-MOCK-0000044,MOCK-8972-20220228-0044,Rizky Halim,Laki-laki,2022-02-28 00:00:00,O,Cerai Hidup,"Jl. Cemara No. 14, Karawaci",Tangerang,Banten,+62 886-2870-0044,rizky.hidayat.44@example.invalid,Corporate Guarantee,28-Mar-2022,Tidak,Aktif
PAT-MOCK-0000045,EMR-MOCK-0000045,MOCK-4344-20211013-0045,Irfan Siregar,Laki-laki,2021-10-13 00:00:00,B,Belum Menikah,"Jl. Melati No. 6, Panakkukang",Makassar,Sulawesi Selatan,+62 811-3901-0045,irfan.nugraha.45@example.invalid,BPJS Kesehatan,05-Sep-2024,Ya,Aktif
PAT-MOCK-0000046,EMR-MOCK-0000046,MOCK-6466-19910624-0046,Fitri Permana,Perempuan,1991-06-24 00:00:00,A,Menikah,"Jl. Rajawali No. 142, Kebon Jeruk",Jakarta Barat,DKI Jakarta,+62 836-9014-0046,fitri.kusuma.46@example.invalid,Asuransi Swasta,28-Sep-2025,Ya,Aktif
PAT-MOCK-0000047,EMR-MOCK-0000047,MOCK-1532-19700509-0047,Yoga Siregar,Laki-laki,1970-05-09 00:00:00,B,Belum Menikah,"Jl. Kenanga No. 105, Bekasi Selatan",Bekasi,Jawa Barat,+62 818-5164-0047,yoga.setiawan.47@example.invalid,Pribadi,29-Aug-2023,Tidak,Aktif
PAT-MOCK-0000048,EMR-MOCK-0000048,MOCK-4160-20200309-0048,Arif Permana,Laki-laki,2020-03-09 00:00:00,A,Menikah,"Jl. Kenanga No. 65, Karawaci",Tangerang,Banten,+62 871-5969-0048,arif.permana.48@example.invalid,Corporate Guarantee,13-Sep-2025,Ya,Aktif
PAT-MOCK-0000049,EMR-MOCK-0000049,MOCK-4322-19880824-0049,Bagas Permana,Laki-laki,1988-08-24 00:00:00,O,Menikah,"Jl. Anggrek No. 29, Coblong",Bandung,Jawa Barat,+62 855-2392-0049,bagas.ramadhan.49@example.invalid,Pribadi,14-Jul-2023,Ya,Aktif
PAT-MOCK-0000050,EMR-MOCK-0000050,MOCK-5706-20061227-0050,Raka Saputra,Laki-laki,2006-12-27 00:00:00,O,Cerai Mati,"Jl. Merpati No. 27, Kebayoran Baru",Jakarta Selatan,DKI Jakarta,+62 828-1841-0050,raka.maulana.50@example.invalid,Asuransi Swasta,04-Jul-2020,Ya,Aktif
PAT-MOCK-0000051,EMR-MOCK-0000051,MOCK-2211-19750223-0051,Galang Simanjuntak,Laki-laki,1975-02-23 00:00:00,O,Cerai Hidup,"Jl. Rajawali No. 113, Duren Sawit",Jakarta Timur,DKI Jakarta,+62 848-8789-0051,galang.utama.51@example.invalid,Corporate Guarantee,06-Feb-2023,Ya,Aktif
PAT-MOCK-0000052,EMR-MOCK-0000052,MOCK-8872-19531118-0052,Citra Maulana,Perempuan,1953-11-18 00:00:00,A,Belum Menikah,"Jl. Flamboyan No. 30, Serpong",Tangerang Selatan,Banten,+62 894-5923-0052,citra.purnama.52@example.invalid,Corporate Guarantee,24-Jun-2021,Ya,Aktif
PAT-MOCK-0000053,EMR-MOCK-0000053,MOCK-2707-19850630-0053,Galang Utama,Laki-laki,1985-06-30 00:00:00,B,Menikah,"Jl. Melati No. 97, Serpong",Tangerang Selatan,Banten,+62 826-8541-0053,galang.siregar.53@example.invalid,Corporate Guarantee,21-Apr-2021,Ya,Aktif
PAT-MOCK-0000054,EMR-MOCK-0000054,MOCK-2133-20100807-0054,Nabila Purnama,Perempuan,2010-08-07 00:00:00,O,Cerai Hidup,"Jl. Merpati No. 103, Denpasar Selatan",Denpasar,Bali,+62 882-1573-0054,nabila.nasution.54@example.invalid,Asuransi Perusahaan,09-Feb-2021,Tidak,Aktif
PAT-MOCK-0000055,EMR-MOCK-0000055,MOCK-2013-19980610-0055,Rangga Siregar,Laki-laki,1998-06-10 00:00:00,A,Menikah,"Jl. Cendana No. 116, Kebayoran Baru",Jakarta Selatan,DKI Jakarta,+62 868-5576-0055,rangga.simanjuntak.55@example.invalid,Pribadi,31-Jan-2020,Ya,Aktif
PAT-MOCK-0000056,EMR-MOCK-0000056,MOCK-8870-20000408-0056,Dewi Pratama,Perempuan,2000-04-08 00:00:00,O,Cerai Mati,"Jl. Cendana No. 157, Medan Baru",Medan,Sumatera Utara,+62 892-2591-0056,dewi.halim.56@example.invalid,Pribadi,04-Jun-2019,Ya,Aktif
PAT-MOCK-0000057,EMR-MOCK-0000057,MOCK-4380-19561214-0057,Dinda Kusuma,Perempuan,1956-12-14 00:00:00,AB,Cerai Hidup,"Jl. Flamboyan No. 89, Panakkukang",Makassar,Sulawesi Selatan,+62 850-4525-0057,dinda.gunawan.57@example.invalid,Asuransi Perusahaan,12-Jul-2021,Ya,Aktif
PAT-MOCK-0000058,EMR-MOCK-0000058,MOCK-5215-19590121-0058,Bagas Wijaya,Laki-laki,1959-01-21 00:00:00,A,Belum Menikah,"Jl. Merpati No. 38, Bogor Tengah",Bogor,Jawa Barat,+62 850-1453-0058,bagas.hartono.58@example.invalid,Pribadi,13-Apr-2025,Ya,Aktif
PAT-MOCK-0000059,EMR-MOCK-0000059,MOCK-3872-20091029-0059,Dewi Kusuma,Perempuan,2009-10-29 00:00:00,B,Cerai Mati,"Jl. Merpati No. 62, Coblong",Bandung,Jawa Barat,+62 865-8233-0059,dewi.lesmana.59@example.invalid,Asuransi Swasta,22-Oct-2018,Tidak,Aktif
PAT-MOCK-0000060,EMR-MOCK-0000060,MOCK-1801-19951228-0060,Bagas Nasution,Laki-laki,1995-12-28 00:00:00,B,Cerai Mati,"Jl. Cemara No. 139, Banyumanik",Semarang,Jawa Tengah,+62 844-1940-0060,bagas.pratama.60@example.invalid,BPJS Kesehatan,28-Feb-2023,Tidak,Aktif
PAT-MOCK-0000061,EMR-MOCK-0000061,MOCK-5987-19590728-0061,Kartika Pratama,Perempuan,1959-07-28 00:00:00,O,Menikah,"Jl. Kenanga No. 155, Coblong",Bandung,Jawa Barat,+62 879-2223-0061,kartika.saputra.61@example.invalid,Pribadi,19-Apr-2020,Ya,Aktif
PAT-MOCK-0000062,EMR-MOCK-0000062,MOCK-6717-19910425-0062,Kartika Lesmana,Perempuan,1991-04-25 00:00:00,O,Cerai Hidup,"Jl. Rajawali No. 41, Serpong",Tangerang Selatan,Banten,+62 825-5755-0062,kartika.wijaya.62@example.invalid,Asuransi Swasta,24-Feb-2020,Tidak,Aktif
PAT-MOCK-0000063,EMR-MOCK-0000063,MOCK-5224-19570905-0063,Sari Permana,Perempuan,1957-09-05 00:00:00,O,Cerai Mati,"Jl. Melati No. 76, Serpong",Tangerang Selatan,Banten,+62 888-2094-0063,sari.santoso.63@example.invalid,Asuransi Perusahaan,17-May-2019,Ya,Aktif
PAT-MOCK-0000064,EMR-MOCK-0000064,MOCK-9117-20100715-0064,Irfan Hartono,Laki-laki,2010-07-15 00:00:00,O,Cerai Mati,"Jl. Dahlia No. 41, Kebon Jeruk",Jakarta Barat,DKI Jakarta,+62 811-8533-0064,irfan.hidayat.64@example.invalid,Asuransi Swasta,31-Jan-2018,Ya,Aktif
PAT-MOCK-0000065,EMR-MOCK-0000065,MOCK-7727-19740131-0065,Rani Nugraha,Perempuan,1974-01-31 00:00:00,AB,Menikah,"Jl. Melati No. 108, Ilir Barat I",Palembang,Sumatera Selatan,+62 824-6160-0065,rani.nugraha.65@example.invalid,Corporate Guarantee,14-Jan-2018,Ya,Aktif
PAT-MOCK-0000066,EMR-MOCK-0000066,MOCK-9255-19920714-0066,Lestari Wijaya,Perempuan,1992-07-14 00:00:00,O,Cerai Mati,"Jl. Cendana No. 111, Banyumanik",Semarang,Jawa Tengah,+62 823-5886-0066,lestari.kusuma.66@example.invalid,Pribadi,17-Jul-2024,Ya,Aktif
PAT-MOCK-0000067,EMR-MOCK-0000067,MOCK-4991-20060605-0067,Tiara Nugraha,Perempuan,2006-06-05 00:00:00,O,Belum Menikah,"Jl. Melati No. 162, Serpong",Tangerang Selatan,Banten,+62 825-1082-0067,tiara.setiawan.67@example.invalid,Asuransi Swasta,10-Feb-2020,Ya,Aktif
PAT-MOCK-0000068,EMR-MOCK-0000068,MOCK-7780-19520813-0068,Arya Utama,Laki-laki,1952-08-13 00:00:00,A,Cerai Hidup,"Jl. Cemara No. 41, Medan Baru",Medan,Sumatera Utara,+62 865-9618-0068,arya.permana.68@example.invalid,BPJS Kesehatan,18-Oct-2021,Ya,Aktif
PAT-MOCK-0000069,EMR-MOCK-0000069,MOCK-1950-19780804-0069,Nadia Maulana,Perempuan,1978-08-04 00:00:00,O,Menikah,"Jl. Anggrek No. 49, Medan Baru",Medan,Sumatera Utara,+62 836-2718-0069,nadia.ramadhan.69@example.invalid,Corporate Guarantee,18-Feb-2022,Ya,Aktif
PAT-MOCK-0000070,EMR-MOCK-0000070,MOCK-2689-19971130-0070,Citra Nugraha,Perempuan,1997-11-30 00:00:00,O,Menikah,"Jl. Anggrek No. 41, Banyumanik",Semarang,Jawa Tengah,+62 826-4041-0070,citra.maulana.70@example.invalid,BPJS Kesehatan,14-Mar-2026,Ya,Aktif
PAT-MOCK-0000071,EMR-MOCK-0000071,MOCK-1298-19550408-0071,Anindya Santoso,Perempuan,1955-04-08 00:00:00,O,Cerai Hidup,"Jl. Melati No. 130, Karawaci",Tangerang,Banten,+62 829-2108-0071,anindya.utama.71@example.invalid,Corporate Guarantee,15-Apr-2018,Ya,Aktif
PAT-MOCK-0000072,EMR-MOCK-0000072,MOCK-3214-19531211-0072,Dimas Kusuma,Laki-laki,1953-12-11 00:00:00,O,Cerai Hidup,"Jl. Kenanga No. 168, Denpasar Selatan",Denpasar,Bali,+62 872-9350-0072,dimas.purnama.72@example.invalid,Corporate Guarantee,02-Mar-2022,Ya,Aktif
PAT-MOCK-0000073,EMR-MOCK-0000073,MOCK-7793-20241031-0073,Amelia Setiawan,Perempuan,2024-10-31 00:00:00,A,Belum Menikah,"Jl. Anggrek No. 91, Banyumanik",Semarang,Jawa Tengah,+62 826-5103-0073,amelia.siregar.73@example.invalid,BPJS Kesehatan,05-Apr-2025,Tidak,Aktif
PAT-MOCK-0000074,EMR-MOCK-0000074,MOCK-6428-19881114-0074,Nadia Lesmana,Perempuan,1988-11-14 00:00:00,O,Cerai Mati,"Jl. Rajawali No. 122, Bogor Tengah",Bogor,Jawa Barat,+62 810-4100-0074,nadia.nasution.74@example.invalid,Asuransi Swasta,30-Apr-2021,Ya,Aktif
PAT-MOCK-0000075,EMR-MOCK-0000075,MOCK-1665-19800526-0075,Andi Nasution,Laki-laki,1980-05-26 00:00:00,A,Menikah,"Jl. Cemara No. 47, Wonokromo",Surabaya,Jawa Timur,+62 892-6980-0075,andi.simanjuntak.75@example.invalid,Corporate Guarantee,11-Aug-2022,Ya,Aktif
PAT-MOCK-0000076,EMR-MOCK-0000076,MOCK-4412-19451222-0076,Arya Nasution,Laki-laki,1945-12-22 00:00:00,B,Menikah,"Jl. Cendana No. 138, Bogor Tengah",Bogor,Jawa Barat,+62 854-9219-0076,arya.halim.76@example.invalid,Asuransi Perusahaan,06-Mar-2022,Ya,Aktif
PAT-MOCK-0000077,EMR-MOCK-0000077,MOCK-4816-20020310-0077,Sari Pratama,Perempuan,2002-03-10 00:00:00,A,Cerai Hidup,"Jl. Dahlia No. 101, Panakkukang",Makassar,Sulawesi Selatan,+62 824-2312-0077,sari.gunawan.77@example.invalid,Corporate Guarantee,10-Aug-2026,Tidak,Aktif
PAT-MOCK-0000078,EMR-MOCK-0000078,MOCK-4953-20190303-0078,Fitri Setiawan,Perempuan,2019-03-03 00:00:00,A,Belum Menikah,"Jl. Melati No. 158, Denpasar Selatan",Denpasar,Bali,+62 818-1549-0078,fitri.hartono.78@example.invalid,BPJS Kesehatan,19-Jul-2022,Ya,Aktif
PAT-MOCK-0000079,EMR-MOCK-0000079,MOCK-3073-20220313-0079,Lestari Saputra,Perempuan,2022-03-13 00:00:00,O,Menikah,"Jl. Melati No. 107, Duren Sawit",Jakarta Timur,DKI Jakarta,+62 879-1828-0079,lestari.lesmana.79@example.invalid,Corporate Guarantee,30-Jul-2024,Ya,Aktif
PAT-MOCK-0000080,EMR-MOCK-0000080,MOCK-8365-20150903-0080,Sari Hidayat,Perempuan,2015-09-03 00:00:00,O,Menikah,"Jl. Mawar No. 139, Bogor Tengah",Bogor,Jawa Barat,+62 888-8504-0080,sari.pratama.80@example.invalid,Asuransi Perusahaan,24-Sep-2021,Ya,Aktif
PAT-MOCK-0000081,EMR-MOCK-0000081,MOCK-7046-19690114-0081,Danu Purnama,Laki-laki,1969-01-14 00:00:00,O,Cerai Hidup,"Jl. Mawar No. 161, Ilir Barat I",Palembang,Sumatera Selatan,+62 826-5907-0081,danu.saputra.81@example.invalid,Asuransi Perusahaan,22-May-2018,Ya,Aktif
PAT-MOCK-0000082,EMR-MOCK-0000082,MOCK-2047-19840329-0082,Amelia Utama,Perempuan,1984-03-29 00:00:00,B,Cerai Hidup,"Jl. Kenanga No. 28, Ilir Barat I",Palembang,Sumatera Selatan,+62 858-7838-0082,amelia.wijaya.82@example.invalid,Pribadi,25-Apr-2018,Ya,Aktif
PAT-MOCK-0000083,EMR-MOCK-0000083,MOCK-6236-19871206-0083,Andi Ramadhan,Laki-laki,1987-12-06 00:00:00,A,Cerai Mati,"Jl. Flamboyan No. 40, Kebon Jeruk",Jakarta Barat,DKI Jakarta,+62 839-3426-0083,andi.santoso.83@example.invalid,BPJS Kesehatan,05-Dec-2018,Ya,Aktif
PAT-MOCK-0000084,EMR-MOCK-0000084,MOCK-4262-19710807-0084,Rangga Pratama,Laki-laki,1971-08-07 00:00:00,A,Belum Menikah,"Jl. Rajawali No. 94, Beji",Depok,Jawa Barat,+62 834-6827-0084,rangga.hidayat.84@example.invalid,Pribadi,12-Jun-2023,Ya,Aktif
PAT-MOCK-0000085,EMR-MOCK-0000085,MOCK-2751-19500724-0085,Ahmad Pratama,Laki-laki,1950-07-24 00:00:00,O,Menikah,"Jl. Kenanga No. 141, Banyumanik",Semarang,Jawa Tengah,+62 869-5329-0085,ahmad.nugraha.85@example.invalid,Asuransi Swasta,10-Nov-2019,Ya,Aktif
PAT-MOCK-0000086,EMR-MOCK-0000086,MOCK-3449-20110810-0086,Putri Utama,Perempuan,2011-08-10 00:00:00,O,Cerai Hidup,"Jl. Flamboyan No. 63, Denpasar Selatan",Denpasar,Bali,+62 816-2395-0086,putri.kusuma.86@example.invalid,Corporate Guarantee,19-Oct-2024,Ya,Aktif
PAT-MOCK-0000087,EMR-MOCK-0000087,MOCK-8378-19641224-0087,Kartika Gunawan,Perempuan,1964-12-24 00:00:00,A,Cerai Hidup,"Jl. Melati No. 54, Medan Baru",Medan,Sumatera Utara,+62 891-2301-0087,kartika.setiawan.87@example.invalid,Asuransi Swasta,31-May-2022,Ya,Aktif
PAT-MOCK-0000088,EMR-MOCK-0000088,MOCK-6063-20150720-0088,Farhan Nugraha,Laki-laki,2015-07-20 00:00:00,B,Menikah,"Jl. Flamboyan No. 100, Beji",Depok,Jawa Barat,+62 883-4856-0088,farhan.permana.88@example.invalid,Corporate Guarantee,30-May-2025,Ya,Aktif
PAT-MOCK-0000089,EMR-MOCK-0000089,MOCK-3798-19810125-0089,Farhan Utama,Laki-laki,1981-01-25 00:00:00,A,Cerai Mati,"Jl. Kenanga No. 108, Banyumanik",Semarang,Jawa Tengah,+62 889-1017-0089,farhan.ramadhan.89@example.invalid,Asuransi Swasta,13-Feb-2025,Tidak,Aktif
PAT-MOCK-0000090,EMR-MOCK-0000090,MOCK-3260-20060508-0090,Ahmad Hidayat,Laki-laki,2006-05-08 00:00:00,A,Menikah,"Jl. Kenanga No. 42, Karawaci",Tangerang,Banten,+62 861-8757-0090,ahmad.maulana.90@example.invalid,Corporate Guarantee,06-Feb-2021,Ya,Aktif
PAT-MOCK-0000091,EMR-MOCK-0000091,MOCK-1336-19581216-0091,Wulan Hidayat,Perempuan,1958-12-16 00:00:00,B,Cerai Hidup,"Jl. Melati No. 161, Beji",Depok,Jawa Barat,+62 816-8768-0091,wulan.utama.91@example.invalid,BPJS Kesehatan,07-Jul-2023,Ya,Aktif
PAT-MOCK-0000092,EMR-MOCK-0000092,MOCK-9095-19600404-0092,Danu Pratama,Laki-laki,1960-04-04 00:00:00,A,Cerai Mati,"Jl. Flamboyan No. 104, Serpong",Tangerang Selatan,Banten,+62 868-7137-0092,danu.purnama.92@example.invalid,BPJS Kesehatan,14-May-2024,Ya,Tidak Aktif
PAT-MOCK-0000093,EMR-MOCK-0000093,MOCK-6139-20060623-0093,Arif Simanjuntak,Laki-laki,2006-06-23 00:00:00,O,Cerai Mati,"Jl. Cendana No. 79, Kebayoran Baru",Jakarta Selatan,DKI Jakarta,+62 856-5711-0093,arif.siregar.93@example.invalid,Asuransi Perusahaan,22-Oct-2022,Tidak,Aktif
PAT-MOCK-0000094,EMR-MOCK-0000094,MOCK-3573-19981014-0094,Hendra Kusuma,Laki-laki,1998-10-14 00:00:00,A,Menikah,"Jl. Melati No. 131, Duren Sawit",Jakarta Timur,DKI Jakarta,+62 845-6997-0094,hendra.nasution.94@example.invalid,BPJS Kesehatan,30-May-2019,Ya,Aktif
PAT-MOCK-0000095,EMR-MOCK-0000095,MOCK-6684-19871030-0095,Maya Nasution,Perempuan,1987-10-30 00:00:00,O,Cerai Mati,"Jl. Kenanga No. 62, Denpasar Selatan",Denpasar,Bali,+62 898-5658-0095,maya.simanjuntak.95@example.invalid,Corporate Guarantee,26-Mar-2022,Ya,Aktif
PAT-MOCK-0000096,EMR-MOCK-0000096,MOCK-9773-19870429-0096,Citra Gunawan,Perempuan,1987-04-29 00:00:00,AB,Menikah,"Jl. Kenanga No. 173, Coblong",Bandung,Jawa Barat,+62 845-4457-0096,citra.halim.96@example.invalid,Asuransi Perusahaan,21-Mar-2021,Ya,Aktif
PAT-MOCK-0000097,EMR-MOCK-0000097,MOCK-6806-19701202-0097,Citra Pratama,Perempuan,1970-12-02 00:00:00,O,Menikah,"Jl. Kenanga No. 130, Kebayoran Baru",Jakarta Selatan,DKI Jakarta,+62 869-8947-0097,citra.gunawan.97@example.invalid,Asuransi Perusahaan,11-Feb-2026,Tidak,Aktif
PAT-MOCK-0000098,EMR-MOCK-0000098,MOCK-8412-20170425-0098,Amelia Halim,Perempuan,2017-04-25 00:00:00,O,Cerai Mati,"Jl. Rajawali No. 82, Kebayoran Baru",Jakarta Selatan,DKI Jakarta,+62 837-6553-0098,amelia.hartono.98@example.invalid,Asuransi Perusahaan,29-Sep-2021,Ya,Tidak Aktif
PAT-MOCK-0000099,EMR-MOCK-0000099,MOCK-9017-19770528-0099,Ahmad Nasution,Laki-laki,1977-05-28 00:00:00,O,Menikah,"Jl. Anggrek No. 53, Banyumanik",Semarang,Jawa Tengah,+62 849-3377-0099,ahmad.lesmana.99@example.invalid,BPJS Kesehatan,02-Jul-2019,Ya,Aktif
PAT-MOCK-0000100,EMR-MOCK-0000100,MOCK-7121-19611211-0100,Farhan Purnama,Laki-laki,1961-12-11 00:00:00,B,Menikah,"Jl. Cendana No. 147, Denpasar Selatan",Denpasar,Bali,+62 844-9253-0100,farhan.pratama.100@example.invalid,Asuransi Swasta,26-Oct-2025,Tidak,Aktif
PAT-MOCK-0000101,EMR-MOCK-0000101,MOCK-7685-19580425-0101,Bima Simanjuntak,Laki-laki,1958-04-25 00:00:00,A,Belum Menikah,"Jl. Rajawali No. 159, Ilir Barat I",Palembang,Sumatera Selatan,+62 871-3704-0101,bima.saputra.101@example.invalid,BPJS Kesehatan,28-Aug-2025,Tidak,Aktif
PAT-MOCK-0000102,EMR-MOCK-0000102,MOCK-1585-19690916-0102,Joko Utama,Laki-laki,1969-09-16 00:00:00,A,Cerai Hidup,"Jl. Anggrek No. 158, Karawaci",Tangerang,Banten,+62 838-6780-0102,joko.wijaya.102@example.invalid,Pribadi,21-Nov-2023,Tidak,Aktif
PAT-MOCK-0000103,EMR-MOCK-0000103,MOCK-9795-19590404-0103,Nadia Halim,Perempuan,1959-04-04 00:00:00,O,Menikah,"Jl. Dahlia No. 101, Medan Baru",Medan,Sumatera Utara,+62 892-5580-0103,nadia.santoso.103@example.invalid,BPJS Kesehatan,03-Jan-2019,Ya,Aktif
PAT-MOCK-0000104,EMR-MOCK-0000104,MOCK-8377-19671119-0104,Farhan Lesmana,Laki-laki,1967-11-19 00:00:00,B,Belum Menikah,"Jl. Dahlia No. 88, Serpong",Tangerang Selatan,Banten,+62 843-5961-0104,farhan.hidayat.104@example.invalid,Asuransi Perusahaan,24-Jan-2023,Ya,Aktif
PAT-MOCK-0000105,EMR-MOCK-0000105,MOCK-1184-20230601-0105,Bagas Gunawan,Laki-laki,2023-06-01 00:00:00,O,Cerai Hidup,"Jl. Flamboyan No. 113, Denpasar Selatan",Denpasar,Bali,+62 886-3645-0105,bagas.nugraha.105@example.invalid,BPJS Kesehatan,02-Jun-2023,Ya,Aktif
PAT-MOCK-0000106,EMR-MOCK-0000106,MOCK-2802-19501126-0106,Yoga Utama,Laki-laki,1950-11-26 00:00:00,A,Cerai Hidup,"Jl. Melati No. 84, Medan Baru",Medan,Sumatera Utara,+62 892-4378-0106,yoga.kusuma.106@example.invalid,Asuransi Swasta,22-Jan-2024,Ya,Aktif
PAT-MOCK-0000107,EMR-MOCK-0000107,MOCK-5956-19451118-0107,Hendra Utama,Laki-laki,1945-11-18 00:00:00,AB,Cerai Mati,"Jl. Rajawali No. 78, Karawaci",Tangerang,Banten,+62 878-1059-0107,hendra.setiawan.107@example.invalid,Asuransi Swasta,20-Jan-2025,Ya,Aktif
PAT-MOCK-0000108,EMR-MOCK-0000108,MOCK-7217-19520228-0108,Danu Lesmana,Laki-laki,1952-02-28 00:00:00,B,Cerai Mati,"Jl. Rajawali No. 124, Medan Baru",Medan,Sumatera Utara,+62 885-3712-0108,danu.permana.108@example.invalid,Corporate Guarantee,17-Jul-2018,Tidak,Aktif
PAT-MOCK-0000109,EMR-MOCK-0000109,MOCK-4189-19700619-0109,Raka Maulana,Laki-laki,1970-06-19 00:00:00,AB,Cerai Hidup,"Jl. Dahlia No. 64, Coblong",Bandung,Jawa Barat,+62 818-3690-0109,raka.ramadhan.109@example.invalid,Corporate Guarantee,08-Mar-2022,Ya,Aktif
PAT-MOCK-0000110,EMR-MOCK-0000110,MOCK-3073-19820208-0110,Maya Pratama,Perempuan,1982-02-08 00:00:00,Belum diperiksa,Cerai Mati,"Jl. Cemara No. 161, Beji",Depok,Jawa Barat,+62 813-7163-0110,maya.maulana.110@example.invalid,BPJS Kesehatan,14-Oct-2019,Tidak,Aktif
PAT-MOCK-0000111,EMR-MOCK-0000111,MOCK-5312-20230219-0111,Danu Hartono,Laki-laki,2023-02-19 00:00:00,A,Menikah,"Jl. Cemara No. 29, Beji",Depok,Jawa Barat,+62 819-7034-0111,danu.utama.111@example.invalid,Corporate Guarantee,14-Apr-2023,Tidak,Aktif
PAT-MOCK-0000112,EMR-MOCK-0000112,MOCK-1104-20170705-0112,Arya Halim,Laki-laki,2017-07-05 00:00:00,A,Cerai Hidup,"Jl. Mawar No. 163, Coblong",Bandung,Jawa Barat,+62 823-5028-0112,arya.purnama.112@example.invalid,Asuransi Swasta,26-Dec-2023,Ya,Aktif
PAT-MOCK-0000113,EMR-MOCK-0000113,MOCK-3411-19700610-0113,Bagas Hartono,Laki-laki,1970-06-10 00:00:00,A,Menikah,"Jl. Cemara No. 59, Panakkukang",Makassar,Sulawesi Selatan,+62 815-7027-0113,bagas.siregar.113@example.invalid,Pribadi,06-Jan-2023,Ya,Aktif
PAT-MOCK-0000114,EMR-MOCK-0000114,MOCK-4999-19571013-0114,Rizky Nugraha,Laki-laki,1957-10-13 00:00:00,A,Menikah,"Jl. Cendana No. 141, Bekasi Selatan",Bekasi,Jawa Barat,+62 874-4089-0114,rizky.nasution.114@example.invalid,Pribadi,02-Mar-2024,Ya,Aktif
PAT-MOCK-0000115,EMR-MOCK-0000115,MOCK-2340-19750402-0115,Yoga Ramadhan,Laki-laki,1975-04-02 00:00:00,A,Belum Menikah,"Jl. Mawar No. 83, Ilir Barat I",Palembang,Sumatera Selatan,+62 866-1386-0115,yoga.simanjuntak.115@example.invalid,Corporate Guarantee,02-Nov-2024,Ya,Aktif
PAT-MOCK-0000116,EMR-MOCK-0000116,MOCK-2075-19751116-0116,Danu Santoso,Laki-laki,1975-11-16 00:00:00,O,Menikah,"Jl. Merpati No. 170, Banyumanik",Semarang,Jawa Tengah,+62 821-5698-0116,danu.halim.116@example.invalid,Asuransi Perusahaan,09-Jan-2025,Tidak,Aktif
PAT-MOCK-0000117,EMR-MOCK-0000117,MOCK-7677-19920629-0117,Dimas Maulana,Laki-laki,1992-06-29 00:00:00,A,Cerai Hidup,"Jl. Flamboyan No. 39, Panakkukang",Makassar,Sulawesi Selatan,+62 849-7134-0117,dimas.gunawan.117@example.invalid,Corporate Guarantee,28-Jul-2021,Ya,Aktif
PAT-MOCK-0000118,EMR-MOCK-0000118,MOCK-4001-19460128-0118,Dewi Setiawan,Perempuan,1946-01-28 00:00:00,Belum diperiksa,Menikah,"Jl. Rajawali No. 71, Duren Sawit",Jakarta Timur,DKI Jakarta,+62 896-8201-0118,dewi.hartono.118@example.invalid,BPJS Kesehatan,04-Nov-2018,Tidak,Aktif
PAT-MOCK-0000119,EMR-MOCK-0000119,MOCK-5530-20220513-0119,Sari Ramadhan,Perempuan,2022-05-13 00:00:00,O,Belum Menikah,"Jl. Flamboyan No. 38, Duren Sawit",Jakarta Timur,DKI Jakarta,+62 844-2643-0119,sari.lesmana.119@example.invalid,Corporate Guarantee,14-May-2022,Ya,Aktif
PAT-MOCK-0000120,EMR-MOCK-0000120,MOCK-8873-20210225-0120,Dimas Utama,Laki-laki,2021-02-25 00:00:00,A,Menikah,"Jl. Merpati No. 133, Medan Baru",Medan,Sumatera Utara,+62 821-2895-0120,dimas.pratama.120@example.invalid,Asuransi Perusahaan,21-Sep-2024,Ya,Aktif
PAT-MOCK-0000121,EMR-MOCK-0000121,MOCK-7310-19650228-0121,Fajar Pratama,Laki-laki,1965-02-28 00:00:00,B,Belum Menikah,"Jl. Kenanga No. 165, Ilir Barat I",Palembang,Sumatera Selatan,+62 876-4857-0121,fajar.saputra.121@example.invalid,Asuransi Perusahaan,25-Sep-2020,Ya,Aktif
PAT-MOCK-0000122,EMR-MOCK-0000122,MOCK-8548-19830309-0122,Raka Ramadhan,Laki-laki,1983-03-09 00:00:00,O,Belum Menikah,"Jl. Anggrek No. 60, Bogor Tengah",Bogor,Jawa Barat,+62 885-1999-0122,raka.wijaya.122@example.invalid,Pribadi,14-Oct-2021,Ya,Aktif
PAT-MOCK-0000123,EMR-MOCK-0000123,MOCK-3693-20161209-0123,Aisyah Gunawan,Perempuan,2016-12-09 00:00:00,B,Cerai Mati,"Jl. Kenanga No. 24, Bekasi Selatan",Bekasi,Jawa Barat,+62 843-6001-0123,aisyah.santoso.123@example.invalid,Asuransi Swasta,16-Jun-2025,Ya,Aktif
PAT-MOCK-0000124,EMR-MOCK-0000124,MOCK-9349-19910804-0124,Farhan Pratama,Laki-laki,1991-08-04 00:00:00,B,Cerai Hidup,"Jl. Dahlia No. 34, Wonokromo",Surabaya,Jawa Timur,+62 877-1260-0124,farhan.hidayat.124@example.invalid,BPJS Kesehatan,11-Feb-2024,Ya,Aktif
PAT-MOCK-0000125,EMR-MOCK-0000125,MOCK-8904-20091027-0125,Galang Hidayat,Laki-laki,2009-10-27 00:00:00,B,Cerai Hidup,"Jl. Melati No. 144, Wonokromo",Surabaya,Jawa Timur,+62 898-7108-0125,galang.nugraha.125@example.invalid,Corporate Guarantee,15-Oct-2024,Ya,Aktif
PAT-MOCK-0000126,EMR-MOCK-0000126,MOCK-1534-19581008-0126,Arif Kusuma,Laki-laki,1958-10-08 00:00:00,A,Cerai Hidup,"Jl. Kenanga No. 167, Serpong",Tangerang Selatan,Banten,+62 813-2022-0126,arif.kusuma.126@example.invalid,Asuransi Perusahaan,14-Oct-2022,Ya,Aktif
PAT-MOCK-0000127,EMR-MOCK-0000127,MOCK-6978-19700110-0127,Farhan Kusuma,Laki-laki,1970-01-10 00:00:00,O,Belum Menikah,"Jl. Cemara No. 173, Serpong",Tangerang Selatan,Banten,+62 890-7505-0127,farhan.setiawan.127@example.invalid,Asuransi Swasta,01-Jun-2020,Ya,Aktif
PAT-MOCK-0000128,EMR-MOCK-0000128,MOCK-5380-19771030-0128,Dewi Utama,Perempuan,1977-10-30 00:00:00,B,Cerai Mati,"Jl. Mawar No. 112, Coblong",Bandung,Jawa Barat,+62 855-3039-0128,dewi.permana.128@example.invalid,Asuransi Swasta,16-Oct-2022,Ya,Aktif
PAT-MOCK-0000129,EMR-MOCK-0000129,MOCK-6703-19960409-0129,Kartika Lesmana,Perempuan,1996-04-09 00:00:00,O,Cerai Mati,"Jl. Merpati No. 34, Banyumanik",Semarang,Jawa Tengah,+62 888-6327-0129,kartika.ramadhan.129@example.invalid,Asuransi Swasta,19-Sep-2023,Ya,Aktif
PAT-MOCK-0000130,EMR-MOCK-0000130,MOCK-1380-20121115-0130,Aulia Purnama,Perempuan,2012-11-15 00:00:00,AB,Cerai Mati,"Jl. Anggrek No. 82, Beji",Depok,Jawa Barat,+62 831-2388-0130,aulia.maulana.130@example.invalid,Asuransi Swasta,28-Jun-2023,Ya,Aktif
PAT-MOCK-0000131,EMR-MOCK-0000131,MOCK-9896-19531110-0131,Anindya Lesmana,Perempuan,1953-11-10 00:00:00,A,Menikah,"Jl. Melati No. 148, Beji",Depok,Jawa Barat,+62 880-5496-0131,anindya.utama.131@example.invalid,BPJS Kesehatan,25-Mar-2023,Ya,Aktif
PAT-MOCK-0000132,EMR-MOCK-0000132,MOCK-6506-19731216-0132,Dewi Nugraha,Perempuan,1973-12-16 00:00:00,AB,Cerai Mati,"Jl. Cendana No. 9, Banyumanik",Semarang,Jawa Tengah,+62 869-2233-0132,dewi.purnama.132@example.invalid,Pribadi,08-Feb-2022,Ya,Aktif
PAT-MOCK-0000133,EMR-MOCK-0000133,MOCK-3835-19601123-0133,Joko Hartono,Laki-laki,1960-11-23 00:00:00,A,Cerai Hidup,"Jl. Melati No. 152, Denpasar Selatan",Denpasar,Bali,+62 896-8009-0133,joko.siregar.133@example.invalid,Asuransi Perusahaan,05-Feb-2026,Ya,Aktif
PAT-MOCK-0000134,EMR-MOCK-0000134,MOCK-6065-20001219-0134,Arif Utama,Laki-laki,2000-12-19 00:00:00,A,Belum Menikah,"Jl. Mawar No. 25, Beji",Depok,Jawa Barat,+62 828-8401-0134,arif.nasution.134@example.invalid,Asuransi Swasta,24-Nov-2022,Ya,Aktif
PAT-MOCK-0000135,EMR-MOCK-0000135,MOCK-3059-19491215-0135,Aulia Pratama,Perempuan,1949-12-15 00:00:00,O,Cerai Mati,"Jl. Cemara No. 152, Ilir Barat I",Palembang,Sumatera Selatan,+62 872-4109-0135,aulia.simanjuntak.135@example.invalid,Pribadi,08-Sep-2022,Tidak,Aktif
PAT-MOCK-0000136,EMR-MOCK-0000136,MOCK-6969-20020618-0136,Danu Ramadhan,Laki-laki,2002-06-18 00:00:00,O,Cerai Hidup,"Jl. Melati No. 136, Ilir Barat I",Palembang,Sumatera Selatan,+62 849-1014-0136,danu.halim.136@example.invalid,Asuransi Swasta,08-Feb-2025,Ya,Aktif
PAT-MOCK-0000137,EMR-MOCK-0000137,MOCK-9332-20220930-0137,Tiara Purnama,Perempuan,2022-09-30 00:00:00,B,Cerai Hidup,"Jl. Cemara No. 7, Banyumanik",Semarang,Jawa Tengah,+62 817-1411-0137,tiara.gunawan.137@example.invalid,Asuransi Perusahaan,01-Oct-2022,Ya,Aktif
PAT-MOCK-0000138,EMR-MOCK-0000138,MOCK-9969-19720528-0138,Fajar Hidayat,Laki-laki,1972-05-28 00:00:00,B,Belum Menikah,"Jl. Mawar No. 135, Banyumanik",Semarang,Jawa Tengah,+62 890-7449-0138,fajar.hartono.138@example.invalid,Pribadi,28-Dec-2024,Ya,Aktif
PAT-MOCK-0000139,EMR-MOCK-0000139,MOCK-5240-20021125-0139,Rani Simanjuntak,Perempuan,2002-11-25 00:00:00,O,Menikah,"Jl. Melati No. 167, Beji",Depok,Jawa Barat,+62 862-1115-0139,rani.lesmana.139@example.invalid,Corporate Guarantee,16-Jan-2025,Ya,Aktif
PAT-MOCK-0000140,EMR-MOCK-0000140,MOCK-2442-19460627-0140,Eko Gunawan,Laki-laki,1946-06-27 00:00:00,B,Menikah,"Jl. Mawar No. 90, Bogor Tengah",Bogor,Jawa Barat,+62 844-8196-0140,eko.pratama.140@example.invalid,BPJS Kesehatan,22-Oct-2022,Ya,Aktif
PAT-MOCK-0000141,EMR-MOCK-0000141,MOCK-6699-19710515-0141,Rani Kusuma,Perempuan,1971-05-15 00:00:00,O,Cerai Mati,"Jl. Cendana No. 152, Kebayoran Baru",Jakarta Selatan,DKI Jakarta,+62 821-5396-0141,rani.saputra.141@example.invalid,Pribadi,19-Sep-2019,Ya,Aktif
PAT-MOCK-0000142,EMR-MOCK-0000142,MOCK-1360-20160228-0142,Aisyah Santoso,Perempuan,2016-02-28 00:00:00,B,Menikah,"Jl. Cendana No. 176, Ilir Barat I",Palembang,Sumatera Selatan,+62 846-3576-0142,aisyah.wijaya.142@example.invalid,Asuransi Swasta,22-Nov-2018,Ya,Aktif
PAT-MOCK-0000143,EMR-MOCK-0000143,MOCK-4503-19450204-0143,Rani Santoso,Perempuan,1945-02-04 00:00:00,AB,Belum Menikah,"Jl. Anggrek No. 164, Duren Sawit",Jakarta Timur,DKI Jakarta,+62 828-5268-0143,rani.santoso.143@example.invalid,Asuransi Swasta,10-Apr-2023,Ya,Aktif
PAT-MOCK-0000144,EMR-MOCK-0000144,MOCK-1172-19721002-0144,Nabila Nugraha,Perempuan,1972-10-02 00:00:00,O,Menikah,"Jl. Cemara No. 111, Duren Sawit",Jakarta Timur,DKI Jakarta,+62 857-6284-0144,nabila.hidayat.144@example.invalid,Corporate Guarantee,05-Jun-2024,Tidak,Aktif
PAT-MOCK-0000145,EMR-MOCK-0000145,MOCK-1695-19900919-0145,Maya Santoso,Perempuan,1990-09-19 00:00:00,B,Cerai Mati,"Jl. Cendana No. 89, Karawaci",Tangerang,Banten,+62 865-2154-0145,maya.nugraha.145@example.invalid,BPJS Kesehatan,14-Dec-2018,Ya,Aktif
PAT-MOCK-0000146,EMR-MOCK-0000146,MOCK-9036-19610208-0146,Fitri Maulana,Perempuan,1961-02-08 00:00:00,A,Belum Menikah,"Jl. Cemara No. 170, Ilir Barat I",Palembang,Sumatera Selatan,+62 833-1405-0146,fitri.kusuma.146@example.invalid,Pribadi,08-Dec-2022,Ya,Aktif
PAT-MOCK-0000147,EMR-MOCK-0000147,MOCK-8998-19580806-0147,Amelia Lesmana,Perempuan,1958-08-06 00:00:00,O,Cerai Hidup,"Jl. Flamboyan No. 159, Panakkukang",Makassar,Sulawesi Selatan,+62 876-2134-0147,amelia.setiawan.147@example.invalid,Asuransi Swasta,10-Jul-2019,Ya,Aktif
PAT-MOCK-0000148,EMR-MOCK-0000148,MOCK-9626-20130602-0148,Aisyah Hartono,Perempuan,2013-06-02 00:00:00,B,Belum Menikah,"Jl. Melati No. 167, Duren Sawit",Jakarta Timur,DKI Jakarta,+62 894-8093-0148,aisyah.permana.148@example.invalid,Asuransi Swasta,23-Jun-2022,Ya,Aktif
PAT-MOCK-0000149,EMR-MOCK-0000149,MOCK-8477-19790522-0149,Putri Saputra,Perempuan,1979-05-22 00:00:00,O,Belum Menikah,"Jl. Rajawali No. 63, Denpasar Selatan",Denpasar,Bali,+62 857-8581-0149,putri.ramadhan.149@example.invalid,Asuransi Perusahaan,06-Feb-2018,Ya,Aktif
PAT-MOCK-0000150,EMR-MOCK-0000150,MOCK-1419-19500816-0150,Rani Setiawan,Perempuan,1950-08-16 00:00:00,B,Cerai Hidup,"Jl. Rajawali No. 24, Karawaci",Tangerang,Banten,+62 811-3428-0150,rani.maulana.150@example.invalid,Corporate Guarantee,19-Aug-2026,Ya,Aktif
PAT-MOCK-0000151,EMR-MOCK-0000151,MOCK-1892-20110407-0151,Putri Purnama,Perempuan,2011-04-07 00:00:00,O,Menikah,"Jl. Anggrek No. 50, Medan Baru",Medan,Sumatera Utara,+62 820-2788-0151,putri.utama.151@example.invalid,BPJS Kesehatan,20-May-2022,Tidak,Aktif
PAT-MOCK-0000152,EMR-MOCK-0000152,MOCK-3903-19940731-0152,Andi Siregar,Laki-laki,1994-07-31 00:00:00,A,Cerai Hidup,"Jl. Cemara No. 65, Ilir Barat I",Palembang,Sumatera Selatan,+62 811-4897-0152,andi.purnama.152@example.invalid,Asuransi Swasta,03-Dec-2019,Ya,Aktif
PAT-MOCK-0000153,EMR-MOCK-0000153,MOCK-6615-20170410-0153,Lestari Nugraha,Perempuan,2017-04-10 00:00:00,B,Cerai Mati,"Jl. Anggrek No. 169, Wonokromo",Surabaya,Jawa Timur,+62 861-4771-0153,lestari.siregar.153@example.invalid,BPJS Kesehatan,15-Feb-2024,Tidak,Aktif
PAT-MOCK-0000154,EMR-MOCK-0000154,MOCK-6786-20180820-0154,Citra Wijaya,Perempuan,2018-08-20 00:00:00,B,Cerai Mati,"Jl. Anggrek No. 93, Medan Baru",Medan,Sumatera Utara,+62 816-5889-0154,citra.nasution.154@example.invalid,Pribadi,23-Oct-2023,Ya,Aktif
PAT-MOCK-0000155,EMR-MOCK-0000155,MOCK-4073-20051020-0155,Raka Gunawan,Laki-laki,2005-10-20 00:00:00,O,Belum Menikah,"Jl. Cemara No. 141, Karawaci",Tangerang,Banten,+62 863-9580-0155,raka.simanjuntak.155@example.invalid,Corporate Guarantee,25-Aug-2025,Tidak,Aktif
PAT-MOCK-0000156,EMR-MOCK-0000156,MOCK-6020-19951102-0156,Intan Kusuma,Perempuan,1995-11-02 00:00:00,B,Belum Menikah,"Jl. Merpati No. 81, Beji",Depok,Jawa Barat,+62 841-9000-0156,intan.halim.156@example.invalid,Pribadi,06-May-2021,Ya,Aktif
PAT-MOCK-0000157,EMR-MOCK-0000157,MOCK-6263-19731016-0157,Hendra Saputra,Laki-laki,1973-10-16 00:00:00,A,Menikah,"Jl. Cemara No. 163, Karawaci",Tangerang,Banten,+62 869-7581-0157,hendra.gunawan.157@example.invalid,Asuransi Swasta,04-Jun-2021,Ya,Aktif
PAT-MOCK-0000158,EMR-MOCK-0000158,MOCK-5676-20010505-0158,Dinda Maulana,Perempuan,2001-05-05 00:00:00,B,Menikah,"Jl. Kenanga No. 124, Bogor Tengah",Bogor,Jawa Barat,+62 847-2211-0158,dinda.hartono.158@example.invalid,Asuransi Swasta,10-Mar-2022,Tidak,Aktif
PAT-MOCK-0000159,EMR-MOCK-0000159,MOCK-5491-20071208-0159,Rani Nugraha,Perempuan,2007-12-08 00:00:00,O,Belum Menikah,"Jl. Flamboyan No. 72, Beji",Depok,Jawa Barat,+62 865-5975-0159,rani.lesmana.159@example.invalid,Corporate Guarantee,02-Jan-2019,Tidak,Aktif
PAT-MOCK-0000160,EMR-MOCK-0000160,MOCK-1884-19571127-0160,Ahmad Simanjuntak,Laki-laki,1957-11-27 00:00:00,B,Menikah,"Jl. Kenanga No. 115, Medan Baru",Medan,Sumatera Utara,+62 854-6104-0160,ahmad.pratama.160@example.invalid,Asuransi Perusahaan,24-Oct-2023,Ya,Aktif
PAT-MOCK-0000161,EMR-MOCK-0000161,MOCK-5803-19600523-0161,Nabila Utama,Perempuan,1960-05-23 00:00:00,O,Menikah,"Jl. Rajawali No. 102, Ilir Barat I",Palembang,Sumatera Selatan,+62 883-2681-0161,nabila.saputra.161@example.invalid,Asuransi Perusahaan,05-May-2023,Ya,Aktif
PAT-MOCK-0000162,EMR-MOCK-0000162,MOCK-6982-20111107-0162,Nabila Purnama,Perempuan,2011-11-07 00:00:00,A,Cerai Hidup,"Jl. Cendana No. 72, Coblong",Bandung,Jawa Barat,+62 896-3513-0162,nabila.wijaya.162@example.invalid,Asuransi Swasta,09-Feb-2019,Tidak,Aktif
PAT-MOCK-0000163,EMR-MOCK-0000163,MOCK-5140-19950206-0163,Raka Ramadhan,Laki-laki,1995-02-06 00:00:00,O,Cerai Hidup,"Jl. Kenanga No. 93, Medan Baru",Medan,Sumatera Utara,+62 898-1210-0163,raka.santoso.163@example.invalid,Asuransi Perusahaan,14-Aug-2018,Tidak,Aktif
PAT-MOCK-0000164,EMR-MOCK-0000164,MOCK-8498-19941121-0164,Nadia Gunawan,Perempuan,1994-11-21 00:00:00,A,Menikah,"Jl. Kenanga No. 109, Ilir Barat I",Palembang,Sumatera Selatan,+62 876-4616-0164,nadia.hidayat.164@example.invalid,BPJS Kesehatan,27-Jun-2026,Tidak,Aktif
PAT-MOCK-0000165,EMR-MOCK-0000165,MOCK-6277-19651026-0165,Dinda Hidayat,Perempuan,1965-10-26 00:00:00,O,Menikah,"Jl. Cendana No. 81, Karawaci",Tangerang,Banten,+62 822-6601-0165,dinda.nugraha.165@example.invalid,Pribadi,05-Apr-2025,Ya,Aktif
PAT-MOCK-0000166,EMR-MOCK-0000166,MOCK-1821-20220922-0166,Anindya Kusuma,Perempuan,2022-09-22 00:00:00,B,Cerai Hidup,"Jl. Anggrek No. 109, Medan Baru",Medan,Sumatera Utara,+62 866-9118-0166,anindya.kusuma.166@example.invalid,BPJS Kesehatan,24-Feb-2023,Tidak,Aktif
PAT-MOCK-0000167,EMR-MOCK-0000167,MOCK-5904-19860308-0167,Fajar Hidayat,Laki-laki,1986-03-08 00:00:00,O,Cerai Hidup,"Jl. Cemara No. 136, Medan Baru",Medan,Sumatera Utara,+62 848-9145-0167,fajar.setiawan.167@example.invalid,Corporate Guarantee,04-Mar-2026,Ya,Aktif
PAT-MOCK-0000168,EMR-MOCK-0000168,MOCK-8730-19681204-0168,Galang Gunawan,Laki-laki,1968-12-04 00:00:00,Belum diperiksa,Belum Menikah,"Jl. Mawar No. 40, Ilir Barat I",Palembang,Sumatera Selatan,+62 875-6924-0168,galang.permana.168@example.invalid,Corporate Guarantee,12-Jun-2021,Ya,Aktif
PAT-MOCK-0000169,EMR-MOCK-0000169,MOCK-6472-20140413-0169,Citra Lesmana,Perempuan,2014-04-13 00:00:00,B,Cerai Hidup,"Jl. Dahlia No. 100, Wonokromo",Surabaya,Jawa Timur,+62 830-5586-0169,citra.ramadhan.169@example.invalid,Pribadi,12-Feb-2022,Ya,Aktif
PAT-MOCK-0000170,EMR-MOCK-0000170,MOCK-5535-20050212-0170,Fajar Saputra,Laki-laki,2005-02-12 00:00:00,O,Menikah,"Jl. Anggrek No. 126, Panakkukang",Makassar,Sulawesi Selatan,+62 851-8897-0170,fajar.maulana.170@example.invalid,BPJS Kesehatan,22-May-2019,Ya,Aktif
PAT-MOCK-0000171,EMR-MOCK-0000171,MOCK-8018-19630525-0171,Rani Utama,Perempuan,1963-05-25 00:00:00,B,Belum Menikah,"Jl. Flamboyan No. 124, Duren Sawit",Jakarta Timur,DKI Jakarta,+62 885-8778-0171,rani.utama.171@example.invalid,Corporate Guarantee,19-May-2022,Tidak,Aktif
PAT-MOCK-0000172,EMR-MOCK-0000172,MOCK-4978-20211116-0172,Kartika Purnama,Perempuan,2021-11-16 00:00:00,AB,Cerai Hidup,"Jl. Flamboyan No. 37, Wonokromo",Surabaya,Jawa Timur,+62 810-6156-0172,kartika.purnama.172@example.invalid,BPJS Kesehatan,17-Nov-2021,Ya,Aktif
PAT-MOCK-0000173,EMR-MOCK-0000173,MOCK-5091-19450826-0173,Fajar Halim,Laki-laki,1945-08-26 00:00:00,A,Menikah,"Jl. Merpati No. 6, Denpasar Selatan",Denpasar,Bali,+62 868-5757-0173,fajar.siregar.173@example.invalid,Pribadi,05-Jul-2024,Ya,Aktif
PAT-MOCK-0000174,EMR-MOCK-0000174,MOCK-2442-20060911-0174,Rizky Gunawan,Laki-laki,2006-09-11 00:00:00,O,Cerai Hidup,"Jl. Mawar No. 6, Ilir Barat I",Palembang,Sumatera Selatan,+62 873-3152-0174,rizky.nasution.174@example.invalid,Asuransi Swasta,11-Oct-2023,Ya,Aktif
PAT-MOCK-0000175,EMR-MOCK-0000175,MOCK-8891-20160510-0175,Anindya Purnama,Perempuan,2016-05-10 00:00:00,B,Cerai Mati,"Jl. Flamboyan No. 166, Coblong",Bandung,Jawa Barat,+62 850-4374-0175,anindya.simanjuntak.175@example.invalid,Corporate Guarantee,02-Jun-2025,Ya,Aktif
PAT-MOCK-0000176,EMR-MOCK-0000176,MOCK-4328-19590615-0176,Putri Kusuma,Perempuan,1959-06-15 00:00:00,A,Cerai Mati,"Jl. Dahlia No. 153, Panakkukang",Makassar,Sulawesi Selatan,+62 816-2435-0176,putri.halim.176@example.invalid,Asuransi Swasta,19-May-2019,Ya,Aktif
PAT-MOCK-0000177,EMR-MOCK-0000177,MOCK-1921-19591113-0177,Irfan Purnama,Laki-laki,1959-11-13 00:00:00,O,Menikah,"Jl. Mawar No. 180, Bogor Tengah",Bogor,Jawa Barat,+62 818-5878-0177,irfan.gunawan.177@example.invalid,Corporate Guarantee,31-Jul-2022,Ya,Aktif
PAT-MOCK-0000178,EMR-MOCK-0000178,MOCK-6413-19580507-0178,Aulia Halim,Perempuan,1958-05-07 00:00:00,A,Belum Menikah,"Jl. Mawar No. 102, Banyumanik",Semarang,Jawa Tengah,+62 811-4556-0178,aulia.hartono.178@example.invalid,BPJS Kesehatan,11-Jan-2021,Ya,Aktif
PAT-MOCK-0000179,EMR-MOCK-0000179,MOCK-7512-19460927-0179,Ahmad Siregar,Laki-laki,1946-09-27 00:00:00,O,Menikah,"Jl. Anggrek No. 174, Bogor Tengah",Bogor,Jawa Barat,+62 812-7730-0179,ahmad.lesmana.179@example.invalid,BPJS Kesehatan,17-Aug-2020,Ya,Aktif
PAT-MOCK-0000180,EMR-MOCK-0000180,MOCK-1115-19580111-0180,Nabila Hartono,Perempuan,1958-01-11 00:00:00,O,Cerai Hidup,"Jl. Cendana No. 125, Kebayoran Baru",Jakarta Selatan,DKI Jakarta,+62 876-2971-0180,nabila.pratama.180@example.invalid,Corporate Guarantee,28-Sep-2022,Tidak,Aktif
PAT-MOCK-0000181,EMR-MOCK-0000181,MOCK-3429-20041001-0181,Raka Wijaya,Laki-laki,2004-10-01 00:00:00,O,Cerai Mati,"Jl. Cemara No. 84, Karawaci",Tangerang,Banten,+62 841-2418-0181,raka.saputra.181@example.invalid,Asuransi Perusahaan,30-Apr-2024,Ya,Aktif
PAT-MOCK-0000182,EMR-MOCK-0000182,MOCK-4886-19941025-0182,Sari Simanjuntak,Perempuan,1994-10-25 00:00:00,A,Cerai Mati,"Jl. Melati No. 174, Beji",Depok,Jawa Barat,+62 840-4203-0182,sari.wijaya.182@example.invalid,Pribadi,27-Mar-2025,Ya,Aktif
PAT-MOCK-0000183,EMR-MOCK-0000183,MOCK-3401-19891221-0183,Dimas Siregar,Laki-laki,1989-12-21 00:00:00,O,Cerai Hidup,"Jl. Mawar No. 3, Serpong",Tangerang Selatan,Banten,+62 817-9274-0183,dimas.santoso.183@example.invalid,Asuransi Swasta,24-Sep-2021,Ya,Aktif
PAT-MOCK-0000184,EMR-MOCK-0000184,MOCK-9691-20040707-0184,Tiara Hartono,Perempuan,2004-07-07 00:00:00,A,Cerai Mati,"Jl. Cemara No. 142, Kebayoran Baru",Jakarta Selatan,DKI Jakarta,+62 898-5832-0184,tiara.hidayat.184@example.invalid,BPJS Kesehatan,20-Sep-2023,Ya,Aktif
PAT-MOCK-0000185,EMR-MOCK-0000185,MOCK-5591-19851216-0185,Yoga Setiawan,Laki-laki,1985-12-16 00:00:00,B,Menikah,"Jl. Cendana No. 28, Beji",Depok,Jawa Barat,+62 829-4950-0185,yoga.nugraha.185@example.invalid,Pribadi,06-Dec-2019,Ya,Aktif
PAT-MOCK-0000186,EMR-MOCK-0000186,MOCK-4626-19831101-0186,Sekar Purnama,Perempuan,1983-11-01 00:00:00,B,Cerai Hidup,"Jl. Merpati No. 105, Banyumanik",Semarang,Jawa Tengah,+62 891-6366-0186,sekar.kusuma.186@example.invalid,Asuransi Swasta,25-Aug-2025,Ya,Aktif
PAT-MOCK-0000187,EMR-MOCK-0000187,MOCK-9076-19841122-0187,Intan Hartono,Perempuan,1984-11-22 00:00:00,O,Menikah,"Jl. Kenanga No. 96, Karawaci",Tangerang,Banten,+62 815-7907-0187,intan.setiawan.187@example.invalid,Asuransi Perusahaan,12-Apr-2024,Tidak,Aktif
PAT-MOCK-0000188,EMR-MOCK-0000188,MOCK-3048-20210711-0188,Anindya Hidayat,Perempuan,2021-07-11 00:00:00,AB,Belum Menikah,"Jl. Mawar No. 66, Ilir Barat I",Palembang,Sumatera Selatan,+62 819-4253-0188,anindya.permana.188@example.invalid,Asuransi Perusahaan,20-Aug-2026,Ya,Aktif
PAT-MOCK-0000189,EMR-MOCK-0000189,MOCK-5963-19630517-0189,Nadia Kusuma,Perempuan,1963-05-17 00:00:00,A,Cerai Mati,"Jl. Merpati No. 151, Coblong",Bandung,Jawa Barat,+62 860-5204-0189,nadia.ramadhan.189@example.invalid,Asuransi Perusahaan,29-Aug-2022,Ya,Aktif
PAT-MOCK-0000190,EMR-MOCK-0000190,MOCK-4649-19850703-0190,Intan Pratama,Perempuan,1985-07-03 00:00:00,Belum diperiksa,Belum Menikah,"Jl. Melati No. 69, Panakkukang",Makassar,Sulawesi Selatan,+62 872-9290-0190,intan.maulana.190@example.invalid,Pribadi,02-Aug-2018,Ya,Aktif
PAT-MOCK-0000191,EMR-MOCK-0000191,MOCK-3680-19520506-0191,Hendra Gunawan,Laki-laki,1952-05-06 00:00:00,O,Menikah,"Jl. Kenanga No. 30, Denpasar Selatan",Denpasar,Bali,+62 834-9299-0191,hendra.utama.191@example.invalid,Asuransi Perusahaan,11-Aug-2025,Tidak,Aktif
PAT-MOCK-0000192,EMR-MOCK-0000192,MOCK-2266-19610117-0192,Farhan Siregar,Laki-laki,1961-01-17 00:00:00,O,Menikah,"Jl. Anggrek No. 171, Denpasar Selatan",Denpasar,Bali,+62 894-6432-0192,farhan.purnama.192@example.invalid,Asuransi Perusahaan,02-Mar-2025,Tidak,Aktif
PAT-MOCK-0000193,EMR-MOCK-0000193,MOCK-5184-20110210-0193,Rani Gunawan,Perempuan,2011-02-10 00:00:00,AB,Menikah,"Jl. Rajawali No. 151, Wonokromo",Surabaya,Jawa Timur,+62 854-2375-0193,rani.siregar.193@example.invalid,Pribadi,21-Jul-2019,Ya,Aktif
PAT-MOCK-0000194,EMR-MOCK-0000194,MOCK-3801-19580103-0194,Sekar Ramadhan,Perempuan,1958-01-03 00:00:00,O,Menikah,"Jl. Melati No. 176, Panakkukang",Makassar,Sulawesi Selatan,+62 883-4772-0194,sekar.nasution.194@example.invalid,Asuransi Swasta,28-Jun-2026,Ya,Aktif
PAT-MOCK-0000195,EMR-MOCK-0000195,MOCK-4472-20180314-0195,Yoga Maulana,Laki-laki,2018-03-14 00:00:00,O,Cerai Mati,"Jl. Flamboyan No. 134, Medan Baru",Medan,Sumatera Utara,+62 835-9975-0195,yoga.simanjuntak.195@example.invalid,Pribadi,28-Sep-2018,Tidak,Aktif
PAT-MOCK-0000196,EMR-MOCK-0000196,MOCK-8364-20031225-0196,Kartika Setiawan,Perempuan,2003-12-25 00:00:00,A,Cerai Mati,"Jl. Mawar No. 1, Beji",Depok,Jawa Barat,+62 849-9521-0196,kartika.halim.196@example.invalid,Pribadi,05-Oct-2019,Ya,Aktif
PAT-MOCK-0000197,EMR-MOCK-0000197,MOCK-3548-19980527-0197,Yoga Santoso,Laki-laki,1998-05-27 00:00:00,O,Cerai Mati,"Jl. Melati No. 170, Kebon Jeruk",Jakarta Barat,DKI Jakarta,+62 847-1871-0197,yoga.gunawan.197@example.invalid,Corporate Guarantee,03-May-2019,Ya,Aktif
PAT-MOCK-0000198,EMR-MOCK-0000198,MOCK-6292-20170315-0198,Ahmad Purnama,Laki-laki,2017-03-15 00:00:00,A,Belum Menikah,"Jl. Mawar No. 87, Coblong",Bandung,Jawa Barat,+62 898-8961-0198,ahmad.hartono.198@example.invalid,BPJS Kesehatan,02-Oct-2020,Ya,Aktif
PAT-MOCK-0000199,EMR-MOCK-0000199,MOCK-9722-19850904-0199,Aisyah Utama,Perempuan,1985-09-04 00:00:00,O,Menikah,"Jl. Merpati No. 5, Bogor Tengah",Bogor,Jawa Barat,+62 842-8023-0199,aisyah.lesmana.199@example.invalid,Asuransi Swasta,17-Mar-2025,Ya,Aktif
PAT-MOCK-0000200,EMR-MOCK-0000200,MOCK-2812-19930314-0200,Ahmad Hidayat,Laki-laki,1993-03-14 00:00:00,O,Cerai Mati,"Jl. Dahlia No. 132, Serpong",Tangerang Selatan,Banten,+62 838-1843-0200,ahmad.pratama.200@example.invalid,BPJS Kesehatan,09-Feb-2025,Ya,Aktif
PAT-MOCK-0000201,EMR-MOCK-0000201,MOCK-9164-20230107-0201,Lestari Halim,Perempuan,2023-01-07 00:00:00,O,Cerai Hidup,"Jl. Kenanga No. 64, Ilir Barat I",Palembang,Sumatera Selatan,+62 878-7654-0201,lestari.saputra.201@example.invalid,Asuransi Perusahaan,08-Jan-2023,Ya,Aktif
PAT-MOCK-0000202,EMR-MOCK-0000202,MOCK-1187-19570130-0202,Raka Gunawan,Laki-laki,1957-01-30 00:00:00,AB,Cerai Mati,"Jl. Cendana No. 106, Ilir Barat I",Palembang,Sumatera Selatan,+62 864-4616-0202,raka.wijaya.202@example.invalid,BPJS Kesehatan,21-Jan-2026,Ya,Aktif
PAT-MOCK-0000203,EMR-MOCK-0000203,MOCK-2007-19590501-0203,Fitri Purnama,Perempuan,1959-05-01 00:00:00,B,Menikah,"Jl. Rajawali No. 24, Banyumanik",Semarang,Jawa Tengah,+62 877-5632-0203,fitri.santoso.203@example.invalid,Corporate Guarantee,29-Oct-2025,Tidak,Aktif
PAT-MOCK-0000204,EMR-MOCK-0000204,MOCK-5246-19840421-0204,Ahmad Ramadhan,Laki-laki,1984-04-21 00:00:00,B,Cerai Mati,"Jl. Cendana No. 105, Bekasi Selatan",Bekasi,Jawa Barat,+62 876-3689-0204,ahmad.hidayat.204@example.invalid,Asuransi Perusahaan,11-Jan-2021,Ya,Aktif
PAT-MOCK-0000205,EMR-MOCK-0000205,MOCK-8705-20140618-0205,Aulia Simanjuntak,Perempuan,2014-06-18 00:00:00,O,Cerai Mati,"Jl. Anggrek No. 144, Banyumanik",Semarang,Jawa Tengah,+62 883-9822-0205,aulia.nugraha.205@example.invalid,Asuransi Perusahaan,10-Aug-2021,Tidak,Aktif
PAT-MOCK-0000206,EMR-MOCK-0000206,MOCK-1528-19770907-0206,Raka Halim,Laki-laki,1977-09-07 00:00:00,B,Cerai Hidup,"Jl. Melati No. 173, Kebayoran Baru",Jakarta Selatan,DKI Jakarta,+62 850-4608-0206,raka.kusuma.206@example.invalid,Corporate Guarantee,28-Jan-2023,Ya,Aktif
PAT-MOCK-0000207,EMR-MOCK-0000207,MOCK-2560-19960128-0207,Aditya Siregar,Laki-laki,1996-01-28 00:00:00,B,Menikah,"Jl. Merpati No. 128, Coblong",Bandung,Jawa Barat,+62 850-5752-0207,aditya.setiawan.207@example.invalid,Asuransi Swasta,04-Jun-2019,Ya,Aktif
PAT-MOCK-0000208,EMR-MOCK-0000208,MOCK-4397-19750316-0208,Rani Setiawan,Perempuan,1975-03-16 00:00:00,O,Cerai Mati,"Jl. Melati No. 115, Panakkukang",Makassar,Sulawesi Selatan,+62 876-3198-0208,rani.permana.208@example.invalid,Corporate Guarantee,01-Feb-2023,Ya,Aktif
PAT-MOCK-0000209,EMR-MOCK-0000209,MOCK-1162-19990804-0209,Tiara Wijaya,Perempuan,1999-08-04 00:00:00,Belum diperiksa,Menikah,"Jl. Cemara No. 68, Ilir Barat I",Palembang,Sumatera Selatan,+62 816-7189-0209,tiara.ramadhan.209@example.invalid,BPJS Kesehatan,31-May-2020,Ya,Aktif
PAT-MOCK-0000210,EMR-MOCK-0000210,MOCK-7497-19830809-0210,Lestari Lesmana,Perempuan,1983-08-09 00:00:00,O,Belum Menikah,"Jl. Merpati No. 46, Medan Baru",Medan,Sumatera Utara,+62 824-3195-0210,lestari.maulana.210@example.invalid,Asuransi Swasta,01-Oct-2023,Ya,Aktif
PAT-MOCK-0000211,EMR-MOCK-0000211,MOCK-3693-19851105-0211,Irfan Halim,Laki-laki,1985-11-05 00:00:00,B,Cerai Mati,"Jl. Anggrek No. 17, Kebayoran Baru",Jakarta Selatan,DKI Jakarta,+62 835-1178-0211,irfan.utama.211@example.invalid,Asuransi Swasta,24-Mar-2024,Ya,Aktif
PAT-MOCK-0000212,EMR-MOCK-0000212,MOCK-6539-19590329-0212,Lestari Lesmana,Perempuan,1959-03-29 00:00:00,B,Menikah,"Jl. Kenanga No. 49, Bekasi Selatan",Bekasi,Jawa Barat,+62 841-5916-0212,lestari.purnama.212@example.invalid,Pribadi,26-Jul-2024,Tidak,Aktif
PAT-MOCK-0000213,EMR-MOCK-0000213,MOCK-3516-20080207-0213,Dimas Kusuma,Laki-laki,2008-02-07 00:00:00,B,Belum Menikah,"Jl. Melati No. 14, Kebayoran Baru",Jakarta Selatan,DKI Jakarta,+62 865-7406-0213,dimas.siregar.213@example.invalid,Corporate Guarantee,09-Feb-2019,Ya,Aktif
PAT-MOCK-0000214,EMR-MOCK-0000214,MOCK-7241-20231026-0214,Citra Maulana,Perempuan,2023-10-26 00:00:00,AB,Cerai Hidup,"Jl. Merpati No. 172, Kebayoran Baru",Jakarta Selatan,DKI Jakarta,+62 811-8153-0214,citra.nasution.214@example.invalid,Asuransi Perusahaan,27-Oct-2023,Ya,Tidak Aktif
PAT-MOCK-0000215,EMR-MOCK-0000215,MOCK-8112-19730718-0215,Anindya Lesmana,Perempuan,1973-07-18 00:00:00,B,Cerai Hidup,"Jl. Mawar No. 95, Bekasi Selatan",Bekasi,Jawa Barat,+62 844-1774-0215,anindya.simanjuntak.215@example.invalid,Asuransi Perusahaan,22-Jul-2018,Tidak,Aktif
PAT-MOCK-0000216,EMR-MOCK-0000216,MOCK-1545-20070615-0216,Rangga Utama,Laki-laki,2007-06-15 00:00:00,B,Cerai Mati,"Jl. Kenanga No. 18, Karawaci",Tangerang,Banten,+62 817-6800-0216,rangga.halim.216@example.invalid,Asuransi Perusahaan,09-Aug-2018,Tidak,Aktif
PAT-MOCK-0000217,EMR-MOCK-0000217,MOCK-2264-19830616-0217,Amelia Lesmana,Perempuan,1983-06-16 00:00:00,Belum diperiksa,Cerai Hidup,"Jl. Merpati No. 97, Kebayoran Baru",Jakarta Selatan,DKI Jakarta,+62 820-2584-0217,amelia.gunawan.217@example.invalid,Asuransi Perusahaan,04-Feb-2019,Ya,Aktif
PAT-MOCK-0000218,EMR-MOCK-0000218,MOCK-7190-20160909-0218,Irfan Maulana,Laki-laki,2016-09-09 00:00:00,AB,Cerai Mati,"Jl. Flamboyan No. 8, Bogor Tengah",Bogor,Jawa Barat,+62 848-1203-0218,irfan.hartono.218@example.invalid,Asuransi Swasta,04-Feb-2023,Tidak,Aktif
PAT-MOCK-0000219,EMR-MOCK-0000219,MOCK-9755-19740518-0219,Wulan Nugraha,Perempuan,1974-05-18 00:00:00,O,Belum Menikah,"Jl. Anggrek No. 2, Bogor Tengah",Bogor,Jawa Barat,+62 896-9716-0219,wulan.lesmana.219@example.invalid,BPJS Kesehatan,12-Dec-2019,Ya,Aktif
PAT-MOCK-0000220,EMR-MOCK-0000220,MOCK-4536-19470730-0220,Dinda Permana,Perempuan,1947-07-30 00:00:00,Belum diperiksa,Cerai Mati,"Jl. Cendana No. 76, Wonokromo",Surabaya,Jawa Timur,+62 820-5581-0220,dinda.pratama.220@example.invalid,BPJS Kesehatan,06-Jan-2022,Ya,Aktif
PAT-MOCK-0000221,EMR-MOCK-0000221,MOCK-2046-19810703-0221,Danu Hidayat,Laki-laki,1981-07-03 00:00:00,B,Menikah,"Jl. Melati No. 149, Panakkukang",Makassar,Sulawesi Selatan,+62 871-4905-0221,danu.saputra.221@example.invalid,Pribadi,13-Feb-2022,Ya,Aktif
PAT-MOCK-0000222,EMR-MOCK-0000222,MOCK-6290-19870922-0222,Kartika Pratama,Perempuan,1987-09-22 00:00:00,A,Belum Menikah,"Jl. Dahlia No. 84, Banyumanik",Semarang,Jawa Tengah,+62 835-7891-0222,kartika.wijaya.222@example.invalid,Pribadi,18-Sep-2024,Tidak,Aktif
PAT-MOCK-0000223,EMR-MOCK-0000223,MOCK-4349-19620816-0223,Citra Lesmana,Perempuan,1962-08-16 00:00:00,A,Menikah,"Jl. Anggrek No. 153, Banyumanik",Semarang,Jawa Tengah,+62 898-8546-0223,citra.santoso.223@example.invalid,Pribadi,30-Mar-2024,Ya,Aktif
PAT-MOCK-0000224,EMR-MOCK-0000224,MOCK-5649-19571126-0224,Rani Utama,Perempuan,1957-11-26 00:00:00,AB,Cerai Hidup,"Jl. Anggrek No. 34, Wonokromo",Surabaya,Jawa Timur,+62 862-2205-0224,rani.hidayat.224@example.invalid,Pribadi,07-Jan-2024,Ya,Aktif
PAT-MOCK-0000225,EMR-MOCK-0000225,MOCK-9424-19580110-0225,Dimas Permana,Laki-laki,1958-01-10 00:00:00,A,Belum Menikah,"Jl. Flamboyan No. 58, Beji",Depok,Jawa Barat,+62 830-7294-0225,dimas.nugraha.225@example.invalid,Corporate Guarantee,16-Mar-2022,Ya,Aktif
PAT-MOCK-0000226,EMR-MOCK-0000226,MOCK-5409-19920101-0226,Maya Hartono,Perempuan,1992-01-01 00:00:00,B,Menikah,"Jl. Rajawali No. 141, Medan Baru",Medan,Sumatera Utara,+62 845-3132-0226,maya.kusuma.226@example.invalid,Asuransi Swasta,18-Jul-2025,Ya,Aktif
PAT-MOCK-0000227,EMR-MOCK-0000227,MOCK-3203-19870919-0227,Eko Pratama,Laki-laki,1987-09-19 00:00:00,B,Belum Menikah,"Jl. Rajawali No. 149, Banyumanik",Semarang,Jawa Tengah,+62 859-8309-0227,eko.setiawan.227@example.invalid,Asuransi Swasta,26-May-2021,Ya,Aktif
PAT-MOCK-0000228,EMR-MOCK-0000228,MOCK-7173-19460806-0228,Bima Setiawan,Laki-laki,1946-08-06 00:00:00,O,Cerai Hidup,"Jl. Melati No. 83, Kebon Jeruk",Jakarta Barat,DKI Jakarta,+62 855-6988-0228,bima.permana.228@example.invalid,BPJS Kesehatan,20-Nov-2021,Tidak,Aktif
PAT-MOCK-0000229,EMR-MOCK-0000229,MOCK-4510-19500108-0229,Wulan Utama,Perempuan,1950-01-08 00:00:00,A,Cerai Mati,"Jl. Rajawali No. 10, Medan Baru",Medan,Sumatera Utara,+62 862-1240-0229,wulan.ramadhan.229@example.invalid,Pribadi,27-Feb-2021,Ya,Aktif
PAT-MOCK-0000230,EMR-MOCK-0000230,MOCK-5328-20130410-0230,Tiara Halim,Perempuan,2013-04-10 00:00:00,A,Cerai Mati,"Jl. Flamboyan No. 177, Kebayoran Baru",Jakarta Selatan,DKI Jakarta,+62 844-3849-0230,tiara.maulana.230@example.invalid,BPJS Kesehatan,18-Mar-2020,Tidak,Aktif
PAT-MOCK-0000231,EMR-MOCK-0000231,MOCK-5768-19970522-0231,Rizky Setiawan,Laki-laki,1997-05-22 00:00:00,O,Cerai Mati,"Jl. Cendana No. 84, Denpasar Selatan",Denpasar,Bali,+62 838-6351-0231,rizky.utama.231@example.invalid,Corporate Guarantee,01-Feb-2024,Ya,Aktif
PAT-MOCK-0000232,EMR-MOCK-0000232,MOCK-8242-19920802-0232,Kartika Nasution,Perempuan,1992-08-02 00:00:00,A,Cerai Hidup,"Jl. Merpati No. 93, Kebon Jeruk",Jakarta Barat,DKI Jakarta,+62 853-8542-0232,kartika.purnama.232@example.invalid,Pribadi,13-Dec-2023,Ya,Tidak Aktif
PAT-MOCK-0000233,EMR-MOCK-0000233,MOCK-2987-19710301-0233,Nabila Santoso,Perempuan,1971-03-01 00:00:00,B,Cerai Hidup,"Jl. Rajawali No. 113, Denpasar Selatan",Denpasar,Bali,+62 884-4793-0233,nabila.siregar.233@example.invalid,Corporate Guarantee,23-Jul-2021,Ya,Aktif
PAT-MOCK-0000234,EMR-MOCK-0000234,MOCK-6984-19720317-0234,Dinda Santoso,Perempuan,1972-03-17 00:00:00,O,Menikah,"Jl. Anggrek No. 87, Kebayoran Baru",Jakarta Selatan,DKI Jakarta,+62 828-3202-0234,dinda.nasution.234@example.invalid,Corporate Guarantee,15-Nov-2024,Ya,Aktif
PAT-MOCK-0000235,EMR-MOCK-0000235,MOCK-4342-19550726-0235,Lestari Pratama,Perempuan,1955-07-26 00:00:00,A,Cerai Hidup,"Jl. Dahlia No. 66, Serpong",Tangerang Selatan,Banten,+62 877-6009-0235,lestari.simanjuntak.235@example.invalid,Corporate Guarantee,24-Dec-2018,Ya,Aktif
PAT-MOCK-0000236,EMR-MOCK-0000236,MOCK-8573-19810324-0236,Rani Saputra,Perempuan,1981-03-24 00:00:00,B,Cerai Mati,"Jl. Melati No. 69, Kebon Jeruk",Jakarta Barat,DKI Jakarta,+62 848-3460-0236,rani.halim.236@example.invalid,Asuransi Perusahaan,10-Apr-2023,Ya,Aktif
PAT-MOCK-0000237,EMR-MOCK-0000237,MOCK-4027-19630502-0237,Fitri Ramadhan,Perempuan,1963-05-02 00:00:00,A,Menikah,"Jl. Dahlia No. 171, Wonokromo",Surabaya,Jawa Timur,+62 856-2135-0237,fitri.gunawan.237@example.invalid,Pribadi,30-Dec-2018,Ya,Aktif
PAT-MOCK-0000238,EMR-MOCK-0000238,MOCK-8978-19571030-0238,Bagas Nasution,Laki-laki,1957-10-30 00:00:00,A,Cerai Mati,"Jl. Cemara No. 54, Wonokromo",Surabaya,Jawa Timur,+62 839-1054-0238,bagas.hartono.238@example.invalid,Asuransi Swasta,29-Mar-2020,Ya,Aktif
PAT-MOCK-0000239,EMR-MOCK-0000239,MOCK-3024-19701205-0239,Wulan Nugraha,Perempuan,1970-12-05 00:00:00,O,Belum Menikah,"Jl. Cendana No. 15, Denpasar Selatan",Denpasar,Bali,+62 816-6520-0239,wulan.lesmana.239@example.invalid,Pribadi,15-Aug-2025,Ya,Aktif
PAT-MOCK-0000240,EMR-MOCK-0000240,MOCK-6707-20120209-0240,Fitri Pratama,Perempuan,2012-02-09 00:00:00,A,Belum Menikah,"Jl. Anggrek No. 64, Karawaci",Tangerang,Banten,+62 879-1374-0240,fitri.pratama.240@example.invalid,BPJS Kesehatan,20-Sep-2024,Tidak,Aktif
PAT-MOCK-0000241,EMR-MOCK-0000241,MOCK-5318-19660909-0241,Rani Kusuma,Perempuan,1966-09-09 00:00:00,AB,Cerai Mati,"Jl. Mawar No. 128, Beji",Depok,Jawa Barat,+62 860-8397-0241,rani.saputra.241@example.invalid,Corporate Guarantee,17-May-2021,Tidak,Aktif
PAT-MOCK-0000242,EMR-MOCK-0000242,MOCK-3185-19660625-0242,Farhan Permana,Laki-laki,1966-06-25 00:00:00,B,Cerai Mati,"Jl. Rajawali No. 45, Coblong",Bandung,Jawa Barat,+62 842-4450-0242,farhan.wijaya.242@example.invalid,Asuransi Swasta,04-Jun-2022,Ya,Aktif
PAT-MOCK-0000243,EMR-MOCK-0000243,MOCK-7280-19720904-0243,Rani Siregar,Perempuan,1972-09-04 00:00:00,A,Cerai Mati,"Jl. Dahlia No. 66, Denpasar Selatan",Denpasar,Bali,+62 887-7466-0243,rani.santoso.243@example.invalid,BPJS Kesehatan,31-Aug-2025,Tidak,Aktif
PAT-MOCK-0000244,EMR-MOCK-0000244,MOCK-7806-19690824-0244,Eko Kusuma,Laki-laki,1969-08-24 00:00:00,O,Belum Menikah,"Jl. Rajawali No. 80, Medan Baru",Medan,Sumatera Utara,+62 890-3664-0244,eko.hidayat.244@example.invalid,BPJS Kesehatan,15-Sep-2018,Ya,Aktif
PAT-MOCK-0000245,EMR-MOCK-0000245,MOCK-3696-19980212-0245,Eko Hartono,Laki-laki,1998-02-12 00:00:00,O,Belum Menikah,"Jl. Rajawali No. 158, Bogor Tengah",Bogor,Jawa Barat,+62 893-6547-0245,eko.nugraha.245@example.invalid,BPJS Kesehatan,30-Oct-2025,Ya,Aktif
PAT-MOCK-0000246,EMR-MOCK-0000246,MOCK-4663-19781001-0246,Ahmad Permana,Laki-laki,1978-10-01 00:00:00,AB,Cerai Hidup,"Jl. Cemara No. 35, Kebayoran Baru",Jakarta Selatan,DKI Jakarta,+62 834-3017-0246,ahmad.kusuma.246@example.invalid,Corporate Guarantee,08-Dec-2022,Tidak,Aktif
PAT-MOCK-0000247,EMR-MOCK-0000247,MOCK-3927-19830705-0247,Farhan Hartono,Laki-laki,1983-07-05 00:00:00,A,Belum Menikah,"Jl. Merpati No. 130, Wonokromo",Surabaya,Jawa Timur,+62 817-3710-0247,farhan.setiawan.247@example.invalid,Asuransi Swasta,28-Sep-2018,Ya,Aktif
PAT-MOCK-0000248,EMR-MOCK-0000248,MOCK-2054-19790215-0248,Wulan Santoso,Perempuan,1979-02-15 00:00:00,O,Menikah,"Jl. Mawar No. 180, Kebon Jeruk",Jakarta Barat,DKI Jakarta,+62 888-2002-0248,wulan.permana.248@example.invalid,Asuransi Perusahaan,16-Jul-2019,Ya,Aktif
PAT-MOCK-0000249,EMR-MOCK-0000249,MOCK-3766-20110531-0249,Dinda Simanjuntak,Perempuan,2011-05-31 00:00:00,Belum diperiksa,Cerai Mati,"Jl. Melati No. 164, Coblong",Bandung,Jawa Barat,+62 875-3299-0249,dinda.ramadhan.249@example.invalid,Corporate Guarantee,26-Sep-2025,Ya,Aktif
PAT-MOCK-0000250,EMR-MOCK-0000250,MOCK-7157-19740922-0250,Arif Simanjuntak,Laki-laki,1974-09-22 00:00:00,O,Cerai Mati,"Jl. Dahlia No. 158, Beji",Depok,Jawa Barat,+62 896-4716-0250,arif.maulana.250@example.invalid,Pribadi,03-Dec-2020,Ya,Aktif
PAT-MOCK-0000251,EMR-MOCK-0000251,MOCK-5830-19940928-0251,Tiara Purnama,Perempuan,1994-09-28 00:00:00,AB,Menikah,"Jl. Cendana No. 106, Karawaci",Tangerang,Banten,+62 822-1318-0251,tiara.utama.251@example.invalid,Asuransi Swasta,16-Aug-2023,Ya,Aktif
PAT-MOCK-0000252,EMR-MOCK-0000252,MOCK-4246-20140225-0252,Arya Maulana,Laki-laki,2014-02-25 00:00:00,B,Menikah,"Jl. Kenanga No. 145, Medan Baru",Medan,Sumatera Utara,+62 878-3101-0252,arya.purnama.252@example.invalid,Asuransi Perusahaan,06-Aug-2021,Ya,Tidak Aktif
PAT-MOCK-0000253,EMR-MOCK-0000253,MOCK-2556-19751031-0253,Yoga Purnama,Laki-laki,1975-10-31 00:00:00,O,Cerai Hidup,"Jl. Flamboyan No. 155, Panakkukang",Makassar,Sulawesi Selatan,+62 897-7830-0253,yoga.siregar.253@example.invalid,Pribadi,17-Dec-2021,Ya,Aktif
PAT-MOCK-0000254,EMR-MOCK-0000254,MOCK-9689-19750122-0254,Arif Pratama,Laki-laki,1975-01-22 00:00:00,O,Belum Menikah,"Jl. Cemara No. 103, Bogor Tengah",Bogor,Jawa Barat,+62 851-2954-0254,arif.nasution.254@example.invalid,Pribadi,24-Nov-2024,Ya,Aktif
PAT-MOCK-0000255,EMR-MOCK-0000255,MOCK-2055-19470405-0255,Eko Utama,Laki-laki,1947-04-05 00:00:00,O,Cerai Mati,"Jl. Dahlia No. 97, Duren Sawit",Jakarta Timur,DKI Jakarta,+62 890-8553-0255,eko.simanjuntak.255@example.invalid,Corporate Guarantee,02-Feb-2023,Ya,Aktif
PAT-MOCK-0000256,EMR-MOCK-0000256,MOCK-4646-20161231-0256,Kartika Saputra,Perempuan,2016-12-31 00:00:00,B,Cerai Mati,"Jl. Mawar No. 69, Bogor Tengah",Bogor,Jawa Barat,+62 878-6590-0256,kartika.halim.256@example.invalid,Pribadi,21-Jul-2024,Tidak,Aktif
PAT-MOCK-0000257,EMR-MOCK-0000257,MOCK-6845-19661029-0257,Fajar Hartono,Laki-laki,1966-10-29 00:00:00,Belum diperiksa,Cerai Mati,"Jl. Flamboyan No. 32, Panakkukang",Makassar,Sulawesi Selatan,+62 867-5128-0257,fajar.gunawan.257@example.invalid,Pribadi,28-Jul-2021,Tidak,Aktif
PAT-MOCK-0000258,EMR-MOCK-0000258,MOCK-7410-19741012-0258,Lestari Pratama,Perempuan,1974-10-12 00:00:00,O,Belum Menikah,"Jl. Flamboyan No. 144, Denpasar Selatan",Denpasar,Bali,+62 876-8532-0258,lestari.hartono.258@example.invalid,BPJS Kesehatan,11-Dec-2024,Ya,Aktif
PAT-MOCK-0000259,EMR-MOCK-0000259,MOCK-1933-19590920-0259,Aisyah Pratama,Perempuan,1959-09-20 00:00:00,O,Menikah,"Jl. Melati No. 99, Kebon Jeruk",Jakarta Barat,DKI Jakarta,+62 870-9764-0259,aisyah.lesmana.259@example.invalid,Asuransi Swasta,09-Sep-2022,Ya,Aktif
PAT-MOCK-0000260,EMR-MOCK-0000260,MOCK-4721-20031203-0260,Fitri Halim,Perempuan,2003-12-03 00:00:00,B,Belum Menikah,"Jl. Mawar No. 143, Banyumanik",Semarang,Jawa Tengah,+62 830-7836-0260,fitri.pratama.260@example.invalid,Asuransi Perusahaan,17-Jul-2018,Tidak,Aktif
PAT-MOCK-0000261,EMR-MOCK-0000261,MOCK-9907-20041214-0261,Irfan Simanjuntak,Laki-laki,2004-12-14 00:00:00,O,Cerai Mati,"Jl. Anggrek No. 175, Serpong",Tangerang Selatan,Banten,+62 888-4943-0261,irfan.saputra.261@example.invalid,Pribadi,19-May-2018,Ya,Aktif
PAT-MOCK-0000262,EMR-MOCK-0000262,MOCK-5344-19921226-0262,Bima Wijaya,Laki-laki,1992-12-26 00:00:00,O,Menikah,"Jl. Dahlia No. 98, Duren Sawit",Jakarta Timur,DKI Jakarta,+62 854-7884-0262,bima.wijaya.262@example.invalid,Asuransi Perusahaan,07-May-2018,Ya,Aktif
PAT-MOCK-0000263,EMR-MOCK-0000263,MOCK-6557-19571018-0263,Aulia Nasution,Perempuan,1957-10-18 00:00:00,O,Belum Menikah,"Jl. Mawar No. 81, Ilir Barat I",Palembang,Sumatera Selatan,+62 885-1577-0263,aulia.santoso.263@example.invalid,BPJS Kesehatan,27-May-2025,Ya,Aktif
PAT-MOCK-0000264,EMR-MOCK-0000264,MOCK-4278-19451001-0264,Arif Siregar,Laki-laki,1945-10-01 00:00:00,AB,Belum Menikah,"Jl. Cemara No. 96, Bogor Tengah",Bogor,Jawa Barat,+62 869-9137-0264,arif.hidayat.264@example.invalid,BPJS Kesehatan,12-Feb-2018,Tidak,Aktif
PAT-MOCK-0000265,EMR-MOCK-0000265,MOCK-5374-20220417-0265,Rangga Maulana,Laki-laki,2022-04-17 00:00:00,O,Cerai Mati,"Jl. Anggrek No. 39, Bekasi Selatan",Bekasi,Jawa Barat,+62 862-8828-0265,rangga.nugraha.265@example.invalid,BPJS Kesehatan,18-Apr-2022,Ya,Aktif
PAT-MOCK-0000266,EMR-MOCK-0000266,MOCK-8076-20151124-0266,Andi Nugraha,Laki-laki,2015-11-24 00:00:00,A,Cerai Hidup,"Jl. Melati No. 65, Ilir Barat I",Palembang,Sumatera Selatan,+62 832-5119-0266,andi.kusuma.266@example.invalid,Asuransi Swasta,11-Oct-2024,Ya,Aktif
PAT-MOCK-0000267,EMR-MOCK-0000267,MOCK-1771-20140311-0267,Aditya Kusuma,Laki-laki,2014-03-11 00:00:00,AB,Belum Menikah,"Jl. Merpati No. 135, Banyumanik",Semarang,Jawa Tengah,+62 833-4799-0267,aditya.setiawan.267@example.invalid,Corporate Guarantee,25-Mar-2020,Tidak,Aktif
PAT-MOCK-0000268,EMR-MOCK-0000268,MOCK-4321-19991106-0268,Hendra Simanjuntak,Laki-laki,1999-11-06 00:00:00,O,Cerai Hidup,"Jl. Mawar No. 11, Beji",Depok,Jawa Barat,+62 825-8770-0268,hendra.permana.268@example.invalid,BPJS Kesehatan,05-Apr-2025,Ya,Aktif
PAT-MOCK-0000269,EMR-MOCK-0000269,MOCK-4982-20060831-0269,Kartika Hartono,Perempuan,2006-08-31 00:00:00,O,Belum Menikah,"Jl. Cemara No. 23, Wonokromo",Surabaya,Jawa Timur,+62 892-5218-0269,kartika.ramadhan.269@example.invalid,Corporate Guarantee,04-Oct-2024,Ya,Aktif
PAT-MOCK-0000270,EMR-MOCK-0000270,MOCK-8736-20090303-0270,Farhan Setiawan,Laki-laki,2009-03-03 00:00:00,O,Cerai Hidup,"Jl. Anggrek No. 126, Bekasi Selatan",Bekasi,Jawa Barat,+62 838-6755-0270,farhan.maulana.270@example.invalid,Asuransi Swasta,05-Nov-2021,Ya,Aktif
PAT-MOCK-0000271,EMR-MOCK-0000271,MOCK-5351-20110205-0271,Tiara Purnama,Perempuan,2011-02-05 00:00:00,AB,Cerai Mati,"Jl. Merpati No. 40, Panakkukang",Makassar,Sulawesi Selatan,+62 878-9810-0271,tiara.utama.271@example.invalid,Corporate Guarantee,21-Aug-2022,Ya,Tidak Aktif
PAT-MOCK-0000272,EMR-MOCK-0000272,MOCK-7557-19960214-0272,Putri Utama,Perempuan,1996-02-14 00:00:00,O,Belum Menikah,"Jl. Rajawali No. 167, Ilir Barat I",Palembang,Sumatera Selatan,+62 859-6179-0272,putri.purnama.272@example.invalid,BPJS Kesehatan,19-Nov-2025,Ya,Aktif
PAT-MOCK-0000273,EMR-MOCK-0000273,MOCK-9036-20230718-0273,Aditya Maulana,Laki-laki,2023-07-18 00:00:00,Belum diperiksa,Belum Menikah,"Jl. Rajawali No. 63, Ilir Barat I",Palembang,Sumatera Selatan,+62 853-8360-0273,aditya.siregar.273@example.invalid,Corporate Guarantee,08-Jun-2024,Tidak,Aktif
PAT-MOCK-0000274,EMR-MOCK-0000274,MOCK-2977-19980410-0274,Fajar Nugraha,Laki-laki,1998-04-10 00:00:00,A,Cerai Mati,"Jl. Mawar No. 143, Kebon Jeruk",Jakarta Barat,DKI Jakarta,+62 853-5265-0274,fajar.nasution.274@example.invalid,Asuransi Swasta,03-May-2026,Ya,Aktif
PAT-MOCK-0000275,EMR-MOCK-0000275,MOCK-2865-19681002-0275,Yoga Gunawan,Laki-laki,1968-10-02 00:00:00,B,Menikah,"Jl. Merpati No. 63, Banyumanik",Semarang,Jawa Tengah,+62 837-4621-0275,yoga.simanjuntak.275@example.invalid,Asuransi Perusahaan,25-Jul-2021,Tidak,Aktif
PAT-MOCK-0000276,EMR-MOCK-0000276,MOCK-9099-19991028-0276,Aisyah Lesmana,Perempuan,1999-10-28 00:00:00,A,Belum Menikah,"Jl. Mawar No. 2, Kebon Jeruk",Jakarta Barat,DKI Jakarta,+62 888-9372-0276,aisyah.halim.276@example.invalid,Corporate Guarantee,03-Nov-2018,Ya,Aktif
PAT-MOCK-0000277,EMR-MOCK-0000277,MOCK-9068-20151015-0277,Rani Santoso,Perempuan,2015-10-15 00:00:00,O,Menikah,"Jl. Melati No. 164, Panakkukang",Makassar,Sulawesi Selatan,+62 891-8592-0277,rani.gunawan.277@example.invalid,Pribadi,07-Mar-2023,Ya,Aktif
PAT-MOCK-0000278,EMR-MOCK-0000278,MOCK-4283-19530906-0278,Citra Maulana,Perempuan,1953-09-06 00:00:00,O,Cerai Mati,"Jl. Mawar No. 177, Wonokromo",Surabaya,Jawa Timur,+62 846-7441-0278,citra.hartono.278@example.invalid,Asuransi Swasta,07-Jul-2024,Tidak,Aktif
PAT-MOCK-0000279,EMR-MOCK-0000279,MOCK-3330-19561011-0279,Aulia Hartono,Perempuan,1956-10-11 00:00:00,A,Menikah,"Jl. Flamboyan No. 132, Banyumanik",Semarang,Jawa Tengah,+62 883-3556-0279,aulia.lesmana.279@example.invalid,Asuransi Perusahaan,29-Oct-2020,Ya,Aktif
PAT-MOCK-0000280,EMR-MOCK-0000280,MOCK-6746-19801212-0280,Citra Permana,Perempuan,1980-12-12 00:00:00,AB,Menikah,"Jl. Merpati No. 112, Serpong",Tangerang Selatan,Banten,+62 860-8890-0280,citra.pratama.280@example.invalid,Corporate Guarantee,15-Feb-2022,Tidak,Tidak Aktif
PAT-MOCK-0000281,EMR-MOCK-0000281,MOCK-1390-19810713-0281,Nadia Purnama,Perempuan,1981-07-13 00:00:00,B,Belum Menikah,"Jl. Rajawali No. 59, Kebayoran Baru",Jakarta Selatan,DKI Jakarta,+62 883-7532-0281,nadia.saputra.281@example.invalid,Corporate Guarantee,24-Nov-2024,Ya,Aktif
PAT-MOCK-0000282,EMR-MOCK-0000282,MOCK-5972-19680424-0282,Hendra Setiawan,Laki-laki,1968-04-24 00:00:00,A,Cerai Mati,"Jl. Melati No. 125, Serpong",Tangerang Selatan,Banten,+62 871-9111-0282,hendra.wijaya.282@example.invalid,Asuransi Swasta,19-Jan-2021,Tidak,Aktif
PAT-MOCK-0000283,EMR-MOCK-0000283,MOCK-4771-20180318-0283,Fajar Halim,Laki-laki,2018-03-18 00:00:00,B,Menikah,"Jl. Cemara No. 131, Bogor Tengah",Bogor,Jawa Barat,+62 812-1751-0283,fajar.santoso.283@example.invalid,Asuransi Perusahaan,02-Feb-2026,Tidak,Aktif
PAT-MOCK-0000284,EMR-MOCK-0000284,MOCK-8864-19860226-0284,Anindya Purnama,Perempuan,1986-02-26 00:00:00,AB,Cerai Hidup,"Jl. Anggrek No. 75, Beji",Depok,Jawa Barat,+62 810-7170-0284,anindya.hidayat.284@example.invalid,Asuransi Perusahaan,27-Jul-2023,Tidak,Aktif
PAT-MOCK-0000285,EMR-MOCK-0000285,MOCK-8014-19880619-0285,Amelia Nugraha,Perempuan,1988-06-19 00:00:00,A,Menikah,"Jl. Rajawali No. 145, Banyumanik",Semarang,Jawa Tengah,+62 846-8037-0285,amelia.nugraha.285@example.invalid,Corporate Guarantee,13-Mar-2022,Ya,Aktif
PAT-MOCK-0000286,EMR-MOCK-0000286,MOCK-1906-19721114-0286,Citra Maulana,Perempuan,1972-11-14 00:00:00,A,Menikah,"Jl. Melati No. 168, Beji",Depok,Jawa Barat,+62 834-1836-0286,citra.kusuma.286@example.invalid,Pribadi,16-Sep-2020,Ya,Aktif
PAT-MOCK-0000287,EMR-MOCK-0000287,MOCK-9734-20151028-0287,Dinda Nugraha,Perempuan,2015-10-28 00:00:00,O,Cerai Mati,"Jl. Cemara No. 21, Ilir Barat I",Palembang,Sumatera Selatan,+62 840-6996-0287,dinda.setiawan.287@example.invalid,Asuransi Perusahaan,02-Feb-2019,Ya,Aktif
PAT-MOCK-0000288,EMR-MOCK-0000288,MOCK-6906-19760319-0288,Eko Santoso,Laki-laki,1976-03-19 00:00:00,A,Menikah,"Jl. Kenanga No. 126, Bogor Tengah",Bogor,Jawa Barat,+62 855-8487-0288,eko.permana.288@example.invalid,Corporate Guarantee,07-Jun-2020,Ya,Aktif
PAT-MOCK-0000289,EMR-MOCK-0000289,MOCK-7894-19480120-0289,Irfan Hartono,Laki-laki,1948-01-20 00:00:00,O,Cerai Mati,"Jl. Cemara No. 11, Denpasar Selatan",Denpasar,Bali,+62 843-1874-0289,irfan.ramadhan.289@example.invalid,BPJS Kesehatan,14-Feb-2022,Ya,Aktif
PAT-MOCK-0000290,EMR-MOCK-0000290,MOCK-6210-20091104-0290,Lestari Nugraha,Perempuan,2009-11-04 00:00:00,A,Cerai Hidup,"Jl. Mawar No. 12, Bekasi Selatan",Bekasi,Jawa Barat,+62 834-4033-0290,lestari.maulana.290@example.invalid,Asuransi Perusahaan,07-Nov-2024,Tidak,Aktif
PAT-MOCK-0000291,EMR-MOCK-0000291,MOCK-1348-19880910-0291,Joko Lesmana,Laki-laki,1988-09-10 00:00:00,B,Belum Menikah,"Jl. Melati No. 128, Ilir Barat I",Palembang,Sumatera Selatan,+62 844-4307-0291,joko.utama.291@example.invalid,Asuransi Swasta,04-Dec-2025,Ya,Aktif
PAT-MOCK-0000292,EMR-MOCK-0000292,MOCK-5662-19880212-0292,Raka Setiawan,Laki-laki,1988-02-12 00:00:00,A,Cerai Hidup,"Jl. Kenanga No. 132, Karawaci",Tangerang,Banten,+62 830-1721-0292,raka.purnama.292@example.invalid,BPJS Kesehatan,20-Dec-2024,Ya,Aktif
PAT-MOCK-0000293,EMR-MOCK-0000293,MOCK-6997-19870825-0293,Fitri Maulana,Perempuan,1987-08-25 00:00:00,O,Belum Menikah,"Jl. Cemara No. 37, Bekasi Selatan",Bekasi,Jawa Barat,+62 859-6752-0293,fitri.siregar.293@example.invalid,Asuransi Perusahaan,30-Dec-2025,Ya,Aktif
PAT-MOCK-0000294,EMR-MOCK-0000294,MOCK-7603-19761125-0294,Farhan Hartono,Laki-laki,1976-11-25 00:00:00,B,Menikah,"Jl. Kenanga No. 20, Wonokromo",Surabaya,Jawa Timur,+62 826-6268-0294,farhan.nasution.294@example.invalid,Asuransi Perusahaan,21-Jan-2023,Ya,Aktif
PAT-MOCK-0000295,EMR-MOCK-0000295,MOCK-3298-19870716-0295,Aulia Setiawan,Perempuan,1987-07-16 00:00:00,AB,Belum Menikah,"Jl. Cendana No. 72, Kebon Jeruk",Jakarta Barat,DKI Jakarta,+62 878-8190-0295,aulia.simanjuntak.295@example.invalid,Asuransi Perusahaan,21-Apr-2019,Ya,Aktif
PAT-MOCK-0000296,EMR-MOCK-0000296,MOCK-8716-19780301-0296,Danu Simanjuntak,Laki-laki,1978-03-01 00:00:00,AB,Menikah,"Jl. Mawar No. 164, Karawaci",Tangerang,Banten,+62 883-4523-0296,danu.halim.296@example.invalid,Asuransi Perusahaan,04-Mar-2021,Ya,Aktif
PAT-MOCK-0000297,EMR-MOCK-0000297,MOCK-7210-19480505-0297,Putri Halim,Perempuan,1948-05-05 00:00:00,A,Belum Menikah,"Jl. Dahlia No. 32, Beji",Depok,Jawa Barat,+62 855-3076-0297,putri.gunawan.297@example.invalid,BPJS Kesehatan,22-Aug-2019,Tidak,Aktif
PAT-MOCK-0000298,EMR-MOCK-0000298,MOCK-4124-19920518-0298,Nadia Permana,Perempuan,1992-05-18 00:00:00,O,Cerai Hidup,"Jl. Merpati No. 167, Medan Baru",Medan,Sumatera Utara,+62 879-7837-0298,nadia.hartono.298@example.invalid,Pribadi,16-Jul-2026,Ya,Aktif
PAT-MOCK-0000299,EMR-MOCK-0000299,MOCK-1945-19830305-0299,Rizky Setiawan,Laki-laki,1983-03-05 00:00:00,A,Menikah,"Jl. Kenanga No. 56, Karawaci",Tangerang,Banten,+62 879-7746-0299,rizky.lesmana.299@example.invalid,Corporate Guarantee,08-Dec-2024,Ya,Aktif
PAT-MOCK-0000300,EMR-MOCK-0000300,MOCK-5156-19760513-0300,Aulia Permana,Perempuan,1976-05-13 00:00:00,O,Menikah,"Jl. Merpati No. 28, Ilir Barat I",Palembang,Sumatera Selatan,+62 815-1986-0300,aulia.pratama.300@example.invalid,Pribadi,17-Dec-2021,Ya,Aktif
PAT-MOCK-0000301,EMR-MOCK-0000301,MOCK-9653-19530319-0301,Kartika Hartono,Perempuan,1953-03-19 00:00:00,O,Belum Menikah,"Jl. Kenanga No. 152, Denpasar Selatan",Denpasar,Bali,+62 816-5990-0301,kartika.saputra.301@example.invalid,BPJS Kesehatan,11-Mar-2024,Ya,Aktif
PAT-MOCK-0000302,EMR-MOCK-0000302,MOCK-6836-19870503-0302,Rizky Siregar,Laki-laki,1987-05-03 00:00:00,A,Menikah,"Jl. Flamboyan No. 7, Kebon Jeruk",Jakarta Barat,DKI Jakarta,+62 845-5216-0302,rizky.wijaya.302@example.invalid,BPJS Kesehatan,11-Mar-2026,Ya,Aktif
PAT-MOCK-0000303,EMR-MOCK-0000303,MOCK-2702-20041116-0303,Fitri Siregar,Perempuan,2004-11-16 00:00:00,O,Belum Menikah,"Jl. Cemara No. 64, Panakkukang",Makassar,Sulawesi Selatan,+62 815-5455-0303,fitri.santoso.303@example.invalid,Pribadi,29-May-2025,Tidak,Aktif
PAT-MOCK-0000304,EMR-MOCK-0000304,MOCK-3632-19741214-0304,Arif Hidayat,Laki-laki,1974-12-14 00:00:00,AB,Belum Menikah,"Jl. Merpati No. 52, Banyumanik",Semarang,Jawa Tengah,+62 854-5345-0304,arif.hidayat.304@example.invalid,Pribadi,27-Aug-2020,Ya,Aktif
PAT-MOCK-0000305,EMR-MOCK-0000305,MOCK-8781-20120809-0305,Amelia Ramadhan,Perempuan,2012-08-09 00:00:00,B,Cerai Mati,"Jl. Rajawali No. 63, Bogor Tengah",Bogor,Jawa Barat,+62 888-4548-0305,amelia.nugraha.305@example.invalid,Pribadi,02-Feb-2026,Ya,Aktif
PAT-MOCK-0000306,EMR-MOCK-0000306,MOCK-4558-19581219-0306,Dewi Wijaya,Perempuan,1958-12-19 00:00:00,B,Cerai Mati,"Jl. Melati No. 93, Medan Baru",Medan,Sumatera Utara,+62 869-5930-0306,dewi.kusuma.306@example.invalid,Corporate Guarantee,06-Feb-2019,Ya,Aktif
PAT-MOCK-0000307,EMR-MOCK-0000307,MOCK-3060-19970110-0307,Ahmad Hartono,Laki-laki,1997-01-10 00:00:00,B,Cerai Mati,"Jl. Cendana No. 65, Bekasi Selatan",Bekasi,Jawa Barat,+62 817-7766-0307,ahmad.setiawan.307@example.invalid,Asuransi Swasta,22-Jan-2018,Ya,Aktif
PAT-MOCK-0000308,EMR-MOCK-0000308,MOCK-9714-19760929-0308,Irfan Wijaya,Laki-laki,1976-09-29 00:00:00,B,Belum Menikah,"Jl. Dahlia No. 146, Kebayoran Baru",Jakarta Selatan,DKI Jakarta,+62 825-3202-0308,irfan.permana.308@example.invalid,Asuransi Perusahaan,28-Sep-2019,Ya,Aktif
PAT-MOCK-0000309,EMR-MOCK-0000309,MOCK-5495-19490916-0309,Nadia Siregar,Perempuan,1949-09-16 00:00:00,A,Belum Menikah,"Jl. Dahlia No. 112, Denpasar Selatan",Denpasar,Bali,+62 894-7808-0309,nadia.ramadhan.309@example.invalid,Pribadi,12-Feb-2022,Tidak,Aktif
PAT-MOCK-0000310,EMR-MOCK-0000310,MOCK-7355-19461205-0310,Farhan Halim,Laki-laki,1946-12-05 00:00:00,A,Cerai Mati,"Jl. Rajawali No. 69, Serpong",Tangerang Selatan,Banten,+62 850-3987-0310,farhan.maulana.310@example.invalid,Pribadi,29-Aug-2022,Tidak,Aktif
PAT-MOCK-0000311,EMR-MOCK-0000311,MOCK-8529-19600201-0311,Kartika Nasution,Perempuan,1960-02-01 00:00:00,O,Belum Menikah,"Jl. Kenanga No. 132, Banyumanik",Semarang,Jawa Tengah,+62 865-6814-0311,kartika.utama.311@example.invalid,Asuransi Swasta,01-Jul-2023,Ya,Aktif
PAT-MOCK-0000312,EMR-MOCK-0000312,MOCK-6399-20071010-0312,Kartika Hidayat,Perempuan,2007-10-10 00:00:00,AB,Belum Menikah,"Jl. Cemara No. 79, Panakkukang",Makassar,Sulawesi Selatan,+62 819-8824-0312,kartika.purnama.312@example.invalid,Pribadi,26-Apr-2026,Ya,Aktif
PAT-MOCK-0000313,EMR-MOCK-0000313,MOCK-1515-19650729-0313,Lestari Ramadhan,Perempuan,1965-07-29 00:00:00,O,Belum Menikah,"Jl. Cemara No. 178, Panakkukang",Makassar,Sulawesi Selatan,+62 877-7541-0313,lestari.siregar.313@example.invalid,Corporate Guarantee,02-Jun-2026,Ya,Aktif
PAT-MOCK-0000314,EMR-MOCK-0000314,MOCK-2887-20190416-0314,Citra Utama,Perempuan,2019-04-16 00:00:00,B,Belum Menikah,"Jl. Kenanga No. 26, Panakkukang",Makassar,Sulawesi Selatan,+62 881-6389-0314,citra.nasution.314@example.invalid,Asuransi Perusahaan,10-Aug-2019,Tidak,Aktif
PAT-MOCK-0000315,EMR-MOCK-0000315,MOCK-6575-20010119-0315,Andi Kusuma,Laki-laki,2001-01-19 00:00:00,AB,Cerai Hidup,"Jl. Cendana No. 180, Bekasi Selatan",Bekasi,Jawa Barat,+62 850-1932-0315,andi.simanjuntak.315@example.invalid,Corporate Guarantee,11-Nov-2021,Ya,Aktif
PAT-MOCK-0000316,EMR-MOCK-0000316,MOCK-2457-19990205-0316,Aulia Nasution,Perempuan,1999-02-05 00:00:00,B,Menikah,"Jl. Cemara No. 147, Duren Sawit",Jakarta Timur,DKI Jakarta,+62 837-2333-0316,aulia.halim.316@example.invalid,BPJS Kesehatan,02-Apr-2023,Tidak,Aktif
PAT-MOCK-0000317,EMR-MOCK-0000317,MOCK-2874-20130724-0317,Dewi Setiawan,Perempuan,2013-07-24 00:00:00,O,Cerai Mati,"Jl. Kenanga No. 90, Wonokromo",Surabaya,Jawa Timur,+62 882-1318-0317,dewi.gunawan.317@example.invalid,Pribadi,14-Mar-2018,Ya,Aktif
PAT-MOCK-0000318,EMR-MOCK-0000318,MOCK-5057-19470918-0318,Anindya Hidayat,Perempuan,1947-09-18 00:00:00,O,Menikah,"Jl. Rajawali No. 50, Karawaci",Tangerang,Banten,+62 818-9467-0318,anindya.hartono.318@example.invalid,Corporate Guarantee,14-Jun-2024,Ya,Aktif
PAT-MOCK-0000319,EMR-MOCK-0000319,MOCK-8941-19771111-0319,Aditya Permana,Laki-laki,1977-11-11 00:00:00,O,Menikah,"Jl. Merpati No. 126, Bekasi Selatan",Bekasi,Jawa Barat,+62 858-3202-0319,aditya.lesmana.319@example.invalid,Asuransi Swasta,04-Jul-2019,Ya,Aktif
PAT-MOCK-0000320,EMR-MOCK-0000320,MOCK-7829-19941103-0320,Fitri Ramadhan,Perempuan,1994-11-03 00:00:00,A,Cerai Hidup,"Jl. Merpati No. 19, Coblong",Bandung,Jawa Barat,+62 875-4828-0320,fitri.pratama.320@example.invalid,Asuransi Perusahaan,12-Feb-2020,Ya,Aktif
PAT-MOCK-0000321,EMR-MOCK-0000321,MOCK-5056-19980705-0321,Arya Ramadhan,Laki-laki,1998-07-05 00:00:00,A,Cerai Mati,"Jl. Kenanga No. 73, Duren Sawit",Jakarta Timur,DKI Jakarta,+62 851-8888-0321,arya.saputra.321@example.invalid,Asuransi Perusahaan,03-Nov-2023,Ya,Aktif
PAT-MOCK-0000322,EMR-MOCK-0000322,MOCK-3850-19610708-0322,Galang Wijaya,Laki-laki,1961-07-08 00:00:00,B,Cerai Hidup,"Jl. Rajawali No. 105, Wonokromo",Surabaya,Jawa Timur,+62 835-9042-0322,galang.wijaya.322@example.invalid,Pribadi,04-Apr-2023,Ya,Aktif
PAT-MOCK-0000323,EMR-MOCK-0000323,MOCK-3524-20180712-0323,Dinda Hidayat,Perempuan,2018-07-12 00:00:00,B,Belum Menikah,"Jl. Melati No. 90, Panakkukang",Makassar,Sulawesi Selatan,+62 847-1268-0323,dinda.santoso.323@example.invalid,Corporate Guarantee,09-Sep-2018,Ya,Aktif
PAT-MOCK-0000324,EMR-MOCK-0000324,MOCK-6555-20120515-0324,Bagas Kusuma,Laki-laki,2012-05-15 00:00:00,Belum diperiksa,Cerai Hidup,"Jl. Melati No. 138, Duren Sawit",Jakarta Timur,DKI Jakarta,+62 897-5690-0324,bagas.hidayat.324@example.invalid,Asuransi Swasta,01-Aug-2026,Tidak,Tidak Aktif
PAT-MOCK-0000325,EMR-MOCK-0000325,MOCK-4308-19991123-0325,Anindya Siregar,Perempuan,1999-11-23 00:00:00,O,Belum Menikah,"Jl. Anggrek No. 166, Banyumanik",Semarang,Jawa Tengah,+62 864-1168-0325,anindya.nugraha.325@example.invalid,Asuransi Swasta,25-Dec-2024,Ya,Aktif
PAT-MOCK-0000326,EMR-MOCK-0000326,MOCK-5828-19880525-0326,Galang Halim,Laki-laki,1988-05-25 00:00:00,A,Cerai Hidup,"Jl. Kenanga No. 71, Karawaci",Tangerang,Banten,+62 834-7335-0326,galang.kusuma.326@example.invalid,Corporate Guarantee,25-Jun-2021,Tidak,Aktif
PAT-MOCK-0000327,EMR-MOCK-0000327,MOCK-7594-20230301-0327,Dimas Hidayat,Laki-laki,2023-03-01 00:00:00,AB,Belum Menikah,"Jl. Flamboyan No. 91, Medan Baru",Medan,Sumatera Utara,+62 891-7085-0327,dimas.setiawan.327@example.invalid,BPJS Kesehatan,20-Apr-2026,Tidak,Aktif
PAT-MOCK-0000328,EMR-MOCK-0000328,MOCK-4457-19690827-0328,Bagas Nasution,Laki-laki,1969-08-27 00:00:00,B,Cerai Hidup,"Jl. Dahlia No. 54, Medan Baru",Medan,Sumatera Utara,+62 870-3217-0328,bagas.permana.328@example.invalid,Pribadi,16-Oct-2023,Ya,Aktif
PAT-MOCK-0000329,EMR-MOCK-0000329,MOCK-8506-19970328-0329,Sekar Gunawan,Perempuan,1997-03-28 00:00:00,A,Menikah,"Jl. Melati No. 54, Beji",Depok,Jawa Barat,+62 876-2380-0329,sekar.ramadhan.329@example.invalid,BPJS Kesehatan,03-Nov-2024,Tidak,Aktif
PAT-MOCK-0000330,EMR-MOCK-0000330,MOCK-6865-19971204-0330,Aditya Utama,Laki-laki,1997-12-04 00:00:00,B,Belum Menikah,"Jl. Kenanga No. 42, Medan Baru",Medan,Sumatera Utara,+62 849-3309-0330,aditya.maulana.330@example.invalid,Corporate Guarantee,22-Mar-2018,Ya,Aktif
PAT-MOCK-0000331,EMR-MOCK-0000331,MOCK-2696-19921207-0331,Aulia Purnama,Perempuan,1992-12-07 00:00:00,O,Belum Menikah,"Jl. Merpati No. 27, Beji",Depok,Jawa Barat,+62 867-9496-0331,aulia.utama.331@example.invalid,Asuransi Swasta,12-Oct-2020,Ya,Aktif
PAT-MOCK-0000332,EMR-MOCK-0000332,MOCK-6432-19480917-0332,Bima Nasution,Laki-laki,1948-09-17 00:00:00,B,Cerai Hidup,"Jl. Mawar No. 166, Banyumanik",Semarang,Jawa Tengah,+62 858-5684-0332,bima.purnama.332@example.invalid,Asuransi Perusahaan,12-Sep-2022,Ya,Aktif
PAT-MOCK-0000333,EMR-MOCK-0000333,MOCK-4201-20211230-0333,Amelia Nugraha,Perempuan,2021-12-30 00:00:00,O,Belum Menikah,"Jl. Kenanga No. 159, Bekasi Selatan",Bekasi,Jawa Barat,+62 883-7075-0333,amelia.siregar.333@example.invalid,Asuransi Perusahaan,31-Dec-2021,Ya,Aktif
PAT-MOCK-0000334,EMR-MOCK-0000334,MOCK-1700-19580122-0334,Maya Nugraha,Perempuan,1958-01-22 00:00:00,B,Belum Menikah,"Jl. Rajawali No. 64, Bogor Tengah",Bogor,Jawa Barat,+62 894-8523-0334,maya.nasution.334@example.invalid,BPJS Kesehatan,08-May-2024,Ya,Aktif
PAT-MOCK-0000335,EMR-MOCK-0000335,MOCK-8425-20010825-0335,Sekar Simanjuntak,Perempuan,2001-08-25 00:00:00,B,Cerai Hidup,"Jl. Mawar No. 112, Coblong",Bandung,Jawa Barat,+62 819-5436-0335,sekar.simanjuntak.335@example.invalid,BPJS Kesehatan,10-Sep-2024,Ya,Aktif
PAT-MOCK-0000336,EMR-MOCK-0000336,MOCK-5495-19980404-0336,Dimas Santoso,Laki-laki,1998-04-04 00:00:00,A,Cerai Mati,"Jl. Cendana No. 48, Medan Baru",Medan,Sumatera Utara,+62 826-7597-0336,dimas.halim.336@example.invalid,Asuransi Swasta,27-May-2020,Ya,Aktif
PAT-MOCK-0000337,EMR-MOCK-0000337,MOCK-1553-20060413-0337,Amelia Pratama,Perempuan,2006-04-13 00:00:00,B,Cerai Hidup,"Jl. Merpati No. 33, Bekasi Selatan",Bekasi,Jawa Barat,+62 827-9514-0337,amelia.gunawan.337@example.invalid,Asuransi Swasta,30-Dec-2023,Ya,Aktif
PAT-MOCK-0000338,EMR-MOCK-0000338,MOCK-8255-20110323-0338,Fitri Siregar,Perempuan,2011-03-23 00:00:00,B,Menikah,"Jl. Melati No. 82, Beji",Depok,Jawa Barat,+62 839-7864-0338,fitri.hartono.338@example.invalid,Asuransi Swasta,09-Jan-2020,Tidak,Aktif
PAT-MOCK-0000339,EMR-MOCK-0000339,MOCK-4106-19970709-0339,Citra Utama,Perempuan,1997-07-09 00:00:00,AB,Cerai Mati,"Jl. Kenanga No. 120, Coblong",Bandung,Jawa Barat,+62 832-4217-0339,citra.lesmana.339@example.invalid,Asuransi Perusahaan,20-May-2021,Ya,Aktif
PAT-MOCK-0000340,EMR-MOCK-0000340,MOCK-6819-20000308-0340,Sari Hidayat,Perempuan,2000-03-08 00:00:00,O,Menikah,"Jl. Flamboyan No. 174, Banyumanik",Semarang,Jawa Tengah,+62 819-7431-0340,sari.pratama.340@example.invalid,Asuransi Swasta,24-Aug-2023,Ya,Tidak Aktif
PAT-MOCK-0000341,EMR-MOCK-0000341,MOCK-1752-19650413-0341,Tiara Permana,Perempuan,1965-04-13 00:00:00,B,Cerai Hidup,"Jl. Anggrek No. 8, Kebon Jeruk",Jakarta Barat,DKI Jakarta,+62 858-6040-0341,tiara.saputra.341@example.invalid,Asuransi Perusahaan,21-Oct-2022,Ya,Aktif
PAT-MOCK-0000342,EMR-MOCK-0000342,MOCK-6941-19721127-0342,Fajar Purnama,Laki-laki,1972-11-27 00:00:00,O,Belum Menikah,"Jl. Anggrek No. 139, Medan Baru",Medan,Sumatera Utara,+62 889-4538-0342,fajar.wijaya.342@example.invalid,Asuransi Perusahaan,16-Jun-2025,Ya,Aktif
PAT-MOCK-0000343,EMR-MOCK-0000343,MOCK-4589-19850304-0343,Fajar Utama,Laki-laki,1985-03-04 00:00:00,B,Cerai Hidup,"Jl. Cemara No. 95, Serpong",Tangerang Selatan,Banten,+62 857-8063-0343,fajar.santoso.343@example.invalid,Asuransi Perusahaan,09-Jan-2018,Tidak,Aktif
PAT-MOCK-0000344,EMR-MOCK-0000344,MOCK-4636-19550213-0344,Nabila Purnama,Perempuan,1955-02-13 00:00:00,O,Menikah,"Jl. Anggrek No. 41, Kebayoran Baru",Jakarta Selatan,DKI Jakarta,+62 871-9685-0344,nabila.hidayat.344@example.invalid,Asuransi Perusahaan,29-Jul-2019,Ya,Aktif
PAT-MOCK-0000345,EMR-MOCK-0000345,MOCK-9145-19780721-0345,Anindya Nugraha,Perempuan,1978-07-21 00:00:00,O,Cerai Mati,"Jl. Mawar No. 50, Wonokromo",Surabaya,Jawa Timur,+62 853-8617-0345,anindya.nugraha.345@example.invalid,Asuransi Perusahaan,01-Nov-2025,Ya,Aktif
PAT-MOCK-0000346,EMR-MOCK-0000346,MOCK-2092-19490412-0346,Sekar Permana,Perempuan,1949-04-12 00:00:00,A,Menikah,"Jl. Cemara No. 86, Bogor Tengah",Bogor,Jawa Barat,+62 824-8638-0346,sekar.kusuma.346@example.invalid,Corporate Guarantee,10-Mar-2020,Ya,Aktif
PAT-MOCK-0000347,EMR-MOCK-0000347,MOCK-5573-20061109-0347,Tiara Hidayat,Perempuan,2006-11-09 00:00:00,O,Cerai Mati,"Jl. Cemara No. 3, Coblong",Bandung,Jawa Barat,+62 887-7335-0347,tiara.setiawan.347@example.invalid,Asuransi Swasta,01-Jul-2019,Ya,Aktif
PAT-MOCK-0000348,EMR-MOCK-0000348,MOCK-8244-19700424-0348,Raka Nasution,Laki-laki,1970-04-24 00:00:00,O,Menikah,"Jl. Merpati No. 178, Coblong",Bandung,Jawa Barat,+62 838-9116-0348,raka.permana.348@example.invalid,Asuransi Perusahaan,18-Oct-2018,Ya,Aktif
PAT-MOCK-0000349,EMR-MOCK-0000349,MOCK-4590-19800629-0349,Raka Utama,Laki-laki,1980-06-29 00:00:00,AB,Menikah,"Jl. Cemara No. 73, Beji",Depok,Jawa Barat,+62 823-1133-0349,raka.ramadhan.349@example.invalid,Asuransi Perusahaan,15-Jun-2020,Tidak,Aktif
PAT-MOCK-0000350,EMR-MOCK-0000350,MOCK-3381-19890106-0350,Andi Nugraha,Laki-laki,1989-01-06 00:00:00,AB,Belum Menikah,"Jl. Cendana No. 29, Coblong",Bandung,Jawa Barat,+62 817-1140-0350,andi.maulana.350@example.invalid,BPJS Kesehatan,15-Dec-2021,Ya,Aktif
PAT-MOCK-0000351,EMR-MOCK-0000351,MOCK-9958-19710226-0351,Arif Hartono,Laki-laki,1971-02-26 00:00:00,B,Cerai Hidup,"Jl. Dahlia No. 84, Beji",Depok,Jawa Barat,+62 823-5204-0351,arif.utama.351@example.invalid,Corporate Guarantee,18-Mar-2022,Ya,Aktif
PAT-MOCK-0000352,EMR-MOCK-0000352,MOCK-5287-19640320-0352,Putri Wijaya,Perempuan,1964-03-20 00:00:00,B,Cerai Mati,"Jl. Mawar No. 70, Wonokromo",Surabaya,Jawa Timur,+62 830-6688-0352,putri.purnama.352@example.invalid,BPJS Kesehatan,13-Jan-2026,Ya,Aktif
PAT-MOCK-0000353,EMR-MOCK-0000353,MOCK-5226-20150221-0353,Hendra Kusuma,Laki-laki,2015-02-21 00:00:00,A,Cerai Mati,"Jl. Dahlia No. 94, Bogor Tengah",Bogor,Jawa Barat,+62 816-9622-0353,hendra.siregar.353@example.invalid,Asuransi Perusahaan,25-Nov-2021,Tidak,Aktif
PAT-MOCK-0000354,EMR-MOCK-0000354,MOCK-4763-19980521-0354,Nadia Siregar,Perempuan,1998-05-21 00:00:00,B,Belum Menikah,"Jl. Anggrek No. 85, Karawaci",Tangerang,Banten,+62 811-8805-0354,nadia.nasution.354@example.invalid,BPJS Kesehatan,29-Jan-2018,Ya,Aktif
PAT-MOCK-0000355,EMR-MOCK-0000355,MOCK-1328-20210111-0355,Lestari Hartono,Perempuan,2021-01-11 00:00:00,O,Belum Menikah,"Jl. Kenanga No. 140, Medan Baru",Medan,Sumatera Utara,+62 823-9591-0355,lestari.simanjuntak.355@example.invalid,Corporate Guarantee,07-May-2021,Ya,Aktif
PAT-MOCK-0000356,EMR-MOCK-0000356,MOCK-1121-20230601-0356,Bima Purnama,Laki-laki,2023-06-01 00:00:00,AB,Menikah,"Jl. Dahlia No. 168, Bekasi Selatan",Bekasi,Jawa Barat,+62 814-2268-0356,bima.halim.356@example.invalid,Corporate Guarantee,02-Jun-2023,Tidak,Aktif
PAT-MOCK-0000357,EMR-MOCK-0000357,MOCK-1185-19870508-0357,Arif Permana,Laki-laki,1987-05-08 00:00:00,A,Cerai Mati,"Jl. Rajawali No. 67, Bekasi Selatan",Bekasi,Jawa Barat,+62 836-8894-0357,arif.gunawan.357@example.invalid,Pribadi,05-Feb-2025,Ya,Aktif
PAT-MOCK-0000358,EMR-MOCK-0000358,MOCK-6063-20120801-0358,Raka Nugraha,Laki-laki,2012-08-01 00:00:00,O,Cerai Hidup,"Jl. Cemara No. 174, Karawaci",Tangerang,Banten,+62 857-9453-0358,raka.hartono.358@example.invalid,BPJS Kesehatan,27-Mar-2023,Ya,Aktif
PAT-MOCK-0000359,EMR-MOCK-0000359,MOCK-4549-20210625-0359,Rani Purnama,Perempuan,2021-06-25 00:00:00,A,Belum Menikah,"Jl. Cendana No. 129, Denpasar Selatan",Denpasar,Bali,+62 832-2190-0359,rani.lesmana.359@example.invalid,Asuransi Perusahaan,26-Jun-2021,Ya,Aktif
PAT-MOCK-0000360,EMR-MOCK-0000360,MOCK-1444-19670311-0360,Farhan Wijaya,Laki-laki,1967-03-11 00:00:00,O,Belum Menikah,"Jl. Melati No. 99, Panakkukang",Makassar,Sulawesi Selatan,+62 872-9407-0360,farhan.pratama.360@example.invalid,Asuransi Perusahaan,12-Mar-2022,Ya,Aktif
PAT-MOCK-0000361,EMR-MOCK-0000361,MOCK-9399-19710914-0361,Farhan Kusuma,Laki-laki,1971-09-14 00:00:00,B,Menikah,"Jl. Dahlia No. 61, Bekasi Selatan",Bekasi,Jawa Barat,+62 833-6488-0361,farhan.saputra.361@example.invalid,Asuransi Swasta,01-Jul-2018,Tidak,Aktif
PAT-MOCK-0000362,EMR-MOCK-0000362,MOCK-9164-19510716-0362,Eko Siregar,Laki-laki,1951-07-16 00:00:00,AB,Cerai Hidup,"Jl. Rajawali No. 61, Duren Sawit",Jakarta Timur,DKI Jakarta,+62 858-1249-0362,eko.wijaya.362@example.invalid,Asuransi Perusahaan,28-Jun-2026,Tidak,Aktif
PAT-MOCK-0000363,EMR-MOCK-0000363,MOCK-6676-19930516-0363,Fajar Utama,Laki-laki,1993-05-16 00:00:00,B,Menikah,"Jl. Anggrek No. 134, Wonokromo",Surabaya,Jawa Timur,+62 879-6774-0363,fajar.santoso.363@example.invalid,Asuransi Perusahaan,09-Apr-2026,Tidak,Aktif
PAT-MOCK-0000364,EMR-MOCK-0000364,MOCK-6497-19460327-0364,Aditya Setiawan,Laki-laki,1946-03-27 00:00:00,B,Belum Menikah,"Jl. Merpati No. 98, Bogor Tengah",Bogor,Jawa Barat,+62 873-8292-0364,aditya.hidayat.364@example.invalid,Pribadi,21-Jul-2025,Ya,Aktif
PAT-MOCK-0000365,EMR-MOCK-0000365,MOCK-9529-20180327-0365,Tiara Lesmana,Perempuan,2018-03-27 00:00:00,A,Cerai Hidup,"Jl. Kenanga No. 40, Wonokromo",Surabaya,Jawa Timur,+62 842-6793-0365,tiara.nugraha.365@example.invalid,Asuransi Perusahaan,20-Oct-2025,Ya,Aktif
PAT-MOCK-0000366,EMR-MOCK-0000366,MOCK-3766-20170114-0366,Bagas Ramadhan,Laki-laki,2017-01-14 00:00:00,O,Menikah,"Jl. Flamboyan No. 90, Medan Baru",Medan,Sumatera Utara,+62 826-3940-0366,bagas.kusuma.366@example.invalid,Pribadi,31-Jan-2021,Ya,Aktif
PAT-MOCK-0000367,EMR-MOCK-0000367,MOCK-3487-19680625-0367,Aditya Saputra,Laki-laki,1968-06-25 00:00:00,AB,Cerai Mati,"Jl. Mawar No. 12, Panakkukang",Makassar,Sulawesi Selatan,+62 876-4857-0367,aditya.setiawan.367@example.invalid,BPJS Kesehatan,09-Aug-2021,Ya,Aktif
PAT-MOCK-0000368,EMR-MOCK-0000368,MOCK-7988-19910818-0368,Raka Wijaya,Laki-laki,1991-08-18 00:00:00,O,Menikah,"Jl. Cendana No. 87, Panakkukang",Makassar,Sulawesi Selatan,+62 849-7061-0368,raka.permana.368@example.invalid,Asuransi Perusahaan,18-Jun-2023,Ya,Aktif
PAT-MOCK-0000369,EMR-MOCK-0000369,MOCK-3289-19480308-0369,Dinda Gunawan,Perempuan,1948-03-08 00:00:00,B,Cerai Mati,"Jl. Cendana No. 135, Banyumanik",Semarang,Jawa Tengah,+62 855-1175-0369,dinda.ramadhan.369@example.invalid,Asuransi Perusahaan,05-Aug-2018,Ya,Aktif
PAT-MOCK-0000370,EMR-MOCK-0000370,MOCK-3079-19940910-0370,Joko Saputra,Laki-laki,1994-09-10 00:00:00,A,Cerai Mati,"Jl. Dahlia No. 46, Ilir Barat I",Palembang,Sumatera Selatan,+62 899-5453-0370,joko.maulana.370@example.invalid,BPJS Kesehatan,15-Feb-2022,Tidak,Aktif
PAT-MOCK-0000371,EMR-MOCK-0000371,MOCK-5413-19790526-0371,Citra Maulana,Perempuan,1979-05-26 00:00:00,B,Cerai Mati,"Jl. Cendana No. 118, Banyumanik",Semarang,Jawa Tengah,+62 834-8304-0371,citra.utama.371@example.invalid,BPJS Kesehatan,25-Jan-2019,Ya,Aktif
PAT-MOCK-0000372,EMR-MOCK-0000372,MOCK-2109-19610327-0372,Nabila Purnama,Perempuan,1961-03-27 00:00:00,Belum diperiksa,Belum Menikah,"Jl. Merpati No. 117, Banyumanik",Semarang,Jawa Tengah,+62 897-4173-0372,nabila.purnama.372@example.invalid,Corporate Guarantee,10-Aug-2020,Ya,Aktif
PAT-MOCK-0000373,EMR-MOCK-0000373,MOCK-8706-20220514-0373,Aisyah Siregar,Perempuan,2022-05-14 00:00:00,B,Menikah,"Jl. Mawar No. 98, Coblong",Bandung,Jawa Barat,+62 831-5502-0373,aisyah.siregar.373@example.invalid,Pribadi,29-Jun-2026,Ya,Aktif
PAT-MOCK-0000374,EMR-MOCK-0000374,MOCK-4427-20021101-0374,Dinda Lesmana,Perempuan,2002-11-01 00:00:00,A,Cerai Hidup,"Jl. Kenanga No. 102, Wonokromo",Surabaya,Jawa Timur,+62 819-1934-0374,dinda.nasution.374@example.invalid,Corporate Guarantee,19-Jan-2021,Tidak,Aktif
PAT-MOCK-0000375,EMR-MOCK-0000375,MOCK-2333-19730927-0375,Raka Permana,Laki-laki,1973-09-27 00:00:00,AB,Belum Menikah,"Jl. Melati No. 79, Kebayoran Baru",Jakarta Selatan,DKI Jakarta,+62 836-5852-0375,raka.simanjuntak.375@example.invalid,Asuransi Swasta,27-Jan-2020,Tidak,Aktif
PAT-MOCK-0000376,EMR-MOCK-0000376,MOCK-8320-20040617-0376,Yoga Ramadhan,Laki-laki,2004-06-17 00:00:00,A,Menikah,"Jl. Cendana No. 85, Wonokromo",Surabaya,Jawa Timur,+62 897-7608-0376,yoga.halim.376@example.invalid,Asuransi Swasta,18-Jul-2021,Ya,Aktif
PAT-MOCK-0000377,EMR-MOCK-0000377,MOCK-4233-19690211-0377,Dinda Ramadhan,Perempuan,1969-02-11 00:00:00,B,Menikah,"Jl. Melati No. 90, Bogor Tengah",Bogor,Jawa Barat,+62 833-1201-0377,dinda.gunawan.377@example.invalid,BPJS Kesehatan,06-Aug-2022,Ya,Aktif
PAT-MOCK-0000378,EMR-MOCK-0000378,MOCK-3291-19950312-0378,Putri Purnama,Perempuan,1995-03-12 00:00:00,B,Belum Menikah,"Jl. Cemara No. 98, Wonokromo",Surabaya,Jawa Timur,+62 834-8648-0378,putri.hartono.378@example.invalid,Asuransi Swasta,04-Nov-2024,Ya,Aktif
PAT-MOCK-0000379,EMR-MOCK-0000379,MOCK-3177-19450911-0379,Tiara Pratama,Perempuan,1945-09-11 00:00:00,Belum diperiksa,Belum Menikah,"Jl. Kenanga No. 57, Serpong",Tangerang Selatan,Banten,+62 819-4435-0379,tiara.lesmana.379@example.invalid,BPJS Kesehatan,22-Apr-2024,Ya,Aktif
PAT-MOCK-0000380,EMR-MOCK-0000380,MOCK-3578-20020105-0380,Irfan Lesmana,Laki-laki,2002-01-05 00:00:00,O,Belum Menikah,"Jl. Merpati No. 1, Kebon Jeruk",Jakarta Barat,DKI Jakarta,+62 883-9755-0380,irfan.pratama.380@example.invalid,Asuransi Swasta,23-Dec-2020,Tidak,Aktif
PAT-MOCK-0000381,EMR-MOCK-0000381,MOCK-6936-19841019-0381,Nadia Halim,Perempuan,1984-10-19 00:00:00,O,Belum Menikah,"Jl. Cendana No. 112, Bogor Tengah",Bogor,Jawa Barat,+62 862-7829-0381,nadia.saputra.381@example.invalid,Asuransi Swasta,13-Apr-2024,Ya,Aktif
PAT-MOCK-0000382,EMR-MOCK-0000382,MOCK-6103-19830223-0382,Rizky Lesmana,Laki-laki,1983-02-23 00:00:00,B,Menikah,"Jl. Rajawali No. 18, Medan Baru",Medan,Sumatera Utara,+62 880-9696-0382,rizky.wijaya.382@example.invalid,Asuransi Perusahaan,30-Apr-2024,Ya,Aktif
PAT-MOCK-0000383,EMR-MOCK-0000383,MOCK-5439-19801217-0383,Wulan Gunawan,Perempuan,1980-12-17 00:00:00,O,Menikah,"Jl. Cemara No. 84, Wonokromo",Surabaya,Jawa Timur,+62 893-9341-0383,wulan.santoso.383@example.invalid,Corporate Guarantee,11-May-2023,Ya,Aktif
PAT-MOCK-0000384,EMR-MOCK-0000384,MOCK-7192-19960121-0384,Intan Permana,Perempuan,1996-01-21 00:00:00,B,Belum Menikah,"Jl. Mawar No. 169, Panakkukang",Makassar,Sulawesi Selatan,+62 821-6904-0384,intan.hidayat.384@example.invalid,Corporate Guarantee,11-Apr-2024,Tidak,Aktif
PAT-MOCK-0000385,EMR-MOCK-0000385,MOCK-8228-20190118-0385,Aulia Kusuma,Perempuan,2019-01-18 00:00:00,B,Cerai Hidup,"Jl. Cemara No. 8, Medan Baru",Medan,Sumatera Utara,+62 879-8021-0385,aulia.nugraha.385@example.invalid,Pribadi,12-Feb-2022,Ya,Aktif
PAT-MOCK-0000386,EMR-MOCK-0000386,MOCK-1805-20040219-0386,Farhan Hidayat,Laki-laki,2004-02-19 00:00:00,Belum diperiksa,Cerai Hidup,"Jl. Melati No. 141, Duren Sawit",Jakarta Timur,DKI Jakarta,+62 841-3332-0386,farhan.kusuma.386@example.invalid,Asuransi Perusahaan,20-Mar-2021,Ya,Aktif
PAT-MOCK-0000387,EMR-MOCK-0000387,MOCK-2090-19760310-0387,Arif Wijaya,Laki-laki,1976-03-10 00:00:00,O,Cerai Hidup,"Jl. Merpati No. 105, Medan Baru",Medan,Sumatera Utara,+62 854-7995-0387,arif.setiawan.387@example.invalid,Corporate Guarantee,09-Apr-2024,Ya,Aktif
PAT-MOCK-0000388,EMR-MOCK-0000388,MOCK-9191-19921208-0388,Eko Santoso,Laki-laki,1992-12-08 00:00:00,B,Cerai Mati,"Jl. Rajawali No. 176, Bogor Tengah",Bogor,Jawa Barat,+62 882-5180-0388,eko.permana.388@example.invalid,Corporate Guarantee,24-Feb-2019,Ya,Aktif
PAT-MOCK-0000389,EMR-MOCK-0000389,MOCK-6064-19911223-0389,Tiara Simanjuntak,Perempuan,1991-12-23 00:00:00,B,Menikah,"Jl. Flamboyan No. 147, Bogor Tengah",Bogor,Jawa Barat,+62 820-3519-0389,tiara.ramadhan.389@example.invalid,Asuransi Perusahaan,21-Jul-2019,Tidak,Aktif
PAT-MOCK-0000390,EMR-MOCK-0000390,MOCK-3354-19941114-0390,Dewi Santoso,Perempuan,1994-11-14 00:00:00,O,Cerai Mati,"Jl. Kenanga No. 162, Coblong",Bandung,Jawa Barat,+62 841-8915-0390,dewi.maulana.390@example.invalid,Pribadi,22-Mar-2022,Ya,Aktif
PAT-MOCK-0000391,EMR-MOCK-0000391,MOCK-6564-19600426-0391,Bagas Saputra,Laki-laki,1960-04-26 00:00:00,A,Belum Menikah,"Jl. Cemara No. 61, Banyumanik",Semarang,Jawa Tengah,+62 888-8570-0391,bagas.utama.391@example.invalid,BPJS Kesehatan,07-May-2025,Tidak,Aktif
PAT-MOCK-0000392,EMR-MOCK-0000392,MOCK-1197-19671015-0392,Hendra Lesmana,Laki-laki,1967-10-15 00:00:00,B,Menikah,"Jl. Cendana No. 104, Bogor Tengah",Bogor,Jawa Barat,+62 892-1101-0392,hendra.purnama.392@example.invalid,Asuransi Perusahaan,03-Jul-2021,Ya,Aktif
PAT-MOCK-0000393,EMR-MOCK-0000393,MOCK-5813-19640526-0393,Fajar Nugraha,Laki-laki,1964-05-26 00:00:00,B,Belum Menikah,"Jl. Merpati No. 166, Medan Baru",Medan,Sumatera Utara,+62 815-3178-0393,fajar.siregar.393@example.invalid,BPJS Kesehatan,30-Sep-2020,Ya,Aktif
PAT-MOCK-0000394,EMR-MOCK-0000394,MOCK-2075-19580829-0394,Kartika Setiawan,Perempuan,1958-08-29 00:00:00,AB,Cerai Mati,"Jl. Cendana No. 57, Panakkukang",Makassar,Sulawesi Selatan,+62 811-4138-0394,kartika.nasution.394@example.invalid,Pribadi,27-Jun-2023,Ya,Aktif
PAT-MOCK-0000395,EMR-MOCK-0000395,MOCK-2865-19640813-0395,Lestari Siregar,Perempuan,1964-08-13 00:00:00,B,Belum Menikah,"Jl. Merpati No. 123, Bogor Tengah",Bogor,Jawa Barat,+62 857-9503-0395,lestari.simanjuntak.395@example.invalid,Asuransi Perusahaan,07-Feb-2023,Tidak,Aktif
PAT-MOCK-0000396,EMR-MOCK-0000396,MOCK-2730-19610718-0396,Nabila Maulana,Perempuan,1961-07-18 00:00:00,O,Cerai Hidup,"Jl. Flamboyan No. 69, Denpasar Selatan",Denpasar,Bali,+62 898-2700-0396,nabila.halim.396@example.invalid,Corporate Guarantee,18-Jul-2025,Ya,Aktif
PAT-MOCK-0000397,EMR-MOCK-0000397,MOCK-3112-19891201-0397,Anindya Gunawan,Perempuan,1989-12-01 00:00:00,B,Cerai Hidup,"Jl. Flamboyan No. 161, Banyumanik",Semarang,Jawa Tengah,+62 877-8590-0397,anindya.gunawan.397@example.invalid,Pribadi,28-Mar-2020,Tidak,Aktif
PAT-MOCK-0000398,EMR-MOCK-0000398,MOCK-8076-20230218-0398,Sari Hartono,Perempuan,2023-02-18 00:00:00,A,Belum Menikah,"Jl. Kenanga No. 34, Medan Baru",Medan,Sumatera Utara,+62 856-1761-0398,sari.hartono.398@example.invalid,Pribadi,19-Feb-2023,Tidak,Aktif
PAT-MOCK-0000399,EMR-MOCK-0000399,MOCK-6794-19820312-0399,Tiara Setiawan,Perempuan,1982-03-12 00:00:00,Belum diperiksa,Belum Menikah,"Jl. Cendana No. 84, Coblong",Bandung,Jawa Barat,+62 869-7218-0399,tiara.lesmana.399@example.invalid,Asuransi Swasta,02-Mar-2021,Ya,Aktif
PAT-MOCK-0000400,EMR-MOCK-0000400,MOCK-8470-20030812-0400,Irfan Nasution,Laki-laki,2003-08-12 00:00:00,O,Cerai Mati,"Jl. Cendana No. 142, Banyumanik",Semarang,Jawa Tengah,+62 892-3800-0400,irfan.pratama.400@example.invalid,Asuransi Perusahaan,14-Feb-2026,Ya,Tidak Aktif
PAT-MOCK-0000401,EMR-MOCK-0000401,MOCK-1609-19890422-0401,Bagas Hidayat,Laki-laki,1989-04-22 00:00:00,B,Cerai Mati,"Jl. Anggrek No. 130, Ilir Barat I",Palembang,Sumatera Selatan,+62 831-1983-0401,bagas.saputra.401@example.invalid,Asuransi Swasta,22-Jun-2023,Tidak,Aktif
PAT-MOCK-0000402,EMR-MOCK-0000402,MOCK-5365-20040924-0402,Nadia Wijaya,Perempuan,2004-09-24 00:00:00,A,Belum Menikah,"Jl. Cemara No. 80, Coblong",Bandung,Jawa Barat,+62 817-3272-0402,nadia.wijaya.402@example.invalid,Pribadi,15-Feb-2020,Ya,Aktif
PAT-MOCK-0000403,EMR-MOCK-0000403,MOCK-6887-19700904-0403,Hendra Purnama,Laki-laki,1970-09-04 00:00:00,O,Cerai Hidup,"Jl. Dahlia No. 27, Karawaci",Tangerang,Banten,+62 811-2460-0403,hendra.santoso.403@example.invalid,Asuransi Perusahaan,15-Dec-2022,Ya,Aktif
PAT-MOCK-0000404,EMR-MOCK-0000404,MOCK-3741-20110311-0404,Arya Hartono,Laki-laki,2011-03-11 00:00:00,B,Cerai Hidup,"Jl. Mawar No. 33, Kebon Jeruk",Jakarta Barat,DKI Jakarta,+62 860-6305-0404,arya.hidayat.404@example.invalid,Asuransi Swasta,19-Apr-2024,Ya,Aktif
PAT-MOCK-0000405,EMR-MOCK-0000405,MOCK-2345-19930311-0405,Tiara Pratama,Perempuan,1993-03-11 00:00:00,B,Cerai Hidup,"Jl. Mawar No. 102, Medan Baru",Medan,Sumatera Utara,+62 838-9085-0405,tiara.nugraha.405@example.invalid,Asuransi Swasta,22-Aug-2026,Ya,Aktif
PAT-MOCK-0000406,EMR-MOCK-0000406,MOCK-2016-20150208-0406,Rani Simanjuntak,Perempuan,2015-02-08 00:00:00,A,Menikah,"Jl. Flamboyan No. 111, Kebon Jeruk",Jakarta Barat,DKI Jakarta,+62 834-3259-0406,rani.kusuma.406@example.invalid,Corporate Guarantee,21-Oct-2025,Ya,Aktif
PAT-MOCK-0000407,EMR-MOCK-0000407,MOCK-9508-19540526-0407,Rangga Lesmana,Laki-laki,1954-05-26 00:00:00,O,Menikah,"Jl. Cendana No. 60, Kebayoran Baru",Jakarta Selatan,DKI Jakarta,+62 815-8756-0407,rangga.setiawan.407@example.invalid,Asuransi Perusahaan,14-Oct-2023,Ya,Aktif
PAT-MOCK-0000408,EMR-MOCK-0000408,MOCK-9260-20230419-0408,Putri Santoso,Perempuan,2023-04-19 00:00:00,B,Menikah,"Jl. Kenanga No. 76, Kebayoran Baru",Jakarta Selatan,DKI Jakarta,+62 890-3505-0408,putri.permana.408@example.invalid,BPJS Kesehatan,20-Apr-2023,Ya,Aktif
PAT-MOCK-0000409,EMR-MOCK-0000409,MOCK-4930-19691210-0409,Anindya Wijaya,Perempuan,1969-12-10 00:00:00,O,Cerai Mati,"Jl. Flamboyan No. 128, Duren Sawit",Jakarta Timur,DKI Jakarta,+62 843-7118-0409,anindya.ramadhan.409@example.invalid,BPJS Kesehatan,03-Jul-2021,Ya,Aktif
PAT-MOCK-0000410,EMR-MOCK-0000410,MOCK-2665-19950626-0410,Fitri Lesmana,Perempuan,1995-06-26 00:00:00,B,Menikah,"Jl. Flamboyan No. 102, Denpasar Selatan",Denpasar,Bali,+62 899-7822-0410,fitri.maulana.410@example.invalid,BPJS Kesehatan,01-Jan-2020,Ya,Aktif
PAT-MOCK-0000411,EMR-MOCK-0000411,MOCK-9828-20020625-0411,Ahmad Kusuma,Laki-laki,2002-06-25 00:00:00,A,Menikah,"Jl. Merpati No. 94, Panakkukang",Makassar,Sulawesi Selatan,+62 854-9612-0411,ahmad.utama.411@example.invalid,Pribadi,13-May-2026,Tidak,Aktif
PAT-MOCK-0000412,EMR-MOCK-0000412,MOCK-4914-19530927-0412,Irfan Hartono,Laki-laki,1953-09-27 00:00:00,O,Menikah,"Jl. Melati No. 21, Bekasi Selatan",Bekasi,Jawa Barat,+62 858-9341-0412,irfan.purnama.412@example.invalid,BPJS Kesehatan,29-Sep-2025,Ya,Aktif
PAT-MOCK-0000413,EMR-MOCK-0000413,MOCK-2147-19751214-0413,Maya Utama,Perempuan,1975-12-14 00:00:00,O,Cerai Mati,"Jl. Cemara No. 66, Serpong",Tangerang Selatan,Banten,+62 894-2578-0413,maya.siregar.413@example.invalid,Asuransi Swasta,25-Nov-2023,Ya,Aktif
PAT-MOCK-0000414,EMR-MOCK-0000414,MOCK-2970-19540624-0414,Fajar Siregar,Laki-laki,1954-06-24 00:00:00,O,Menikah,"Jl. Cemara No. 85, Denpasar Selatan",Denpasar,Bali,+62 813-9601-0414,fajar.nasution.414@example.invalid,Asuransi Perusahaan,14-Sep-2025,Tidak,Aktif
PAT-MOCK-0000415,EMR-MOCK-0000415,MOCK-8447-20001224-0415,Putri Setiawan,Perempuan,2000-12-24 00:00:00,AB,Menikah,"Jl. Flamboyan No. 146, Kebon Jeruk",Jakarta Barat,DKI Jakarta,+62 814-4793-0415,putri.simanjuntak.415@example.invalid,Corporate Guarantee,24-Nov-2025,Ya,Aktif
PAT-MOCK-0000416,EMR-MOCK-0000416,MOCK-9527-20200909-0416,Andi Santoso,Laki-laki,2020-09-09 00:00:00,A,Cerai Mati,"Jl. Mawar No. 149, Medan Baru",Medan,Sumatera Utara,+62 857-5112-0416,andi.halim.416@example.invalid,Pribadi,10-Sep-2020,Tidak,Aktif
PAT-MOCK-0000417,EMR-MOCK-0000417,MOCK-1232-20230509-0417,Tiara Setiawan,Perempuan,2023-05-09 00:00:00,B,Menikah,"Jl. Rajawali No. 59, Medan Baru",Medan,Sumatera Utara,+62 812-9900-0417,tiara.gunawan.417@example.invalid,Asuransi Perusahaan,10-May-2023,Ya,Aktif
PAT-MOCK-0000418,EMR-MOCK-0000418,MOCK-5883-19630427-0418,Rizky Wijaya,Laki-laki,1963-04-27 00:00:00,B,Menikah,"Jl. Merpati No. 70, Bogor Tengah",Bogor,Jawa Barat,+62 868-7653-0418,rizky.hartono.418@example.invalid,BPJS Kesehatan,26-Jan-2022,Ya,Aktif
PAT-MOCK-0000419,EMR-MOCK-0000419,MOCK-2635-19721030-0419,Bagas Utama,Laki-laki,1972-10-30 00:00:00,O,Cerai Hidup,"Jl. Melati No. 82, Panakkukang",Makassar,Sulawesi Selatan,+62 817-2345-0419,bagas.lesmana.419@example.invalid,Pribadi,11-May-2024,Ya,Tidak Aktif
PAT-MOCK-0000420,EMR-MOCK-0000420,MOCK-3381-19881109-0420,Andi Nasution,Laki-laki,1988-11-09 00:00:00,B,Cerai Hidup,"Jl. Rajawali No. 146, Coblong",Bandung,Jawa Barat,+62 840-7866-0420,andi.pratama.420@example.invalid,Pribadi,15-Feb-2019,Ya,Aktif
PAT-MOCK-0000421,EMR-MOCK-0000421,MOCK-5376-19650827-0421,Rangga Siregar,Laki-laki,1965-08-27 00:00:00,O,Cerai Hidup,"Jl. Cendana No. 134, Serpong",Tangerang Selatan,Banten,+62 865-5442-0421,rangga.saputra.421@example.invalid,Corporate Guarantee,01-Aug-2025,Ya,Aktif
PAT-MOCK-0000422,EMR-MOCK-0000422,MOCK-2299-19471113-0422,Fajar Nasution,Laki-laki,1947-11-13 00:00:00,AB,Belum Menikah,"Jl. Anggrek No. 135, Serpong",Tangerang Selatan,Banten,+62 836-2134-0422,fajar.wijaya.422@example.invalid,Pribadi,27-Jul-2022,Ya,Aktif
PAT-MOCK-0000423,EMR-MOCK-0000423,MOCK-6174-19650119-0423,Aisyah Wijaya,Perempuan,1965-01-19 00:00:00,AB,Belum Menikah,"Jl. Kenanga No. 37, Bogor Tengah",Bogor,Jawa Barat,+62 855-1714-0423,aisyah.santoso.423@example.invalid,Corporate Guarantee,11-Jun-2020,Ya,Aktif
PAT-MOCK-0000424,EMR-MOCK-0000424,MOCK-9792-19640523-0424,Nabila Utama,Perempuan,1964-05-23 00:00:00,B,Menikah,"Jl. Melati No. 22, Medan Baru",Medan,Sumatera Utara,+62 828-6020-0424,nabila.hidayat.424@example.invalid,BPJS Kesehatan,21-Feb-2021,Tidak,Aktif
PAT-MOCK-0000425,EMR-MOCK-0000425,MOCK-5073-19531011-0425,Dimas Siregar,Laki-laki,1953-10-11 00:00:00,Belum diperiksa,Cerai Mati,"Jl. Cemara No. 139, Wonokromo",Surabaya,Jawa Timur,+62 828-8217-0425,dimas.nugraha.425@example.invalid,Asuransi Swasta,11-Jun-2025,Ya,Aktif
PAT-MOCK-0000426,EMR-MOCK-0000426,MOCK-1564-20030329-0426,Irfan Hartono,Laki-laki,2003-03-29 00:00:00,A,Belum Menikah,"Jl. Cendana No. 112, Duren Sawit",Jakarta Timur,DKI Jakarta,+62 854-6383-0426,irfan.kusuma.426@example.invalid,Corporate Guarantee,26-Dec-2021,Ya,Aktif
PAT-MOCK-0000427,EMR-MOCK-0000427,MOCK-2486-19741027-0427,Fajar Gunawan,Laki-laki,1974-10-27 00:00:00,A,Belum Menikah,"Jl. Kenanga No. 118, Denpasar Selatan",Denpasar,Bali,+62 858-9452-0427,fajar.setiawan.427@example.invalid,Corporate Guarantee,18-Jul-2024,Ya,Aktif
PAT-MOCK-0000428,EMR-MOCK-0000428,MOCK-8219-19970829-0428,Eko Lesmana,Laki-laki,1997-08-29 00:00:00,B,Menikah,"Jl. Cendana No. 132, Banyumanik",Semarang,Jawa Tengah,+62 882-4475-0428,eko.permana.428@example.invalid,Asuransi Perusahaan,01-Mar-2022,Ya,Aktif
PAT-MOCK-0000429,EMR-MOCK-0000429,MOCK-2015-20100123-0429,Arif Siregar,Laki-laki,2010-01-23 00:00:00,B,Menikah,"Jl. Cemara No. 16, Denpasar Selatan",Denpasar,Bali,+62 835-2954-0429,arif.ramadhan.429@example.invalid,Asuransi Perusahaan,29-Jun-2026,Ya,Aktif
PAT-MOCK-0000430,EMR-MOCK-0000430,MOCK-2476-19530319-0430,Intan Kusuma,Perempuan,1953-03-19 00:00:00,AB,Cerai Mati,"Jl. Mawar No. 47, Bekasi Selatan",Bekasi,Jawa Barat,+62 821-7014-0430,intan.maulana.430@example.invalid,Asuransi Swasta,24-Nov-2020,Tidak,Aktif
PAT-MOCK-0000431,EMR-MOCK-0000431,MOCK-5017-19960221-0431,Sekar Hartono,Perempuan,1996-02-21 00:00:00,O,Menikah,"Jl. Dahlia No. 61, Panakkukang",Makassar,Sulawesi Selatan,+62 865-5751-0431,sekar.utama.431@example.invalid,Asuransi Swasta,21-Nov-2020,Tidak,Aktif
PAT-MOCK-0000432,EMR-MOCK-0000432,MOCK-2702-19450820-0432,Rani Gunawan,Perempuan,1945-08-20 00:00:00,A,Menikah,"Jl. Anggrek No. 79, Duren Sawit",Jakarta Timur,DKI Jakarta,+62 889-3673-0432,rani.purnama.432@example.invalid,Corporate Guarantee,06-Jun-2022,Tidak,Aktif
PAT-MOCK-0000433,EMR-MOCK-0000433,MOCK-5863-19470421-0433,Bagas Halim,Laki-laki,1947-04-21 00:00:00,A,Cerai Hidup,"Jl. Melati No. 135, Banyumanik",Semarang,Jawa Tengah,+62 856-1679-0433,bagas.siregar.433@example.invalid,Asuransi Swasta,11-May-2026,Tidak,Aktif
PAT-MOCK-0000434,EMR-MOCK-0000434,MOCK-5997-19800412-0434,Sekar Wijaya,Perempuan,1980-04-12 00:00:00,B,Menikah,"Jl. Rajawali No. 94, Panakkukang",Makassar,Sulawesi Selatan,+62 886-8668-0434,sekar.nasution.434@example.invalid,Pribadi,24-Jul-2024,Ya,Tidak Aktif
PAT-MOCK-0000435,EMR-MOCK-0000435,MOCK-6767-20130907-0435,Maya Nasution,Perempuan,2013-09-07 00:00:00,O,Menikah,"Jl. Cendana No. 42, Coblong",Bandung,Jawa Barat,+62 827-3006-0435,maya.simanjuntak.435@example.invalid,Pribadi,27-Oct-2020,Ya,Aktif
PAT-MOCK-0000436,EMR-MOCK-0000436,MOCK-5616-19610321-0436,Sekar Santoso,Perempuan,1961-03-21 00:00:00,AB,Cerai Hidup,"Jl. Mawar No. 136, Coblong",Bandung,Jawa Barat,+62 896-8084-0436,sekar.halim.436@example.invalid,Asuransi Perusahaan,10-Sep-2023,Ya,Aktif
PAT-MOCK-0000437,EMR-MOCK-0000437,MOCK-4943-19740130-0437,Tiara Wijaya,Perempuan,1974-01-30 00:00:00,B,Belum Menikah,"Jl. Cendana No. 172, Banyumanik",Semarang,Jawa Tengah,+62 880-4408-0437,tiara.gunawan.437@example.invalid,Pribadi,10-Sep-2022,Ya,Aktif
PAT-MOCK-0000438,EMR-MOCK-0000438,MOCK-4190-19901108-0438,Fajar Purnama,Laki-laki,1990-11-08 00:00:00,B,Belum Menikah,"Jl. Anggrek No. 99, Bogor Tengah",Bogor,Jawa Barat,+62 892-7737-0438,fajar.hartono.438@example.invalid,Asuransi Swasta,15-Mar-2023,Ya,Tidak Aktif
PAT-MOCK-0000439,EMR-MOCK-0000439,MOCK-9352-19710729-0439,Danu Siregar,Laki-laki,1971-07-29 00:00:00,A,Cerai Mati,"Jl. Dahlia No. 118, Karawaci",Tangerang,Banten,+62 828-7151-0439,danu.lesmana.439@example.invalid,Pribadi,12-Feb-2022,Ya,Aktif
PAT-MOCK-0000440,EMR-MOCK-0000440,MOCK-8499-20150109-0440,Bima Halim,Laki-laki,2015-01-09 00:00:00,A,Cerai Mati,"Jl. Flamboyan No. 60, Panakkukang",Makassar,Sulawesi Selatan,+62 838-9129-0440,bima.pratama.440@example.invalid,Pribadi,07-Aug-2019,Ya,Aktif
PAT-MOCK-0000441,EMR-MOCK-0000441,MOCK-1333-19700715-0441,Sekar Pratama,Perempuan,1970-07-15 00:00:00,A,Cerai Mati,"Jl. Flamboyan No. 101, Serpong",Tangerang Selatan,Banten,+62 820-1664-0441,sekar.saputra.441@example.invalid,Corporate Guarantee,22-Nov-2023,Ya,Aktif
PAT-MOCK-0000442,EMR-MOCK-0000442,MOCK-4425-20110212-0442,Amelia Pratama,Perempuan,2011-02-12 00:00:00,B,Cerai Mati,"Jl. Anggrek No. 68, Duren Sawit",Jakarta Timur,DKI Jakarta,+62 871-1292-0442,amelia.wijaya.442@example.invalid,Pribadi,17-Sep-2024,Tidak,Aktif
PAT-MOCK-0000443,EMR-MOCK-0000443,MOCK-6328-19470512-0443,Sekar Gunawan,Perempuan,1947-05-12 00:00:00,A,Cerai Mati,"Jl. Merpati No. 89, Banyumanik",Semarang,Jawa Tengah,+62 853-9146-0443,sekar.santoso.443@example.invalid,Asuransi Perusahaan,02-Dec-2020,Ya,Aktif
PAT-MOCK-0000444,EMR-MOCK-0000444,MOCK-7352-19850623-0444,Maya Maulana,Perempuan,1985-06-23 00:00:00,B,Menikah,"Jl. Anggrek No. 138, Kebayoran Baru",Jakarta Selatan,DKI Jakarta,+62 858-6080-0444,maya.hidayat.444@example.invalid,Pribadi,02-Mar-2026,Ya,Aktif
PAT-MOCK-0000445,EMR-MOCK-0000445,MOCK-9875-19671024-0445,Fitri Simanjuntak,Perempuan,1967-10-24 00:00:00,AB,Cerai Mati,"Jl. Flamboyan No. 43, Bekasi Selatan",Bekasi,Jawa Barat,+62 855-7106-0445,fitri.nugraha.445@example.invalid,Pribadi,27-Feb-2019,Ya,Aktif
PAT-MOCK-0000446,EMR-MOCK-0000446,MOCK-4718-19580301-0446,Irfan Santoso,Laki-laki,1958-03-01 00:00:00,O,Belum Menikah,"Jl. Dahlia No. 58, Kebon Jeruk",Jakarta Barat,DKI Jakarta,+62 846-1497-0446,irfan.kusuma.446@example.invalid,Pribadi,15-Aug-2019,Tidak,Aktif
PAT-MOCK-0000447,EMR-MOCK-0000447,MOCK-6785-20190423-0447,Bagas Lesmana,Laki-laki,2019-04-23 00:00:00,B,Menikah,"Jl. Cemara No. 139, Banyumanik",Semarang,Jawa Tengah,+62 842-9470-0447,bagas.setiawan.447@example.invalid,Corporate Guarantee,21-Feb-2022,Ya,Aktif
PAT-MOCK-0000448,EMR-MOCK-0000448,MOCK-7426-19610617-0448,Rizky Halim,Laki-laki,1961-06-17 00:00:00,A,Cerai Hidup,"Jl. Kenanga No. 135, Kebon Jeruk",Jakarta Barat,DKI Jakarta,+62 822-9220-0448,rizky.permana.448@example.invalid,BPJS Kesehatan,26-Aug-2025,Tidak,Aktif
PAT-MOCK-0000449,EMR-MOCK-0000449,MOCK-5253-19820425-0449,Andi Ramadhan,Laki-laki,1982-04-25 00:00:00,B,Cerai Hidup,"Jl. Dahlia No. 17, Panakkukang",Makassar,Sulawesi Selatan,+62 877-7165-0449,andi.ramadhan.449@example.invalid,Corporate Guarantee,10-May-2018,Ya,Aktif
PAT-MOCK-0000450,EMR-MOCK-0000450,MOCK-1143-19790601-0450,Dimas Maulana,Laki-laki,1979-06-01 00:00:00,B,Cerai Hidup,"Jl. Kenanga No. 34, Bogor Tengah",Bogor,Jawa Barat,+62 851-1687-0450,dimas.maulana.450@example.invalid,Pribadi,21-Dec-2022,Tidak,Aktif
PAT-MOCK-0000451,EMR-MOCK-0000451,MOCK-7863-19690110-0451,Fajar Pratama,Laki-laki,1969-01-10 00:00:00,B,Belum Menikah,"Jl. Mawar No. 36, Duren Sawit",Jakarta Timur,DKI Jakarta,+62 864-4600-0451,fajar.utama.451@example.invalid,Asuransi Perusahaan,13-Mar-2018,Ya,Aktif
PAT-MOCK-0000452,EMR-MOCK-0000452,MOCK-4549-19621227-0452,Bagas Maulana,Laki-laki,1962-12-27 00:00:00,Belum diperiksa,Cerai Hidup,"Jl. Flamboyan No. 76, Ilir Barat I",Palembang,Sumatera Selatan,+62 820-9863-0452,bagas.purnama.452@example.invalid,BPJS Kesehatan,11-Oct-2023,Ya,Aktif
PAT-MOCK-0000453,EMR-MOCK-0000453,MOCK-9499-19510609-0453,Aulia Pratama,Perempuan,1951-06-09 00:00:00,A,Menikah,"Jl. Cemara No. 47, Panakkukang",Makassar,Sulawesi Selatan,+62 835-8841-0453,aulia.siregar.453@example.invalid,BPJS Kesehatan,23-Oct-2020,Ya,Aktif
PAT-MOCK-0000454,EMR-MOCK-0000454,MOCK-5939-19540730-0454,Yoga Nugraha,Laki-laki,1954-07-30 00:00:00,AB,Cerai Mati,"Jl. Mawar No. 179, Serpong",Tangerang Selatan,Banten,+62 892-1009-0454,yoga.nasution.454@example.invalid,Corporate Guarantee,06-May-2021,Ya,Aktif
PAT-MOCK-0000455,EMR-MOCK-0000455,MOCK-2702-19930823-0455,Aulia Saputra,Perempuan,1993-08-23 00:00:00,A,Cerai Mati,"Jl. Rajawali No. 178, Banyumanik",Semarang,Jawa Tengah,+62 830-2978-0455,aulia.simanjuntak.455@example.invalid,Pribadi,26-Apr-2023,Ya,Aktif
PAT-MOCK-0000456,EMR-MOCK-0000456,MOCK-2083-20120512-0456,Arif Nugraha,Laki-laki,2012-05-12 00:00:00,O,Belum Menikah,"Jl. Melati No. 61, Panakkukang",Makassar,Sulawesi Selatan,+62 851-8145-0456,arif.halim.456@example.invalid,Asuransi Perusahaan,24-Oct-2024,Ya,Aktif
PAT-MOCK-0000457,EMR-MOCK-0000457,MOCK-1777-19910228-0457,Sari Ramadhan,Perempuan,1991-02-28 00:00:00,B,Cerai Mati,"Jl. Melati No. 112, Banyumanik",Semarang,Jawa Tengah,+62 834-1577-0457,sari.gunawan.457@example.invalid,Pribadi,06-Nov-2025,Ya,Aktif
PAT-MOCK-0000458,EMR-MOCK-0000458,MOCK-4241-20200110-0458,Wulan Pratama,Perempuan,2020-01-10 00:00:00,O,Menikah,"Jl. Merpati No. 104, Serpong",Tangerang Selatan,Banten,+62 853-6738-0458,wulan.hartono.458@example.invalid,BPJS Kesehatan,29-Apr-2020,Ya,Aktif
PAT-MOCK-0000459,EMR-MOCK-0000459,MOCK-6316-19640617-0459,Fitri Kusuma,Perempuan,1964-06-17 00:00:00,O,Cerai Hidup,"Jl. Kenanga No. 170, Bekasi Selatan",Bekasi,Jawa Barat,+62 812-6927-0459,fitri.lesmana.459@example.invalid,Corporate Guarantee,17-Sep-2023,Ya,Aktif
PAT-MOCK-0000460,EMR-MOCK-0000460,MOCK-7694-19580429-0460,Bima Gunawan,Laki-laki,1958-04-29 00:00:00,B,Menikah,"Jl. Cendana No. 114, Panakkukang",Makassar,Sulawesi Selatan,+62 887-6011-0460,bima.pratama.460@example.invalid,BPJS Kesehatan,20-Oct-2025,Ya,Aktif
PAT-MOCK-0000461,EMR-MOCK-0000461,MOCK-6282-20140303-0461,Rani Simanjuntak,Perempuan,2014-03-03 00:00:00,Belum diperiksa,Cerai Hidup,"Jl. Mawar No. 110, Karawaci",Tangerang,Banten,+62 856-7458-0461,rani.saputra.461@example.invalid,Pribadi,31-Mar-2026,Ya,Aktif
PAT-MOCK-0000462,EMR-MOCK-0000462,MOCK-2084-20140319-0462,Kartika Gunawan,Perempuan,2014-03-19 00:00:00,O,Belum Menikah,"Jl. Kenanga No. 3, Serpong",Tangerang Selatan,Banten,+62 828-6414-0462,kartika.wijaya.462@example.invalid,Asuransi Perusahaan,18-Dec-2021,Tidak,Aktif
PAT-MOCK-0000463,EMR-MOCK-0000463,MOCK-2256-19660704-0463,Wulan Hartono,Perempuan,1966-07-04 00:00:00,AB,Cerai Hidup,"Jl. Melati No. 98, Bekasi Selatan",Bekasi,Jawa Barat,+62 894-2497-0463,wulan.santoso.463@example.invalid,BPJS Kesehatan,02-Apr-2018,Ya,Aktif
PAT-MOCK-0000464,EMR-MOCK-0000464,MOCK-5258-20110419-0464,Bagas Purnama,Laki-laki,2011-04-19 00:00:00,A,Cerai Mati,"Jl. Cendana No. 51, Ilir Barat I",Palembang,Sumatera Selatan,+62 889-3893-0464,bagas.hidayat.464@example.invalid,Pribadi,09-Mar-2019,Tidak,Aktif
PAT-MOCK-0000465,EMR-MOCK-0000465,MOCK-2513-19640914-0465,Ahmad Maulana,Laki-laki,1964-09-14 00:00:00,O,Cerai Mati,"Jl. Melati No. 149, Karawaci",Tangerang,Banten,+62 842-6376-0465,ahmad.nugraha.465@example.invalid,Corporate Guarantee,04-Jun-2022,Ya,Aktif
PAT-MOCK-0000466,EMR-MOCK-0000466,MOCK-9307-19581030-0466,Intan Wijaya,Perempuan,1958-10-30 00:00:00,B,Cerai Hidup,"Jl. Melati No. 114, Beji",Depok,Jawa Barat,+62 881-7666-0466,intan.kusuma.466@example.invalid,BPJS Kesehatan,31-Mar-2019,Ya,Aktif
PAT-MOCK-0000467,EMR-MOCK-0000467,MOCK-5935-20171003-0467,Putri Nasution,Perempuan,2017-10-03 00:00:00,O,Menikah,"Jl. Cemara No. 175, Banyumanik",Semarang,Jawa Tengah,+62 897-6547-0467,putri.setiawan.467@example.invalid,Asuransi Perusahaan,07-Jul-2021,Tidak,Aktif
PAT-MOCK-0000468,EMR-MOCK-0000468,MOCK-3113-20040927-0468,Putri Santoso,Perempuan,2004-09-27 00:00:00,O,Menikah,"Jl. Cendana No. 45, Banyumanik",Semarang,Jawa Tengah,+62 899-1439-0468,putri.permana.468@example.invalid,Asuransi Perusahaan,22-Nov-2025,Ya,Aktif
PAT-MOCK-0000469,EMR-MOCK-0000469,MOCK-8927-19770714-0469,Intan Saputra,Perempuan,1977-07-14 00:00:00,B,Cerai Hidup,"Jl. Melati No. 130, Serpong",Tangerang Selatan,Banten,+62 855-9679-0469,intan.ramadhan.469@example.invalid,Pribadi,14-Sep-2019,Tidak,Aktif
PAT-MOCK-0000470,EMR-MOCK-0000470,MOCK-3804-19881222-0470,Citra Setiawan,Perempuan,1988-12-22 00:00:00,O,Cerai Mati,"Jl. Cendana No. 170, Medan Baru",Medan,Sumatera Utara,+62 868-1894-0470,citra.maulana.470@example.invalid,Asuransi Swasta,26-Oct-2018,Ya,Aktif
PAT-MOCK-0000471,EMR-MOCK-0000471,MOCK-1985-20090507-0471,Eko Gunawan,Laki-laki,2009-05-07 00:00:00,O,Belum Menikah,"Jl. Rajawali No. 108, Beji",Depok,Jawa Barat,+62 866-1159-0471,eko.utama.471@example.invalid,Pribadi,09-Feb-2022,Ya,Aktif
PAT-MOCK-0000472,EMR-MOCK-0000472,MOCK-5405-19901031-0472,Ahmad Santoso,Laki-laki,1990-10-31 00:00:00,A,Menikah,"Jl. Cendana No. 145, Beji",Depok,Jawa Barat,+62 878-1160-0472,ahmad.purnama.472@example.invalid,BPJS Kesehatan,07-May-2021,Ya,Aktif
PAT-MOCK-0000473,EMR-MOCK-0000473,MOCK-7991-20230226-0473,Danu Kusuma,Laki-laki,2023-02-26 00:00:00,O,Belum Menikah,"Jl. Merpati No. 38, Medan Baru",Medan,Sumatera Utara,+62 858-6672-0473,danu.siregar.473@example.invalid,Corporate Guarantee,27-Feb-2023,Tidak,Aktif
PAT-MOCK-0000474,EMR-MOCK-0000474,MOCK-6476-19820813-0474,Anindya Utama,Perempuan,1982-08-13 00:00:00,O,Cerai Mati,"Jl. Rajawali No. 2, Bekasi Selatan",Bekasi,Jawa Barat,+62 883-8590-0474,anindya.nasution.474@example.invalid,Asuransi Swasta,08-May-2025,Ya,Aktif
PAT-MOCK-0000475,EMR-MOCK-0000475,MOCK-6355-19500102-0475,Wulan Pratama,Perempuan,1950-01-02 00:00:00,B,Belum Menikah,"Jl. Flamboyan No. 91, Bekasi Selatan",Bekasi,Jawa Barat,+62 866-4020-0475,wulan.simanjuntak.475@example.invalid,BPJS Kesehatan,07-Aug-2022,Ya,Aktif
PAT-MOCK-0000476,EMR-MOCK-0000476,MOCK-2487-19850103-0476,Anindya Ramadhan,Perempuan,1985-01-03 00:00:00,B,Menikah,"Jl. Mawar No. 120, Bekasi Selatan",Bekasi,Jawa Barat,+62 891-9748-0476,anindya.halim.476@example.invalid,Pribadi,16-Nov-2019,Ya,Aktif
PAT-MOCK-0000477,EMR-MOCK-0000477,MOCK-8658-20050610-0477,Bagas Utama,Laki-laki,2005-06-10 00:00:00,O,Cerai Hidup,"Jl. Merpati No. 110, Kebayoran Baru",Jakarta Selatan,DKI Jakarta,+62 887-5539-0477,bagas.gunawan.477@example.invalid,Asuransi Perusahaan,23-Feb-2019,Ya,Aktif
PAT-MOCK-0000478,EMR-MOCK-0000478,MOCK-7170-19550923-0478,Putri Kusuma,Perempuan,1955-09-23 00:00:00,B,Belum Menikah,"Jl. Dahlia No. 97, Coblong",Bandung,Jawa Barat,+62 872-5790-0478,putri.hartono.478@example.invalid,BPJS Kesehatan,01-Dec-2019,Ya,Aktif
PAT-MOCK-0000479,EMR-MOCK-0000479,MOCK-7448-20130607-0479,Maya Lesmana,Perempuan,2013-06-07 00:00:00,B,Menikah,"Jl. Anggrek No. 122, Bekasi Selatan",Bekasi,Jawa Barat,+62 851-7739-0479,maya.lesmana.479@example.invalid,Corporate Guarantee,29-May-2025,Ya,Aktif
PAT-MOCK-0000480,EMR-MOCK-0000480,MOCK-1678-19990811-0480,Rani Purnama,Perempuan,1999-08-11 00:00:00,B,Cerai Hidup,"Jl. Anggrek No. 106, Denpasar Selatan",Denpasar,Bali,+62 819-1430-0480,rani.pratama.480@example.invalid,BPJS Kesehatan,30-Apr-2019,Ya,Aktif
PAT-MOCK-0000481,EMR-MOCK-0000481,MOCK-3905-19840131-0481,Sekar Pratama,Perempuan,1984-01-31 00:00:00,B,Menikah,"Jl. Anggrek No. 178, Kebon Jeruk",Jakarta Barat,DKI Jakarta,+62 824-2262-0481,sekar.saputra.481@example.invalid,Pribadi,06-Jun-2026,Ya,Aktif
PAT-MOCK-0000482,EMR-MOCK-0000482,MOCK-4888-20040926-0482,Amelia Gunawan,Perempuan,2004-09-26 00:00:00,B,Cerai Mati,"Jl. Cemara No. 172, Serpong",Tangerang Selatan,Banten,+62 812-8772-0482,amelia.wijaya.482@example.invalid,Asuransi Perusahaan,17-Sep-2023,Tidak,Aktif
PAT-MOCK-0000483,EMR-MOCK-0000483,MOCK-8919-19930114-0483,Bagas Purnama,Laki-laki,1993-01-14 00:00:00,B,Belum Menikah,"Jl. Anggrek No. 151, Wonokromo",Surabaya,Jawa Timur,+62 891-7557-0483,bagas.santoso.483@example.invalid,Asuransi Swasta,05-Oct-2022,Ya,Aktif
PAT-MOCK-0000484,EMR-MOCK-0000484,MOCK-3593-19680204-0484,Sekar Setiawan,Perempuan,1968-02-04 00:00:00,B,Belum Menikah,"Jl. Cendana No. 138, Beji",Depok,Jawa Barat,+62 876-6612-0484,sekar.hidayat.484@example.invalid,Asuransi Swasta,22-Mar-2019,Ya,Aktif
PAT-MOCK-0000485,EMR-MOCK-0000485,MOCK-6109-20200510-0485,Raka Wijaya,Laki-laki,2020-05-10 00:00:00,AB,Cerai Hidup,"Jl. Mawar No. 65, Banyumanik",Semarang,Jawa Tengah,+62 838-2766-0485,raka.nugraha.485@example.invalid,BPJS Kesehatan,26-Oct-2020,Tidak,Aktif
PAT-MOCK-0000486,EMR-MOCK-0000486,MOCK-9956-19600330-0486,Dinda Hidayat,Perempuan,1960-03-30 00:00:00,O,Cerai Mati,"Jl. Merpati No. 80, Kebayoran Baru",Jakarta Selatan,DKI Jakarta,+62 839-1012-0486,dinda.kusuma.486@example.invalid,Pribadi,07-Oct-2023,Ya,Aktif
PAT-MOCK-0000487,EMR-MOCK-0000487,MOCK-8836-19850425-0487,Irfan Nasution,Laki-laki,1985-04-25 00:00:00,O,Belum Menikah,"Jl. Merpati No. 42, Ilir Barat I",Palembang,Sumatera Selatan,+62 815-2291-0487,irfan.setiawan.487@example.invalid,BPJS Kesehatan,23-Feb-2019,Ya,Aktif
PAT-MOCK-0000488,EMR-MOCK-0000488,MOCK-1185-19701227-0488,Maya Ramadhan,Perempuan,1970-12-27 00:00:00,O,Cerai Hidup,"Jl. Kenanga No. 141, Kebayoran Baru",Jakarta Selatan,DKI Jakarta,+62 843-8667-0488,maya.permana.488@example.invalid,Corporate Guarantee,22-Jul-2021,Ya,Aktif
PAT-MOCK-0000489,EMR-MOCK-0000489,MOCK-6467-19630216-0489,Arif Wijaya,Laki-laki,1963-02-16 00:00:00,Belum diperiksa,Cerai Mati,"Jl. Kenanga No. 166, Beji",Depok,Jawa Barat,+62 889-7271-0489,arif.ramadhan.489@example.invalid,Pribadi,16-Jul-2019,Ya,Aktif
PAT-MOCK-0000490,EMR-MOCK-0000490,MOCK-2809-20160125-0490,Putri Hartono,Perempuan,2016-01-25 00:00:00,B,Cerai Hidup,"Jl. Dahlia No. 117, Kebon Jeruk",Jakarta Barat,DKI Jakarta,+62 841-7119-0490,putri.maulana.490@example.invalid,BPJS Kesehatan,01-Dec-2024,Ya,Aktif
PAT-MOCK-0000491,EMR-MOCK-0000491,MOCK-1945-19671211-0491,Tiara Pratama,Perempuan,1967-12-11 00:00:00,B,Cerai Mati,"Jl. Melati No. 167, Medan Baru",Medan,Sumatera Utara,+62 879-3059-0491,tiara.utama.491@example.invalid,Pribadi,28-Oct-2023,Ya,Aktif
PAT-MOCK-0000492,EMR-MOCK-0000492,MOCK-5951-19630531-0492,Nabila Purnama,Perempuan,1963-05-31 00:00:00,A,Belum Menikah,"Jl. Kenanga No. 68, Panakkukang",Makassar,Sulawesi Selatan,+62 857-4283-0492,nabila.purnama.492@example.invalid,Pribadi,18-Mar-2024,Ya,Aktif
PAT-MOCK-0000493,EMR-MOCK-0000493,MOCK-9462-19910404-0493,Yoga Hidayat,Laki-laki,1991-04-04 00:00:00,B,Belum Menikah,"Jl. Flamboyan No. 157, Banyumanik",Semarang,Jawa Tengah,+62 861-2112-0493,yoga.siregar.493@example.invalid,Corporate Guarantee,24-Aug-2019,Ya,Aktif
PAT-MOCK-0000494,EMR-MOCK-0000494,MOCK-6074-20081119-0494,Maya Hartono,Perempuan,2008-11-19 00:00:00,B,Belum Menikah,"Jl. Cemara No. 114, Denpasar Selatan",Denpasar,Bali,+62 889-3956-0494,maya.nasution.494@example.invalid,Pribadi,23-Nov-2025,Ya,Aktif
PAT-MOCK-0000495,EMR-MOCK-0000495,MOCK-5816-20220113-0495,Farhan Gunawan,Laki-laki,2022-01-13 00:00:00,B,Cerai Mati,"Jl. Merpati No. 96, Coblong",Bandung,Jawa Barat,+62 848-4614-0495,farhan.simanjuntak.495@example.invalid,BPJS Kesehatan,01-Aug-2022,Ya,Tidak Aktif
PAT-MOCK-0000496,EMR-MOCK-0000496,MOCK-9087-19711230-0496,Amelia Setiawan,Perempuan,1971-12-30 00:00:00,B,Belum Menikah,"Jl. Anggrek No. 11, Beji",Depok,Jawa Barat,+62 882-5407-0496,amelia.halim.496@example.invalid,Asuransi Swasta,28-Apr-2022,Tidak,Aktif
PAT-MOCK-0000497,EMR-MOCK-0000497,MOCK-9651-20090918-0497,Bima Pratama,Laki-laki,2009-09-18 00:00:00,A,Menikah,"Jl. Cemara No. 101, Kebon Jeruk",Jakarta Barat,DKI Jakarta,+62 833-1097-0497,bima.gunawan.497@example.invalid,Corporate Guarantee,01-Mar-2020,Ya,Aktif
PAT-MOCK-0000498,EMR-MOCK-0000498,MOCK-8462-19880126-0498,Eko Gunawan,Laki-laki,1988-01-26 00:00:00,O,Cerai Hidup,"Jl. Mawar No. 29, Karawaci",Tangerang,Banten,+62 832-8588-0498,eko.hartono.498@example.invalid,Asuransi Swasta,14-Mar-2018,Tidak,Aktif
PAT-MOCK-0000499,EMR-MOCK-0000499,MOCK-6277-19720629-0499,Dewi Pratama,Perempuan,1972-06-29 00:00:00,A,Belum Menikah,"Jl. Anggrek No. 167, Kebayoran Baru",Jakarta Selatan,DKI Jakarta,+62 853-5544-0499,dewi.lesmana.499@example.invalid,BPJS Kesehatan,08-Sep-2019,Ya,Aktif
PAT-MOCK-0000500,EMR-MOCK-0000500,MOCK-6105-20140724-0500,Anindya Halim,Perempuan,2014-07-24 00:00:00,O,Cerai Mati,"Jl. Anggrek No. 68, Medan Baru",Medan,Sumatera Utara,+62 818-5730-0500,anindya.pratama.500@example.invalid,BPJS Kesehatan,12-Sep-2020,Ya,Aktif
PAT-MOCK-0000501,EMR-MOCK-0000501,MOCK-9181-19681107-0501,Dinda Permana,Perempuan,1968-11-07 00:00:00,A,Cerai Mati,"Jl. Anggrek No. 22, Kebayoran Baru",Jakarta Selatan,DKI Jakarta,+62 868-1992-0501,dinda.saputra.501@example.invalid,Asuransi Perusahaan,25-Mar-2022,Tidak,Aktif
PAT-MOCK-0000502,EMR-MOCK-0000502,MOCK-9725-19511229-0502,Joko Setiawan,Laki-laki,1951-12-29 00:00:00,A,Menikah,"Jl. Mawar No. 30, Kebon Jeruk",Jakarta Barat,DKI Jakarta,+62 831-1813-0502,joko.wijaya.502@example.invalid,Asuransi Swasta,03-Dec-2022,Ya,Aktif
PAT-MOCK-0000503,EMR-MOCK-0000503,MOCK-2374-19800714-0503,Kartika Kusuma,Perempuan,1980-07-14 00:00:00,A,Cerai Hidup,"Jl. Merpati No. 148, Kebon Jeruk",Jakarta Barat,DKI Jakarta,+62 865-7924-0503,kartika.santoso.503@example.invalid,Asuransi Swasta,20-Feb-2020,Ya,Aktif
PAT-MOCK-0000504,EMR-MOCK-0000504,MOCK-3726-19661208-0504,Aditya Setiawan,Laki-laki,1966-12-08 00:00:00,O,Belum Menikah,"Jl. Anggrek No. 103, Karawaci",Tangerang,Banten,+62 891-3138-0504,aditya.hidayat.504@example.invalid,Asuransi Perusahaan,27-May-2024,Tidak,Aktif
PAT-MOCK-0000505,EMR-MOCK-0000505,MOCK-4204-19710628-0505,Lestari Utama,Perempuan,1971-06-28 00:00:00,O,Belum Menikah,"Jl. Kenanga No. 106, Kebayoran Baru",Jakarta Selatan,DKI Jakarta,+62 893-2822-0505,lestari.nugraha.505@example.invalid,Pribadi,11-Jul-2023,Ya,Aktif
PAT-MOCK-0000506,EMR-MOCK-0000506,MOCK-7655-20070627-0506,Rani Nasution,Perempuan,2007-06-27 00:00:00,A,Cerai Hidup,"Jl. Cendana No. 44, Wonokromo",Surabaya,Jawa Timur,+62 810-4967-0506,rani.kusuma.506@example.invalid,Corporate Guarantee,18-Nov-2020,Ya,Aktif
PAT-MOCK-0000507,EMR-MOCK-0000507,MOCK-9306-19970809-0507,Ahmad Purnama,Laki-laki,1997-08-09 00:00:00,O,Belum Menikah,"Jl. Merpati No. 49, Kebayoran Baru",Jakarta Selatan,DKI Jakarta,+62 890-8142-0507,ahmad.setiawan.507@example.invalid,Asuransi Swasta,21-May-2026,Ya,Aktif
PAT-MOCK-0000508,EMR-MOCK-0000508,MOCK-6683-19770909-0508,Wulan Hidayat,Perempuan,1977-09-09 00:00:00,O,Menikah,"Jl. Melati No. 93, Coblong",Bandung,Jawa Barat,+62 865-6041-0508,wulan.permana.508@example.invalid,BPJS Kesehatan,01-Sep-2021,Tidak,Aktif
PAT-MOCK-0000509,EMR-MOCK-0000509,MOCK-1351-19530203-0509,Maya Nasution,Perempuan,1953-02-03 00:00:00,B,Cerai Hidup,"Jl. Cendana No. 63, Coblong",Bandung,Jawa Barat,+62 838-5853-0509,maya.ramadhan.509@example.invalid,Corporate Guarantee,16-Sep-2021,Tidak,Aktif
PAT-MOCK-0000510,EMR-MOCK-0000510,MOCK-9214-19790905-0510,Intan Siregar,Perempuan,1979-09-05 00:00:00,Belum diperiksa,Cerai Hidup,"Jl. Cendana No. 44, Duren Sawit",Jakarta Timur,DKI Jakarta,+62 873-8318-0510,intan.maulana.510@example.invalid,Pribadi,28-Apr-2022,Ya,Aktif
PAT-MOCK-0000511,EMR-MOCK-0000511,MOCK-5697-19901017-0511,Eko Pratama,Laki-laki,1990-10-17 00:00:00,B,Belum Menikah,"Jl. Merpati No. 161, Karawaci",Tangerang,Banten,+62 835-9967-0511,eko.utama.511@example.invalid,Pribadi,16-Aug-2021,Ya,Aktif
PAT-MOCK-0000512,EMR-MOCK-0000512,MOCK-9656-19620210-0512,Citra Setiawan,Perempuan,1962-02-10 00:00:00,O,Menikah,"Jl. Anggrek No. 50, Wonokromo",Surabaya,Jawa Timur,+62 833-6853-0512,citra.purnama.512@example.invalid,BPJS Kesehatan,25-Nov-2024,Ya,Aktif
PAT-MOCK-0000513,EMR-MOCK-0000513,MOCK-1188-19851019-0513,Hendra Maulana,Laki-laki,1985-10-19 00:00:00,A,Cerai Mati,"Jl. Kenanga No. 109, Beji",Depok,Jawa Barat,+62 869-5287-0513,hendra.siregar.513@example.invalid,Corporate Guarantee,14-Oct-2020,Ya,Aktif
PAT-MOCK-0000514,EMR-MOCK-0000514,MOCK-6931-19740902-0514,Dinda Utama,Perempuan,1974-09-02 00:00:00,O,Belum Menikah,"Jl. Flamboyan No. 161, Denpasar Selatan",Denpasar,Bali,+62 813-5638-0514,dinda.nasution.514@example.invalid,Asuransi Swasta,13-Sep-2018,Tidak,Aktif
PAT-MOCK-0000515,EMR-MOCK-0000515,MOCK-6160-20090323-0515,Fitri Hartono,Perempuan,2009-03-23 00:00:00,B,Belum Menikah,"Jl. Mawar No. 110, Medan Baru",Medan,Sumatera Utara,+62 852-4111-0515,fitri.simanjuntak.515@example.invalid,BPJS Kesehatan,10-Jun-2022,Tidak,Aktif
PAT-MOCK-0000516,EMR-MOCK-0000516,MOCK-8192-19890608-0516,Rangga Santoso,Laki-laki,1989-06-08 00:00:00,A,Menikah,"Jl. Flamboyan No. 12, Kebayoran Baru",Jakarta Selatan,DKI Jakarta,+62 815-2682-0516,rangga.halim.516@example.invalid,Pribadi,14-Oct-2018,Ya,Aktif
PAT-MOCK-0000517,EMR-MOCK-0000517,MOCK-6447-20190812-0517,Rizky Setiawan,Laki-laki,2019-08-12 00:00:00,O,Menikah,"Jl. Kenanga No. 42, Banyumanik",Semarang,Jawa Tengah,+62 894-5210-0517,rizky.gunawan.517@example.invalid,BPJS Kesehatan,15-Mar-2025,Ya,Aktif
PAT-MOCK-0000518,EMR-MOCK-0000518,MOCK-5339-19500719-0518,Bagas Simanjuntak,Laki-laki,1950-07-19 00:00:00,A,Menikah,"Jl. Merpati No. 180, Duren Sawit",Jakarta Timur,DKI Jakarta,+62 863-2146-0518,bagas.hartono.518@example.invalid,Asuransi Perusahaan,15-Jun-2020,Ya,Aktif
PAT-MOCK-0000519,EMR-MOCK-0000519,MOCK-7758-20030421-0519,Citra Ramadhan,Perempuan,2003-04-21 00:00:00,O,Belum Menikah,"Jl. Anggrek No. 124, Beji",Depok,Jawa Barat,+62 896-6689-0519,citra.lesmana.519@example.invalid,Asuransi Perusahaan,13-Nov-2025,Ya,Aktif
PAT-MOCK-0000520,EMR-MOCK-0000520,MOCK-5816-20140417-0520,Anindya Ramadhan,Perempuan,2014-04-17 00:00:00,O,Belum Menikah,"Jl. Dahlia No. 73, Ilir Barat I",Palembang,Sumatera Selatan,+62 896-9321-0520,anindya.pratama.520@example.invalid,Asuransi Perusahaan,08-Jun-2026,Ya,Aktif
PAT-MOCK-0000521,EMR-MOCK-0000521,MOCK-2771-19540923-0521,Fajar Nasution,Laki-laki,1954-09-23 00:00:00,B,Cerai Hidup,"Jl. Melati No. 18, Serpong",Tangerang Selatan,Banten,+62 861-6180-0521,fajar.saputra.521@example.invalid,BPJS Kesehatan,14-Sep-2018,Ya,Aktif
PAT-MOCK-0000522,EMR-MOCK-0000522,MOCK-8172-19510408-0522,Ahmad Hidayat,Laki-laki,1951-04-08 00:00:00,O,Cerai Mati,"Jl. Rajawali No. 22, Panakkukang",Makassar,Sulawesi Selatan,+62 863-4019-0522,ahmad.wijaya.522@example.invalid,Asuransi Perusahaan,18-Nov-2021,Ya,Aktif
PAT-MOCK-0000523,EMR-MOCK-0000523,MOCK-3322-19450224-0523,Nabila Pratama,Perempuan,1945-02-24 00:00:00,A,Belum Menikah,"Jl. Flamboyan No. 161, Wonokromo",Surabaya,Jawa Timur,+62 824-4240-0523,nabila.santoso.523@example.invalid,Pribadi,03-Dec-2024,Ya,Aktif
PAT-MOCK-0000524,EMR-MOCK-0000524,MOCK-4205-19541028-0524,Raka Kusuma,Laki-laki,1954-10-28 00:00:00,AB,Cerai Mati,"Jl. Mawar No. 27, Kebon Jeruk",Jakarta Barat,DKI Jakarta,+62 816-8086-0524,raka.hidayat.524@example.invalid,BPJS Kesehatan,16-Mar-2026,Ya,Aktif
PAT-MOCK-0000525,EMR-MOCK-0000525,MOCK-9066-19620522-0525,Farhan Simanjuntak,Laki-laki,1962-05-22 00:00:00,O,Cerai Mati,"Jl. Dahlia No. 89, Coblong",Bandung,Jawa Barat,+62 843-5837-0525,farhan.nugraha.525@example.invalid,Asuransi Swasta,11-May-2025,Ya,Aktif
PAT-MOCK-0000526,EMR-MOCK-0000526,MOCK-5361-19640529-0526,Ahmad Ramadhan,Laki-laki,1964-05-29 00:00:00,O,Belum Menikah,"Jl. Rajawali No. 79, Beji",Depok,Jawa Barat,+62 812-4887-0526,ahmad.kusuma.526@example.invalid,BPJS Kesehatan,19-Nov-2025,Ya,Aktif
PAT-MOCK-0000527,EMR-MOCK-0000527,MOCK-7620-19671216-0527,Dinda Wijaya,Perempuan,1967-12-16 00:00:00,B,Cerai Hidup,"Jl. Cendana No. 86, Wonokromo",Surabaya,Jawa Timur,+62 831-2012-0527,dinda.setiawan.527@example.invalid,Asuransi Perusahaan,11-Nov-2023,Ya,Aktif
PAT-MOCK-0000528,EMR-MOCK-0000528,MOCK-8696-20151101-0528,Bima Halim,Laki-laki,2015-11-01 00:00:00,B,Belum Menikah,"Jl. Cemara No. 89, Ilir Barat I",Palembang,Sumatera Selatan,+62 894-1165-0528,bima.permana.528@example.invalid,Pribadi,14-Mar-2025,Ya,Aktif
PAT-MOCK-0000529,EMR-MOCK-0000529,MOCK-6609-20040101-0529,Citra Hartono,Perempuan,2004-01-01 00:00:00,B,Belum Menikah,"Jl. Cendana No. 4, Bekasi Selatan",Bekasi,Jawa Barat,+62 854-5539-0529,citra.ramadhan.529@example.invalid,Corporate Guarantee,19-Sep-2021,Ya,Aktif
PAT-MOCK-0000530,EMR-MOCK-0000530,MOCK-7892-19461116-0530,Wulan Permana,Perempuan,1946-11-16 00:00:00,O,Cerai Mati,"Jl. Merpati No. 22, Wonokromo",Surabaya,Jawa Timur,+62 866-9865-0530,wulan.maulana.530@example.invalid,Corporate Guarantee,20-Oct-2018,Tidak,Aktif
PAT-MOCK-0000531,EMR-MOCK-0000531,MOCK-6809-19460403-0531,Joko Utama,Laki-laki,1946-04-03 00:00:00,O,Menikah,"Jl. Anggrek No. 80, Wonokromo",Surabaya,Jawa Timur,+62 814-9114-0531,joko.utama.531@example.invalid,Pribadi,17-Apr-2022,Ya,Aktif
PAT-MOCK-0000532,EMR-MOCK-0000532,MOCK-2677-19450322-0532,Wulan Lesmana,Perempuan,1945-03-22 00:00:00,O,Belum Menikah,"Jl. Dahlia No. 73, Wonokromo",Surabaya,Jawa Timur,+62 882-5625-0532,wulan.purnama.532@example.invalid,BPJS Kesehatan,16-Feb-2018,Ya,Aktif
PAT-MOCK-0000533,EMR-MOCK-0000533,MOCK-4181-19760928-0533,Bagas Wijaya,Laki-laki,1976-09-28 00:00:00,A,Menikah,"Jl. Cendana No. 43, Medan Baru",Medan,Sumatera Utara,+62 815-7832-0533,bagas.siregar.533@example.invalid,BPJS Kesehatan,01-Apr-2020,Ya,Aktif
PAT-MOCK-0000534,EMR-MOCK-0000534,MOCK-9470-20110731-0534,Arif Gunawan,Laki-laki,2011-07-31 00:00:00,AB,Menikah,"Jl. Anggrek No. 63, Beji",Depok,Jawa Barat,+62 868-5186-0534,arif.nasution.534@example.invalid,Corporate Guarantee,01-Oct-2025,Ya,Aktif
PAT-MOCK-0000535,EMR-MOCK-0000535,MOCK-7615-19681012-0535,Nadia Halim,Perempuan,1968-10-12 00:00:00,A,Menikah,"Jl. Cemara No. 56, Bogor Tengah",Bogor,Jawa Barat,+62 862-5534-0535,nadia.simanjuntak.535@example.invalid,Corporate Guarantee,20-Oct-2019,Tidak,Aktif
PAT-MOCK-0000536,EMR-MOCK-0000536,MOCK-4239-19820804-0536,Joko Santoso,Laki-laki,1982-08-04 00:00:00,O,Menikah,"Jl. Rajawali No. 81, Banyumanik",Semarang,Jawa Tengah,+62 868-9708-0536,joko.halim.536@example.invalid,Asuransi Swasta,14-Feb-2021,Tidak,Aktif
PAT-MOCK-0000537,EMR-MOCK-0000537,MOCK-1522-19641011-0537,Maya Gunawan,Perempuan,1964-10-11 00:00:00,O,Cerai Mati,"Jl. Mawar No. 176, Ilir Barat I",Palembang,Sumatera Selatan,+62 814-6185-0537,maya.gunawan.537@example.invalid,BPJS Kesehatan,21-Feb-2022,Tidak,Aktif
PAT-MOCK-0000538,EMR-MOCK-0000538,MOCK-6291-19550314-0538,Nadia Halim,Perempuan,1955-03-14 00:00:00,O,Belum Menikah,"Jl. Merpati No. 79, Kebayoran Baru",Jakarta Selatan,DKI Jakarta,+62 892-5392-0538,nadia.hartono.538@example.invalid,Corporate Guarantee,04-Mar-2022,Ya,Aktif
PAT-MOCK-0000539,EMR-MOCK-0000539,MOCK-5448-19851221-0539,Rizky Pratama,Laki-laki,1985-12-21 00:00:00,B,Cerai Hidup,"Jl. Anggrek No. 59, Ilir Barat I",Palembang,Sumatera Selatan,+62 889-1789-0539,rizky.lesmana.539@example.invalid,Asuransi Swasta,28-Feb-2019,Ya,Aktif
PAT-MOCK-0000540,EMR-MOCK-0000540,MOCK-9718-19910525-0540,Wulan Saputra,Perempuan,1991-05-25 00:00:00,A,Cerai Hidup,"Jl. Mawar No. 119, Wonokromo",Surabaya,Jawa Timur,+62 883-2132-0540,wulan.pratama.540@example.invalid,BPJS Kesehatan,17-Nov-2022,Tidak,Aktif
PAT-MOCK-0000541,EMR-MOCK-0000541,MOCK-8597-19880716-0541,Maya Setiawan,Perempuan,1988-07-16 00:00:00,O,Menikah,"Jl. Cendana No. 3, Beji",Depok,Jawa Barat,+62 841-1605-0541,maya.saputra.541@example.invalid,Asuransi Perusahaan,13-Jul-2019,Tidak,Aktif
PAT-MOCK-0000542,EMR-MOCK-0000542,MOCK-2094-19501114-0542,Nabila Saputra,Perempuan,1950-11-14 00:00:00,B,Cerai Hidup,"Jl. Cendana No. 158, Denpasar Selatan",Denpasar,Bali,+62 869-1541-0542,nabila.wijaya.542@example.invalid,Corporate Guarantee,31-Mar-2022,Tidak,Aktif
PAT-MOCK-0000543,EMR-MOCK-0000543,MOCK-9260-20170711-0543,Bima Wijaya,Laki-laki,2017-07-11 00:00:00,B,Belum Menikah,"Jl. Cendana No. 70, Bekasi Selatan",Bekasi,Jawa Barat,+62 822-3697-0543,bima.santoso.543@example.invalid,Pribadi,27-Mar-2020,Ya,Aktif
PAT-MOCK-0000544,EMR-MOCK-0000544,MOCK-6155-19981108-0544,Arya Gunawan,Laki-laki,1998-11-08 00:00:00,A,Belum Menikah,"Jl. Mawar No. 180, Kebayoran Baru",Jakarta Selatan,DKI Jakarta,+62 815-2594-0544,arya.hidayat.544@example.invalid,Pribadi,22-Mar-2022,Tidak,Aktif
PAT-MOCK-0000545,EMR-MOCK-0000545,MOCK-2518-20180510-0545,Nadia Siregar,Perempuan,2018-05-10 00:00:00,B,Belum Menikah,"Jl. Dahlia No. 131, Kebayoran Baru",Jakarta Selatan,DKI Jakarta,+62 821-2126-0545,nadia.nugraha.545@example.invalid,BPJS Kesehatan,11-May-2018,Ya,Aktif
PAT-MOCK-0000546,EMR-MOCK-0000546,MOCK-5384-19520722-0546,Irfan Pratama,Laki-laki,1952-07-22 00:00:00,AB,Cerai Hidup,"Jl. Merpati No. 99, Denpasar Selatan",Denpasar,Bali,+62 862-2526-0546,irfan.kusuma.546@example.invalid,Corporate Guarantee,12-Jul-2018,Ya,Aktif
PAT-MOCK-0000547,EMR-MOCK-0000547,MOCK-7804-19990520-0547,Rizky Nasution,Laki-laki,1999-05-20 00:00:00,O,Cerai Hidup,"Jl. Melati No. 86, Kebayoran Baru",Jakarta Selatan,DKI Jakarta,+62 878-1320-0547,rizky.setiawan.547@example.invalid,BPJS Kesehatan,18-Dec-2020,Ya,Aktif
PAT-MOCK-0000548,EMR-MOCK-0000548,MOCK-1617-20181022-0548,Sekar Kusuma,Perempuan,2018-10-22 00:00:00,B,Belum Menikah,"Jl. Merpati No. 67, Banyumanik",Semarang,Jawa Tengah,+62 883-7047-0548,sekar.permana.548@example.invalid,Corporate Guarantee,27-Jun-2021,Tidak,Aktif
PAT-MOCK-0000549,EMR-MOCK-0000549,MOCK-8738-19511021-0549,Aisyah Pratama,Perempuan,1951-10-21 00:00:00,O,Cerai Hidup,"Jl. Cemara No. 176, Denpasar Selatan",Denpasar,Bali,+62 817-2800-0549,aisyah.ramadhan.549@example.invalid,Pribadi,08-Feb-2023,Ya,Aktif
PAT-MOCK-0000550,EMR-MOCK-0000550,MOCK-7821-19470629-0550,Anindya Utama,Perempuan,1947-06-29 00:00:00,O,Cerai Mati,"Jl. Dahlia No. 106, Ilir Barat I",Palembang,Sumatera Selatan,+62 860-8938-0550,anindya.maulana.550@example.invalid,BPJS Kesehatan,28-Feb-2024,Tidak,Aktif
PAT-MOCK-0000551,EMR-MOCK-0000551,MOCK-9810-19500221-0551,Nadia Hartono,Perempuan,1950-02-21 00:00:00,B,Cerai Mati,"Jl. Anggrek No. 72, Bekasi Selatan",Bekasi,Jawa Barat,+62 844-9577-0551,nadia.utama.551@example.invalid,BPJS Kesehatan,20-Oct-2024,Ya,Aktif
PAT-MOCK-0000552,EMR-MOCK-0000552,MOCK-7031-19721115-0552,Bima Pratama,Laki-laki,1972-11-15 00:00:00,A,Menikah,"Jl. Cemara No. 20, Panakkukang",Makassar,Sulawesi Selatan,+62 844-3405-0552,bima.purnama.552@example.invalid,Corporate Guarantee,20-Mar-2018,Ya,Aktif
PAT-MOCK-0000553,EMR-MOCK-0000553,MOCK-4485-19980524-0553,Dimas Siregar,Laki-laki,1998-05-24 00:00:00,B,Cerai Mati,"Jl. Kenanga No. 80, Medan Baru",Medan,Sumatera Utara,+62 856-3350-0553,dimas.siregar.553@example.invalid,Asuransi Swasta,29-Jun-2020,Ya,Aktif
PAT-MOCK-0000554,EMR-MOCK-0000554,MOCK-5010-19450821-0554,Kartika Setiawan,Perempuan,1945-08-21 00:00:00,AB,Cerai Hidup,"Jl. Rajawali No. 159, Serpong",Tangerang Selatan,Banten,+62 897-5788-0554,kartika.nasution.554@example.invalid,Corporate Guarantee,25-Dec-2024,Ya,Aktif
PAT-MOCK-0000555,EMR-MOCK-0000555,MOCK-5080-20140130-0555,Rangga Saputra,Laki-laki,2014-01-30 00:00:00,AB,Belum Menikah,"Jl. Merpati No. 75, Banyumanik",Semarang,Jawa Tengah,+62 822-7328-0555,rangga.simanjuntak.555@example.invalid,Asuransi Swasta,25-Aug-2025,Tidak,Aktif
PAT-MOCK-0000556,EMR-MOCK-0000556,MOCK-8703-19740827-0556,Amelia Siregar,Perempuan,1974-08-27 00:00:00,A,Cerai Hidup,"Jl. Dahlia No. 39, Kebon Jeruk",Jakarta Barat,DKI Jakarta,+62 874-2943-0556,amelia.halim.556@example.invalid,BPJS Kesehatan,29-Aug-2025,Tidak,Aktif
PAT-MOCK-0000557,EMR-MOCK-0000557,MOCK-1189-19610424-0557,Sekar Permana,Perempuan,1961-04-24 00:00:00,B,Menikah,"Jl. Dahlia No. 133, Denpasar Selatan",Denpasar,Bali,+62 899-9132-0557,sekar.gunawan.557@example.invalid,Asuransi Perusahaan,25-Feb-2025,Tidak,Aktif
PAT-MOCK-0000558,EMR-MOCK-0000558,MOCK-2083-19590602-0558,Hendra Pratama,Laki-laki,1959-06-02 00:00:00,A,Menikah,"Jl. Flamboyan No. 74, Ilir Barat I",Palembang,Sumatera Selatan,+62 891-5351-0558,hendra.hartono.558@example.invalid,BPJS Kesehatan,26-May-2026,Ya,Tidak Aktif
PAT-MOCK-0000559,EMR-MOCK-0000559,MOCK-6667-19530524-0559,Dimas Hidayat,Laki-laki,1953-05-24 00:00:00,O,Cerai Hidup,"Jl. Kenanga No. 96, Kebayoran Baru",Jakarta Selatan,DKI Jakarta,+62 845-8486-0559,dimas.lesmana.559@example.invalid,Corporate Guarantee,29-Aug-2018,Ya,Aktif
PAT-MOCK-0000560,EMR-MOCK-0000560,MOCK-3582-20141205-0560,Irfan Nugraha,Laki-laki,2014-12-05 00:00:00,O,Menikah,"Jl. Dahlia No. 20, Medan Baru",Medan,Sumatera Utara,+62 865-5760-0560,irfan.pratama.560@example.invalid,Corporate Guarantee,19-Apr-2019,Ya,Aktif
PAT-MOCK-0000561,EMR-MOCK-0000561,MOCK-7474-20000117-0561,Ahmad Setiawan,Laki-laki,2000-01-17 00:00:00,B,Cerai Mati,"Jl. Melati No. 42, Medan Baru",Medan,Sumatera Utara,+62 814-6413-0561,ahmad.saputra.561@example.invalid,Pribadi,18-Dec-2018,Ya,Aktif
PAT-MOCK-0000562,EMR-MOCK-0000562,MOCK-9420-20151014-0562,Putri Wijaya,Perempuan,2015-10-14 00:00:00,O,Cerai Hidup,"Jl. Kenanga No. 76, Ilir Barat I",Palembang,Sumatera Selatan,+62 822-3499-0562,putri.wijaya.562@example.invalid,Asuransi Swasta,06-Mar-2019,Ya,Aktif
PAT-MOCK-0000563,EMR-MOCK-0000563,MOCK-1687-19450106-0563,Sekar Utama,Perempuan,1945-01-06 00:00:00,O,Menikah,"Jl. Rajawali No. 52, Beji",Depok,Jawa Barat,+62 879-8702-0563,sekar.santoso.563@example.invalid,Corporate Guarantee,06-Aug-2021,Ya,Aktif
PAT-MOCK-0000564,EMR-MOCK-0000564,MOCK-1519-19470520-0564,Putri Pratama,Perempuan,1947-05-20 00:00:00,O,Menikah,"Jl. Dahlia No. 132, Bekasi Selatan",Bekasi,Jawa Barat,+62 831-2193-0564,putri.hidayat.564@example.invalid,Corporate Guarantee,05-Aug-2024,Ya,Aktif
PAT-MOCK-0000565,EMR-MOCK-0000565,MOCK-5036-20060901-0565,Danu Halim,Laki-laki,2006-09-01 00:00:00,Belum diperiksa,Cerai Hidup,"Jl. Dahlia No. 151, Medan Baru",Medan,Sumatera Utara,+62 822-5785-0565,danu.nugraha.565@example.invalid,Asuransi Perusahaan,11-Jun-2026,Ya,Aktif
PAT-MOCK-0000566,EMR-MOCK-0000566,MOCK-8107-20070401-0566,Farhan Purnama,Laki-laki,2007-04-01 00:00:00,AB,Cerai Mati,"Jl. Melati No. 43, Bogor Tengah",Bogor,Jawa Barat,+62 880-7168-0566,farhan.kusuma.566@example.invalid,Pribadi,03-Sep-2024,Ya,Aktif
PAT-MOCK-0000567,EMR-MOCK-0000567,MOCK-8134-19541117-0567,Dewi Santoso,Perempuan,1954-11-17 00:00:00,B,Cerai Mati,"Jl. Kenanga No. 49, Banyumanik",Semarang,Jawa Tengah,+62 827-3881-0567,dewi.setiawan.567@example.invalid,Asuransi Swasta,21-Dec-2024,Ya,Aktif
PAT-MOCK-0000568,EMR-MOCK-0000568,MOCK-7972-19450928-0568,Joko Hidayat,Laki-laki,1945-09-28 00:00:00,O,Cerai Hidup,"Jl. Mawar No. 146, Banyumanik",Semarang,Jawa Tengah,+62 837-1380-0568,joko.permana.568@example.invalid,Asuransi Perusahaan,07-Mar-2022,Ya,Aktif
PAT-MOCK-0000569,EMR-MOCK-0000569,MOCK-2119-19880907-0569,Ahmad Maulana,Laki-laki,1988-09-07 00:00:00,B,Menikah,"Jl. Merpati No. 148, Coblong",Bandung,Jawa Barat,+62 896-3833-0569,ahmad.ramadhan.569@example.invalid,BPJS Kesehatan,16-Nov-2022,Ya,Aktif
PAT-MOCK-0000570,EMR-MOCK-0000570,MOCK-2350-19820908-0570,Irfan Lesmana,Laki-laki,1982-09-08 00:00:00,O,Cerai Mati,"Jl. Melati No. 129, Bekasi Selatan",Bekasi,Jawa Barat,+62 874-8752-0570,irfan.maulana.570@example.invalid,Asuransi Swasta,17-Oct-2022,Tidak,Aktif
PAT-MOCK-0000571,EMR-MOCK-0000571,MOCK-4246-19460603-0571,Wulan Kusuma,Perempuan,1946-06-03 00:00:00,O,Cerai Hidup,"Jl. Melati No. 85, Duren Sawit",Jakarta Timur,DKI Jakarta,+62 889-7791-0571,wulan.utama.571@example.invalid,BPJS Kesehatan,12-Nov-2022,Tidak,Aktif
PAT-MOCK-0000572,EMR-MOCK-0000572,MOCK-5666-19550831-0572,Rangga Nasution,Laki-laki,1955-08-31 00:00:00,Belum diperiksa,Menikah,"Jl. Flamboyan No. 55, Panakkukang",Makassar,Sulawesi Selatan,+62 828-2608-0572,rangga.purnama.572@example.invalid,Pribadi,24-Jun-2024,Ya,Aktif
PAT-MOCK-0000573,EMR-MOCK-0000573,MOCK-9744-19530929-0573,Andi Nasution,Laki-laki,1953-09-29 00:00:00,A,Belum Menikah,"Jl. Anggrek No. 136, Coblong",Bandung,Jawa Barat,+62 843-2815-0573,andi.siregar.573@example.invalid,Asuransi Perusahaan,11-Apr-2021,Ya,Aktif
PAT-MOCK-0000574,EMR-MOCK-0000574,MOCK-6523-19560106-0574,Maya Maulana,Perempuan,1956-01-06 00:00:00,AB,Menikah,"Jl. Melati No. 91, Bogor Tengah",Bogor,Jawa Barat,+62 829-6967-0574,maya.nasution.574@example.invalid,Corporate Guarantee,20-Sep-2022,Tidak,Aktif
PAT-MOCK-0000575,EMR-MOCK-0000575,MOCK-2013-20160918-0575,Fitri Santoso,Perempuan,2016-09-18 00:00:00,O,Belum Menikah,"Jl. Kenanga No. 131, Banyumanik",Semarang,Jawa Tengah,+62 879-4956-0575,fitri.simanjuntak.575@example.invalid,Pribadi,22-Apr-2026,Ya,Aktif
PAT-MOCK-0000576,EMR-MOCK-0000576,MOCK-6975-19661103-0576,Anindya Santoso,Perempuan,1966-11-03 00:00:00,O,Belum Menikah,"Jl. Cendana No. 1, Beji",Depok,Jawa Barat,+62 872-1127-0576,anindya.halim.576@example.invalid,Pribadi,29-May-2018,Ya,Aktif
PAT-MOCK-0000577,EMR-MOCK-0000577,MOCK-9352-20130828-0577,Fajar Utama,Laki-laki,2013-08-28 00:00:00,B,Belum Menikah,"Jl. Rajawali No. 61, Medan Baru",Medan,Sumatera Utara,+62 837-3305-0577,fajar.gunawan.577@example.invalid,Asuransi Perusahaan,07-Feb-2020,Ya,Aktif
PAT-MOCK-0000578,EMR-MOCK-0000578,MOCK-2062-19990419-0578,Citra Wijaya,Perempuan,1999-04-19 00:00:00,O,Cerai Mati,"Jl. Rajawali No. 88, Kebayoran Baru",Jakarta Selatan,DKI Jakarta,+62 828-5091-0578,citra.hartono.578@example.invalid,Asuransi Perusahaan,13-Jun-2020,Ya,Aktif
PAT-MOCK-0000579,EMR-MOCK-0000579,MOCK-2746-20001118-0579,Fitri Santoso,Perempuan,2000-11-18 00:00:00,B,Menikah,"Jl. Mawar No. 49, Wonokromo",Surabaya,Jawa Timur,+62 888-3266-0579,fitri.lesmana.579@example.invalid,Corporate Guarantee,04-Jan-2021,Ya,Aktif
PAT-MOCK-0000580,EMR-MOCK-0000580,MOCK-4244-19650110-0580,Hendra Purnama,Laki-laki,1965-01-10 00:00:00,B,Belum Menikah,"Jl. Kenanga No. 113, Kebon Jeruk",Jakarta Barat,DKI Jakarta,+62 840-3914-0580,hendra.pratama.580@example.invalid,Corporate Guarantee,26-Jun-2024,Ya,Aktif
PAT-MOCK-0000581,EMR-MOCK-0000581,MOCK-5250-19711121-0581,Ahmad Pratama,Laki-laki,1971-11-21 00:00:00,A,Belum Menikah,"Jl. Mawar No. 154, Coblong",Bandung,Jawa Barat,+62 856-5543-0581,ahmad.saputra.581@example.invalid,Corporate Guarantee,13-Mar-2022,Ya,Aktif
PAT-MOCK-0000582,EMR-MOCK-0000582,MOCK-3155-19460220-0582,Raka Purnama,Laki-laki,1946-02-20 00:00:00,O,Belum Menikah,"Jl. Flamboyan No. 165, Kebon Jeruk",Jakarta Barat,DKI Jakarta,+62 878-7452-0582,raka.wijaya.582@example.invalid,Pribadi,06-Apr-2025,Ya,Aktif
PAT-MOCK-0000583,EMR-MOCK-0000583,MOCK-4205-20151210-0583,Raka Ramadhan,Laki-laki,2015-12-10 00:00:00,O,Belum Menikah,"Jl. Kenanga No. 62, Ilir Barat I",Palembang,Sumatera Selatan,+62 829-1651-0583,raka.santoso.583@example.invalid,BPJS Kesehatan,02-May-2024,Ya,Aktif
PAT-MOCK-0000584,EMR-MOCK-0000584,MOCK-4067-20100227-0584,Rizky Hartono,Laki-laki,2010-02-27 00:00:00,O,Menikah,"Jl. Kenanga No. 127, Kebon Jeruk",Jakarta Barat,DKI Jakarta,+62 863-6346-0584,rizky.hidayat.584@example.invalid,Corporate Guarantee,30-Dec-2021,Ya,Aktif
PAT-MOCK-0000585,EMR-MOCK-0000585,MOCK-8985-19651023-0585,Tiara Santoso,Perempuan,1965-10-23 00:00:00,B,Cerai Mati,"Jl. Melati No. 19, Kebon Jeruk",Jakarta Barat,DKI Jakarta,+62 856-1377-0585,tiara.nugraha.585@example.invalid,Pribadi,07-May-2022,Ya,Aktif
PAT-MOCK-0000586,EMR-MOCK-0000586,MOCK-2705-19840426-0586,Hendra Hidayat,Laki-laki,1984-04-26 00:00:00,O,Cerai Hidup,"Jl. Anggrek No. 114, Kebon Jeruk",Jakarta Barat,DKI Jakarta,+62 864-7819-0586,hendra.kusuma.586@example.invalid,Asuransi Swasta,04-Jan-2020,Tidak,Aktif
PAT-MOCK-0000587,EMR-MOCK-0000587,MOCK-5538-19630918-0587,Danu Nugraha,Laki-laki,1963-09-18 00:00:00,B,Cerai Hidup,"Jl. Cendana No. 112, Duren Sawit",Jakarta Timur,DKI Jakarta,+62 829-8144-0587,danu.setiawan.587@example.invalid,Asuransi Perusahaan,24-Apr-2019,Ya,Aktif
PAT-MOCK-0000588,EMR-MOCK-0000588,MOCK-3343-19890910-0588,Amelia Hartono,Perempuan,1989-09-10 00:00:00,B,Cerai Mati,"Jl. Anggrek No. 140, Bekasi Selatan",Bekasi,Jawa Barat,+62 832-9340-0588,amelia.permana.588@example.invalid,Asuransi Perusahaan,03-May-2024,Ya,Aktif
PAT-MOCK-0000589,EMR-MOCK-0000589,MOCK-6376-20030924-0589,Aditya Setiawan,Laki-laki,2003-09-24 00:00:00,A,Menikah,"Jl. Cemara No. 30, Medan Baru",Medan,Sumatera Utara,+62 873-8783-0589,aditya.ramadhan.589@example.invalid,Asuransi Perusahaan,16-Dec-2019,Ya,Aktif
PAT-MOCK-0000590,EMR-MOCK-0000590,MOCK-3148-20140206-0590,Aulia Kusuma,Perempuan,2014-02-06 00:00:00,Belum diperiksa,Cerai Hidup,"Jl. Mawar No. 80, Wonokromo",Surabaya,Jawa Timur,+62 816-4458-0590,aulia.maulana.590@example.invalid,Corporate Guarantee,20-Jun-2019,Tidak,Aktif
PAT-MOCK-0000591,EMR-MOCK-0000591,MOCK-6410-20120523-0591,Farhan Setiawan,Laki-laki,2012-05-23 00:00:00,B,Belum Menikah,"Jl. Kenanga No. 158, Bekasi Selatan",Bekasi,Jawa Barat,+62 853-8981-0591,farhan.utama.591@example.invalid,Asuransi Swasta,19-Oct-2022,Tidak,Aktif
PAT-MOCK-0000592,EMR-MOCK-0000592,MOCK-5913-19780807-0592,Dewi Simanjuntak,Perempuan,1978-08-07 00:00:00,O,Cerai Mati,"Jl. Rajawali No. 80, Denpasar Selatan",Denpasar,Bali,+62 828-7163-0592,dewi.purnama.592@example.invalid,Asuransi Perusahaan,30-Oct-2019,Ya,Aktif
PAT-MOCK-0000593,EMR-MOCK-0000593,MOCK-3803-19720115-0593,Sari Santoso,Perempuan,1972-01-15 00:00:00,A,Belum Menikah,"Jl. Cendana No. 32, Denpasar Selatan",Denpasar,Bali,+62 870-9894-0593,sari.siregar.593@example.invalid,Asuransi Perusahaan,07-Sep-2024,Ya,Aktif
PAT-MOCK-0000594,EMR-MOCK-0000594,MOCK-6741-20011113-0594,Andi Lesmana,Laki-laki,2001-11-13 00:00:00,A,Menikah,"Jl. Cemara No. 25, Serpong",Tangerang Selatan,Banten,+62 810-4891-0594,andi.nasution.594@example.invalid,BPJS Kesehatan,03-Sep-2025,Ya,Aktif
PAT-MOCK-0000595,EMR-MOCK-0000595,MOCK-2981-19801021-0595,Irfan Permana,Laki-laki,1980-10-21 00:00:00,AB,Cerai Hidup,"Jl. Anggrek No. 108, Karawaci",Tangerang,Banten,+62 851-3766-0595,irfan.simanjuntak.595@example.invalid,Asuransi Perusahaan,30-Sep-2019,Ya,Aktif
PAT-MOCK-0000596,EMR-MOCK-0000596,MOCK-2586-19630401-0596,Aulia Gunawan,Perempuan,1963-04-01 00:00:00,O,Cerai Hidup,"Jl. Cendana No. 150, Kebon Jeruk",Jakarta Barat,DKI Jakarta,+62 839-9472-0596,aulia.halim.596@example.invalid,BPJS Kesehatan,07-Jan-2019,Ya,Aktif
PAT-MOCK-0000597,EMR-MOCK-0000597,MOCK-1989-19680513-0597,Dinda Lesmana,Perempuan,1968-05-13 00:00:00,B,Menikah,"Jl. Cendana No. 180, Karawaci",Tangerang,Banten,+62 856-9600-0597,dinda.gunawan.597@example.invalid,Pribadi,19-Feb-2022,Ya,Aktif
PAT-MOCK-0000598,EMR-MOCK-0000598,MOCK-1340-19670216-0598,Yoga Gunawan,Laki-laki,1967-02-16 00:00:00,A,Belum Menikah,"Jl. Mawar No. 104, Bekasi Selatan",Bekasi,Jawa Barat,+62 820-6768-0598,yoga.hartono.598@example.invalid,BPJS Kesehatan,27-Oct-2025,Ya,Aktif
PAT-MOCK-0000599,EMR-MOCK-0000599,MOCK-6775-19910108-0599,Citra Utama,Perempuan,1991-01-08 00:00:00,A,Menikah,"Jl. Melati No. 92, Denpasar Selatan",Denpasar,Bali,+62 842-2506-0599,citra.lesmana.599@example.invalid,Pribadi,27-Apr-2025,Ya,Aktif
PAT-MOCK-0000600,EMR-MOCK-0000600,MOCK-1434-19750521-0600,Tiara Hartono,Perempuan,1975-05-21 00:00:00,O,Menikah,"Jl. Anggrek No. 90, Medan Baru",Medan,Sumatera Utara,+62 891-5326-0600,tiara.pratama.600@example.invalid,Asuransi Swasta,10-Jun-2026,Ya,Aktif
PAT-MOCK-0000601,EMR-MOCK-0000601,MOCK-7939-19891222-0601,Hendra Gunawan,Laki-laki,1989-12-22 00:00:00,O,Belum Menikah,"Jl. Dahlia No. 59, Coblong",Bandung,Jawa Barat,+62 820-4880-0601,hendra.saputra.601@example.invalid,Asuransi Swasta,21-Jun-2023,Tidak,Aktif
PAT-MOCK-0000602,EMR-MOCK-0000602,MOCK-7566-19790116-0602,Bima Siregar,Laki-laki,1979-01-16 00:00:00,O,Belum Menikah,"Jl. Rajawali No. 123, Banyumanik",Semarang,Jawa Tengah,+62 874-6000-0602,bima.wijaya.602@example.invalid,Asuransi Perusahaan,21-May-2020,Tidak,Aktif
PAT-MOCK-0000603,EMR-MOCK-0000603,MOCK-6437-20211106-0603,Sekar Pratama,Perempuan,2021-11-06 00:00:00,AB,Cerai Hidup,"Jl. Dahlia No. 133, Banyumanik",Semarang,Jawa Tengah,+62 831-4745-0603,sekar.santoso.603@example.invalid,Asuransi Swasta,07-Nov-2021,Ya,Aktif
PAT-MOCK-0000604,EMR-MOCK-0000604,MOCK-6222-20131214-0604,Nadia Halim,Perempuan,2013-12-14 00:00:00,A,Cerai Hidup,"Jl. Cemara No. 162, Bogor Tengah",Bogor,Jawa Barat,+62 818-5296-0604,nadia.hidayat.604@example.invalid,Asuransi Perusahaan,02-Feb-2025,Ya,Aktif
PAT-MOCK-0000605,EMR-MOCK-0000605,MOCK-1747-19540507-0605,Bagas Hartono,Laki-laki,1954-05-07 00:00:00,O,Cerai Mati,"Jl. Anggrek No. 55, Bekasi Selatan",Bekasi,Jawa Barat,+62 835-3674-0605,bagas.nugraha.605@example.invalid,Pribadi,23-Nov-2019,Tidak,Aktif
PAT-MOCK-0000606,EMR-MOCK-0000606,MOCK-4777-19890516-0606,Lestari Santoso,Perempuan,1989-05-16 00:00:00,O,Belum Menikah,"Jl. Mawar No. 127, Duren Sawit",Jakarta Timur,DKI Jakarta,+62 811-4202-0606,lestari.kusuma.606@example.invalid,Asuransi Perusahaan,22-Aug-2018,Ya,Aktif
PAT-MOCK-0000607,EMR-MOCK-0000607,MOCK-8313-19800729-0607,Arya Kusuma,Laki-laki,1980-07-29 00:00:00,A,Cerai Mati,"Jl. Mawar No. 56, Serpong",Tangerang Selatan,Banten,+62 823-7411-0607,arya.setiawan.607@example.invalid,Corporate Guarantee,23-Dec-2022,Ya,Aktif
PAT-MOCK-0000608,EMR-MOCK-0000608,MOCK-3971-19870909-0608,Dinda Wijaya,Perempuan,1987-09-09 00:00:00,O,Belum Menikah,"Jl. Rajawali No. 103, Wonokromo",Surabaya,Jawa Timur,+62 829-8004-0608,dinda.permana.608@example.invalid,BPJS Kesehatan,18-Jul-2021,Ya,Aktif
PAT-MOCK-0000609,EMR-MOCK-0000609,MOCK-7308-20080701-0609,Arif Nugraha,Laki-laki,2008-07-01 00:00:00,O,Belum Menikah,"Jl. Anggrek No. 25, Panakkukang",Makassar,Sulawesi Selatan,+62 875-4657-0609,arif.ramadhan.609@example.invalid,Asuransi Perusahaan,22-Jun-2025,Ya,Aktif
PAT-MOCK-0000610,EMR-MOCK-0000610,MOCK-8545-19550228-0610,Arya Pratama,Laki-laki,1955-02-28 00:00:00,B,Belum Menikah,"Jl. Kenanga No. 76, Duren Sawit",Jakarta Timur,DKI Jakarta,+62 873-5407-0610,arya.maulana.610@example.invalid,Pribadi,10-Apr-2022,Ya,Aktif
PAT-MOCK-0000611,EMR-MOCK-0000611,MOCK-8371-19610303-0611,Yoga Santoso,Laki-laki,1961-03-03 00:00:00,B,Menikah,"Jl. Melati No. 14, Duren Sawit",Jakarta Timur,DKI Jakarta,+62 898-4749-0611,yoga.utama.611@example.invalid,Corporate Guarantee,06-Nov-2019,Ya,Aktif
PAT-MOCK-0000612,EMR-MOCK-0000612,MOCK-2398-20230225-0612,Sekar Pratama,Perempuan,2023-02-25 00:00:00,O,Belum Menikah,"Jl. Melati No. 63, Ilir Barat I",Palembang,Sumatera Selatan,+62 876-4278-0612,sekar.purnama.612@example.invalid,Corporate Guarantee,26-Feb-2023,Ya,Aktif
PAT-MOCK-0000613,EMR-MOCK-0000613,MOCK-3643-19790921-0613,Joko Wijaya,Laki-laki,1979-09-21 00:00:00,B,Menikah,"Jl. Cendana No. 146, Bekasi Selatan",Bekasi,Jawa Barat,+62 898-3349-0613,joko.siregar.613@example.invalid,Pribadi,20-Mar-2023,Ya,Tidak Aktif
PAT-MOCK-0000614,EMR-MOCK-0000614,MOCK-8745-19501125-0614,Aditya Saputra,Laki-laki,1950-11-25 00:00:00,A,Belum Menikah,"Jl. Rajawali No. 171, Kebon Jeruk",Jakarta Barat,DKI Jakarta,+62 878-1853-0614,aditya.nasution.614@example.invalid,Corporate Guarantee,20-Aug-2024,Ya,Aktif
PAT-MOCK-0000615,EMR-MOCK-0000615,MOCK-8371-19840119-0615,Raka Wijaya,Laki-laki,1984-01-19 00:00:00,O,Belum Menikah,"Jl. Anggrek No. 135, Kebayoran Baru",Jakarta Selatan,DKI Jakarta,+62 841-9425-0615,raka.simanjuntak.615@example.invalid,Asuransi Perusahaan,11-Sep-2020,Tidak,Aktif
PAT-MOCK-0000616,EMR-MOCK-0000616,MOCK-5792-19970508-0616,Irfan Halim,Laki-laki,1997-05-08 00:00:00,Belum diperiksa,Menikah,"Jl. Flamboyan No. 130, Kebayoran Baru",Jakarta Selatan,DKI Jakarta,+62 892-4663-0616,irfan.halim.616@example.invalid,Asuransi Swasta,12-Mar-2023,Tidak,Aktif
PAT-MOCK-0000617,EMR-MOCK-0000617,MOCK-7942-19861122-0617,Farhan Santoso,Laki-laki,1986-11-22 00:00:00,B,Belum Menikah,"Jl. Anggrek No. 77, Kebayoran Baru",Jakarta Selatan,DKI Jakarta,+62 896-9435-0617,farhan.gunawan.617@example.invalid,Asuransi Perusahaan,24-Sep-2023,Tidak,Aktif
PAT-MOCK-0000618,EMR-MOCK-0000618,MOCK-4934-20060419-0618,Intan Kusuma,Perempuan,2006-04-19 00:00:00,O,Cerai Hidup,"Jl. Rajawali No. 180, Coblong",Bandung,Jawa Barat,+62 846-7943-0618,intan.hartono.618@example.invalid,Corporate Guarantee,26-Sep-2021,Tidak,Aktif
PAT-MOCK-0000619,EMR-MOCK-0000619,MOCK-9815-19780909-0619,Galang Maulana,Laki-laki,1978-09-09 00:00:00,Belum diperiksa,Belum Menikah,"Jl. Merpati No. 109, Bogor Tengah",Bogor,Jawa Barat,+62 851-1864-0619,galang.lesmana.619@example.invalid,Corporate Guarantee,28-Oct-2021,Ya,Aktif
PAT-MOCK-0000620,EMR-MOCK-0000620,MOCK-5201-19520126-0620,Dewi Pratama,Perempuan,1952-01-26 00:00:00,B,Cerai Hidup,"Jl. Cendana No. 82, Ilir Barat I",Palembang,Sumatera Selatan,+62 888-6942-0620,dewi.pratama.620@example.invalid,Asuransi Perusahaan,16-Feb-2019,Ya,Aktif
PAT-MOCK-0000621,EMR-MOCK-0000621,MOCK-9463-19801006-0621,Eko Nugraha,Laki-laki,1980-10-06 00:00:00,B,Cerai Hidup,"Jl. Kenanga No. 113, Ilir Barat I",Palembang,Sumatera Selatan,+62 893-6204-0621,eko.saputra.621@example.invalid,Pribadi,26-Mar-2026,Tidak,Aktif
PAT-MOCK-0000622,EMR-MOCK-0000622,MOCK-8113-19860619-0622,Anindya Lesmana,Perempuan,1986-06-19 00:00:00,B,Cerai Hidup,"Jl. Flamboyan No. 86, Ilir Barat I",Palembang,Sumatera Selatan,+62 853-6674-0622,anindya.wijaya.622@example.invalid,Asuransi Perusahaan,28-Mar-2025,Tidak,Tidak Aktif
PAT-MOCK-0000623,EMR-MOCK-0000623,MOCK-7099-19490611-0623,Sari Gunawan,Perempuan,1949-06-11 00:00:00,A,Cerai Mati,"Jl. Cendana No. 43, Banyumanik",Semarang,Jawa Tengah,+62 829-7326-0623,sari.santoso.623@example.invalid,Pribadi,21-Mar-2022,Ya,Aktif
PAT-MOCK-0000624,EMR-MOCK-0000624,MOCK-3622-19761117-0624,Yoga Pratama,Laki-laki,1976-11-17 00:00:00,AB,Cerai Hidup,"Jl. Cemara No. 5, Kebon Jeruk",Jakarta Barat,DKI Jakarta,+62 821-4518-0624,yoga.hidayat.624@example.invalid,Pribadi,10-May-2021,Ya,Aktif
PAT-MOCK-0000625,EMR-MOCK-0000625,MOCK-5184-19450107-0625,Citra Nugraha,Perempuan,1945-01-07 00:00:00,O,Cerai Mati,"Jl. Cemara No. 73, Ilir Barat I",Palembang,Sumatera Selatan,+62 831-3221-0625,citra.nugraha.625@example.invalid,Asuransi Swasta,30-Apr-2025,Ya,Aktif
PAT-MOCK-0000626,EMR-MOCK-0000626,MOCK-7830-19900122-0626,Farhan Utama,Laki-laki,1990-01-22 00:00:00,A,Belum Menikah,"Jl. Cemara No. 93, Serpong",Tangerang Selatan,Banten,+62 815-6395-0626,farhan.kusuma.626@example.invalid,BPJS Kesehatan,17-Aug-2023,Ya,Aktif
PAT-MOCK-0000627,EMR-MOCK-0000627,MOCK-2517-19770516-0627,Citra Permana,Perempuan,1977-05-16 00:00:00,O,Belum Menikah,"Jl. Kenanga No. 113, Coblong",Bandung,Jawa Barat,+62 863-8488-0627,citra.setiawan.627@example.invalid,Pribadi,25-Sep-2021,Ya,Aktif
PAT-MOCK-0000628,EMR-MOCK-0000628,MOCK-8215-19670510-0628,Putri Purnama,Perempuan,1967-05-10 00:00:00,AB,Cerai Hidup,"Jl. Cendana No. 32, Duren Sawit",Jakarta Timur,DKI Jakarta,+62 882-9484-0628,putri.permana.628@example.invalid,BPJS Kesehatan,17-Apr-2024,Ya,Aktif
PAT-MOCK-0000629,EMR-MOCK-0000629,MOCK-3316-19590629-0629,Raka Kusuma,Laki-laki,1959-06-29 00:00:00,A,Cerai Hidup,"Jl. Dahlia No. 26, Kebayoran Baru",Jakarta Selatan,DKI Jakarta,+62 825-5872-0629,raka.ramadhan.629@example.invalid,Asuransi Swasta,22-Jan-2022,Tidak,Aktif
PAT-MOCK-0000630,EMR-MOCK-0000630,MOCK-3546-20160115-0630,Arif Purnama,Laki-laki,2016-01-15 00:00:00,B,Cerai Mati,"Jl. Mawar No. 146, Panakkukang",Makassar,Sulawesi Selatan,+62 899-6625-0630,arif.maulana.630@example.invalid,Corporate Guarantee,23-Oct-2025,Ya,Aktif
PAT-MOCK-0000631,EMR-MOCK-0000631,MOCK-5334-19820623-0631,Nadia Lesmana,Perempuan,1982-06-23 00:00:00,A,Cerai Mati,"Jl. Cendana No. 19, Beji",Depok,Jawa Barat,+62 853-4373-0631,nadia.utama.631@example.invalid,Asuransi Swasta,27-Sep-2024,Ya,Aktif
PAT-MOCK-0000632,EMR-MOCK-0000632,MOCK-5282-19861120-0632,Bima Santoso,Laki-laki,1986-11-20 00:00:00,B,Cerai Mati,"Jl. Kenanga No. 72, Serpong",Tangerang Selatan,Banten,+62 877-2821-0632,bima.purnama.632@example.invalid,Corporate Guarantee,03-Feb-2018,Ya,Aktif
PAT-MOCK-0000633,EMR-MOCK-0000633,MOCK-9179-19550409-0633,Dewi Maulana,Perempuan,1955-04-09 00:00:00,O,Cerai Hidup,"Jl. Flamboyan No. 108, Duren Sawit",Jakarta Timur,DKI Jakarta,+62 898-1360-0633,dewi.siregar.633@example.invalid,Asuransi Perusahaan,10-Dec-2018,Tidak,Aktif
PAT-MOCK-0000634,EMR-MOCK-0000634,MOCK-9483-20061009-0634,Dinda Pratama,Perempuan,2006-10-09 00:00:00,AB,Cerai Mati,"Jl. Anggrek No. 140, Beji",Depok,Jawa Barat,+62 816-7804-0634,dinda.nasution.634@example.invalid,Corporate Guarantee,20-Dec-2020,Ya,Aktif
PAT-MOCK-0000635,EMR-MOCK-0000635,MOCK-5759-20231212-0635,Dinda Hartono,Perempuan,2023-12-12 00:00:00,AB,Menikah,"Jl. Melati No. 116, Karawaci",Tangerang,Banten,+62 884-6247-0635,dinda.simanjuntak.635@example.invalid,Asuransi Perusahaan,06-Oct-2024,Tidak,Aktif
PAT-MOCK-0000636,EMR-MOCK-0000636,MOCK-2079-19760216-0636,Fajar Gunawan,Laki-laki,1976-02-16 00:00:00,O,Belum Menikah,"Jl. Cendana No. 21, Kebayoran Baru",Jakarta Selatan,DKI Jakarta,+62 843-4567-0636,fajar.halim.636@example.invalid,Pribadi,24-Jun-2024,Tidak,Aktif
PAT-MOCK-0000637,EMR-MOCK-0000637,MOCK-3180-19830625-0637,Fitri Simanjuntak,Perempuan,1983-06-25 00:00:00,A,Cerai Mati,"Jl. Anggrek No. 74, Beji",Depok,Jawa Barat,+62 883-5279-0637,fitri.gunawan.637@example.invalid,BPJS Kesehatan,05-Jun-2026,Ya,Aktif
PAT-MOCK-0000638,EMR-MOCK-0000638,MOCK-8929-19770611-0638,Arif Santoso,Laki-laki,1977-06-11 00:00:00,A,Menikah,"Jl. Melati No. 27, Kebon Jeruk",Jakarta Barat,DKI Jakarta,+62 869-1104-0638,arif.hartono.638@example.invalid,Corporate Guarantee,27-May-2022,Tidak,Aktif
PAT-MOCK-0000639,EMR-MOCK-0000639,MOCK-2020-20120930-0639,Intan Utama,Perempuan,2012-09-30 00:00:00,O,Menikah,"Jl. Rajawali No. 140, Medan Baru",Medan,Sumatera Utara,+62 885-5237-0639,intan.lesmana.639@example.invalid,Pribadi,10-Mar-2024,Ya,Aktif
PAT-MOCK-0000640,EMR-MOCK-0000640,MOCK-1112-20210606-0640,Farhan Setiawan,Laki-laki,2021-06-06 00:00:00,A,Cerai Mati,"Jl. Cemara No. 36, Banyumanik",Semarang,Jawa Tengah,+62 835-6602-0640,farhan.pratama.640@example.invalid,Asuransi Perusahaan,25-Dec-2024,Tidak,Aktif
PAT-MOCK-0000641,EMR-MOCK-0000641,MOCK-7085-19960416-0641,Putri Saputra,Perempuan,1996-04-16 00:00:00,B,Cerai Hidup,"Jl. Kenanga No. 112, Denpasar Selatan",Denpasar,Bali,+62 888-3549-0641,putri.saputra.641@example.invalid,Corporate Guarantee,04-Jul-2018,Ya,Aktif
PAT-MOCK-0000642,EMR-MOCK-0000642,MOCK-8876-20090709-0642,Rizky Setiawan,Laki-laki,2009-07-09 00:00:00,O,Belum Menikah,"Jl. Merpati No. 141, Banyumanik",Semarang,Jawa Tengah,+62 845-2694-0642,rizky.wijaya.642@example.invalid,Asuransi Perusahaan,18-Sep-2021,Ya,Aktif
PAT-MOCK-0000643,EMR-MOCK-0000643,MOCK-1102-19530715-0643,Danu Nugraha,Laki-laki,1953-07-15 00:00:00,B,Cerai Mati,"Jl. Flamboyan No. 48, Kebon Jeruk",Jakarta Barat,DKI Jakarta,+62 815-2650-0643,danu.santoso.643@example.invalid,BPJS Kesehatan,11-Sep-2025,Ya,Aktif
PAT-MOCK-0000644,EMR-MOCK-0000644,MOCK-6622-19760812-0644,Dewi Permana,Perempuan,1976-08-12 00:00:00,B,Cerai Hidup,"Jl. Cemara No. 18, Banyumanik",Semarang,Jawa Tengah,+62 838-1116-0644,dewi.hidayat.644@example.invalid,Asuransi Perusahaan,19-May-2021,Ya,Aktif
PAT-MOCK-0000645,EMR-MOCK-0000645,MOCK-8810-19820724-0645,Maya Simanjuntak,Perempuan,1982-07-24 00:00:00,B,Menikah,"Jl. Mawar No. 3, Denpasar Selatan",Denpasar,Bali,+62 875-3268-0645,maya.nugraha.645@example.invalid,Corporate Guarantee,27-Jul-2024,Ya,Aktif
PAT-MOCK-0000646,EMR-MOCK-0000646,MOCK-8285-19450514-0646,Intan Ramadhan,Perempuan,1945-05-14 00:00:00,B,Cerai Hidup,"Jl. Mawar No. 46, Ilir Barat I",Palembang,Sumatera Selatan,+62 871-3050-0646,intan.kusuma.646@example.invalid,Pribadi,15-Oct-2019,Tidak,Aktif
PAT-MOCK-0000647,EMR-MOCK-0000647,MOCK-3410-19550223-0647,Irfan Kusuma,Laki-laki,1955-02-23 00:00:00,A,Cerai Mati,"Jl. Cemara No. 171, Bogor Tengah",Bogor,Jawa Barat,+62 830-6952-0647,irfan.setiawan.647@example.invalid,Corporate Guarantee,18-Jul-2021,Ya,Aktif
PAT-MOCK-0000648,EMR-MOCK-0000648,MOCK-5241-19621008-0648,Arif Lesmana,Laki-laki,1962-10-08 00:00:00,B,Cerai Hidup,"Jl. Anggrek No. 33, Beji",Depok,Jawa Barat,+62 826-8638-0648,arif.permana.648@example.invalid,Asuransi Perusahaan,04-Oct-2018,Ya,Aktif
PAT-MOCK-0000649,EMR-MOCK-0000649,MOCK-4360-19780122-0649,Tiara Santoso,Perempuan,1978-01-22 00:00:00,A,Cerai Hidup,"Jl. Anggrek No. 85, Panakkukang",Makassar,Sulawesi Selatan,+62 878-6923-0649,tiara.ramadhan.649@example.invalid,Asuransi Perusahaan,05-Nov-2020,Ya,Aktif
PAT-MOCK-0000650,EMR-MOCK-0000650,MOCK-5851-19710701-0650,Fitri Gunawan,Perempuan,1971-07-01 00:00:00,O,Menikah,"Jl. Melati No. 168, Banyumanik",Semarang,Jawa Tengah,+62 830-9888-0650,fitri.maulana.650@example.invalid,Asuransi Swasta,30-Aug-2023,Ya,Aktif
PAT-MOCK-0000651,EMR-MOCK-0000651,MOCK-3258-20000804-0651,Danu Ramadhan,Laki-laki,2000-08-04 00:00:00,A,Cerai Mati,"Jl. Flamboyan No. 100, Beji",Depok,Jawa Barat,+62 868-9496-0651,danu.utama.651@example.invalid,Pribadi,08-Jun-2021,Tidak,Aktif
PAT-MOCK-0000652,EMR-MOCK-0000652,MOCK-7207-19520304-0652,Nabila Maulana,Perempuan,1952-03-04 00:00:00,A,Menikah,"Jl. Dahlia No. 119, Ilir Barat I",Palembang,Sumatera Selatan,+62 851-5264-0652,nabila.purnama.652@example.invalid,Pribadi,16-Jun-2023,Ya,Aktif
PAT-MOCK-0000653,EMR-MOCK-0000653,MOCK-5905-19980731-0653,Joko Nugraha,Laki-laki,1998-07-31 00:00:00,A,Belum Menikah,"Jl. Cendana No. 11, Karawaci",Tangerang,Banten,+62 892-3003-0653,joko.siregar.653@example.invalid,Corporate Guarantee,01-Jul-2025,Ya,Aktif
PAT-MOCK-0000654,EMR-MOCK-0000654,MOCK-7481-19760928-0654,Dewi Siregar,Perempuan,1976-09-28 00:00:00,O,Cerai Hidup,"Jl. Anggrek No. 107, Serpong",Tangerang Selatan,Banten,+62 841-5696-0654,dewi.nasution.654@example.invalid,Asuransi Swasta,19-Jun-2025,Ya,Aktif
PAT-MOCK-0000655,EMR-MOCK-0000655,MOCK-7535-19810811-0655,Ahmad Saputra,Laki-laki,1981-08-11 00:00:00,A,Belum Menikah,"Jl. Melati No. 131, Banyumanik",Semarang,Jawa Tengah,+62 815-5531-0655,ahmad.simanjuntak.655@example.invalid,BPJS Kesehatan,29-Jan-2023,Ya,Tidak Aktif
PAT-MOCK-0000656,EMR-MOCK-0000656,MOCK-8548-20141015-0656,Lestari Setiawan,Perempuan,2014-10-15 00:00:00,B,Cerai Hidup,"Jl. Kenanga No. 95, Karawaci",Tangerang,Banten,+62 845-1497-0656,lestari.halim.656@example.invalid,Asuransi Perusahaan,18-Aug-2024,Ya,Aktif
PAT-MOCK-0000657,EMR-MOCK-0000657,MOCK-8285-19551106-0657,Irfan Gunawan,Laki-laki,1955-11-06 00:00:00,B,Cerai Hidup,"Jl. Kenanga No. 48, Duren Sawit",Jakarta Timur,DKI Jakarta,+62 872-1575-0657,irfan.gunawan.657@example.invalid,Asuransi Swasta,18-Sep-2022,Ya,Aktif
PAT-MOCK-0000658,EMR-MOCK-0000658,MOCK-8059-19980427-0658,Dinda Kusuma,Perempuan,1998-04-27 00:00:00,O,Cerai Hidup,"Jl. Melati No. 43, Kebon Jeruk",Jakarta Barat,DKI Jakarta,+62 862-7881-0658,dinda.hartono.658@example.invalid,Pribadi,19-May-2019,Tidak,Aktif
PAT-MOCK-0000659,EMR-MOCK-0000659,MOCK-6410-20021201-0659,Amelia Permana,Perempuan,2002-12-01 00:00:00,O,Menikah,"Jl. Cemara No. 142, Coblong",Bandung,Jawa Barat,+62 835-4973-0659,amelia.lesmana.659@example.invalid,BPJS Kesehatan,04-Jun-2018,Tidak,Aktif
PAT-MOCK-0000660,EMR-MOCK-0000660,MOCK-7334-19490703-0660,Irfan Halim,Laki-laki,1949-07-03 00:00:00,O,Belum Menikah,"Jl. Cendana No. 157, Beji",Depok,Jawa Barat,+62 896-2304-0660,irfan.pratama.660@example.invalid,Corporate Guarantee,04-Dec-2019,Ya,Aktif
PAT-MOCK-0000661,EMR-MOCK-0000661,MOCK-1423-19810724-0661,Raka Nasution,Laki-laki,1981-07-24 00:00:00,B,Belum Menikah,"Jl. Kenanga No. 121, Karawaci",Tangerang,Banten,+62 851-4996-0661,raka.saputra.661@example.invalid,Pribadi,15-May-2022,Ya,Aktif
PAT-MOCK-0000662,EMR-MOCK-0000662,MOCK-3188-19810826-0662,Wulan Nugraha,Perempuan,1981-08-26 00:00:00,A,Cerai Mati,"Jl. Melati No. 58, Bogor Tengah",Bogor,Jawa Barat,+62 877-5846-0662,wulan.wijaya.662@example.invalid,Asuransi Perusahaan,26-Jun-2019,Ya,Aktif
PAT-MOCK-0000663,EMR-MOCK-0000663,MOCK-1403-20090424-0663,Arif Purnama,Laki-laki,2009-04-24 00:00:00,O,Menikah,"Jl. Anggrek No. 109, Bogor Tengah",Bogor,Jawa Barat,+62 876-2364-0663,arif.santoso.663@example.invalid,Asuransi Perusahaan,05-Jul-2022,Tidak,Aktif
PAT-MOCK-0000664,EMR-MOCK-0000664,MOCK-8979-19490124-0664,Amelia Kusuma,Perempuan,1949-01-24 00:00:00,O,Cerai Hidup,"Jl. Merpati No. 156, Kebayoran Baru",Jakarta Selatan,DKI Jakarta,+62 850-6603-0664,amelia.hidayat.664@example.invalid,BPJS Kesehatan,26-Sep-2023,Ya,Aktif
PAT-MOCK-0000665,EMR-MOCK-0000665,MOCK-2307-19560422-0665,Raka Purnama,Laki-laki,1956-04-22 00:00:00,A,Cerai Mati,"Jl. Dahlia No. 74, Wonokromo",Surabaya,Jawa Timur,+62 867-1877-0665,raka.nugraha.665@example.invalid,Pribadi,27-Oct-2022,Ya,Aktif
PAT-MOCK-0000666,EMR-MOCK-0000666,MOCK-8536-19951107-0666,Ahmad Utama,Laki-laki,1995-11-07 00:00:00,B,Belum Menikah,"Jl. Merpati No. 126, Coblong",Bandung,Jawa Barat,+62 835-7815-0666,ahmad.kusuma.666@example.invalid,Asuransi Perusahaan,10-Sep-2023,Ya,Aktif
PAT-MOCK-0000667,EMR-MOCK-0000667,MOCK-6613-20230427-0667,Farhan Wijaya,Laki-laki,2023-04-27 00:00:00,Belum diperiksa,Menikah,"Jl. Anggrek No. 46, Coblong",Bandung,Jawa Barat,+62 890-6926-0667,farhan.setiawan.667@example.invalid,Asuransi Swasta,28-Apr-2023,Tidak,Aktif
PAT-MOCK-0000668,EMR-MOCK-0000668,MOCK-9366-19881206-0668,Arif Purnama,Laki-laki,1988-12-06 00:00:00,A,Menikah,"Jl. Dahlia No. 173, Wonokromo",Surabaya,Jawa Timur,+62 871-5441-0668,arif.permana.668@example.invalid,Corporate Guarantee,22-Dec-2020,Tidak,Aktif
PAT-MOCK-0000669,EMR-MOCK-0000669,MOCK-9511-19490610-0669,Sari Santoso,Perempuan,1949-06-10 00:00:00,O,Cerai Hidup,"Jl. Merpati No. 79, Panakkukang",Makassar,Sulawesi Selatan,+62 846-6083-0669,sari.ramadhan.669@example.invalid,Asuransi Swasta,13-Oct-2021,Ya,Aktif
PAT-MOCK-0000670,EMR-MOCK-0000670,MOCK-2257-19861211-0670,Rangga Maulana,Laki-laki,1986-12-11 00:00:00,A,Cerai Mati,"Jl. Kenanga No. 24, Serpong",Tangerang Selatan,Banten,+62 844-9660-0670,rangga.maulana.670@example.invalid,BPJS Kesehatan,27-Nov-2020,Tidak,Aktif
PAT-MOCK-0000671,EMR-MOCK-0000671,MOCK-5698-20041107-0671,Citra Santoso,Perempuan,2004-11-07 00:00:00,B,Belum Menikah,"Jl. Merpati No. 113, Medan Baru",Medan,Sumatera Utara,+62 832-9692-0671,citra.utama.671@example.invalid,Asuransi Swasta,29-Apr-2021,Ya,Aktif
PAT-MOCK-0000672,EMR-MOCK-0000672,MOCK-2849-19560416-0672,Amelia Pratama,Perempuan,1956-04-16 00:00:00,AB,Menikah,"Jl. Flamboyan No. 45, Wonokromo",Surabaya,Jawa Timur,+62 834-9382-0672,amelia.purnama.672@example.invalid,Pribadi,20-May-2019,Ya,Aktif
PAT-MOCK-0000673,EMR-MOCK-0000673,MOCK-3479-19610731-0673,Aditya Wijaya,Laki-laki,1961-07-31 00:00:00,O,Cerai Hidup,"Jl. Flamboyan No. 128, Coblong",Bandung,Jawa Barat,+62 843-5113-0673,aditya.siregar.673@example.invalid,Asuransi Perusahaan,10-Jun-2023,Ya,Aktif
PAT-MOCK-0000674,EMR-MOCK-0000674,MOCK-7071-19470804-0674,Fitri Setiawan,Perempuan,1947-08-04 00:00:00,B,Belum Menikah,"Jl. Rajawali No. 88, Serpong",Tangerang Selatan,Banten,+62 871-1811-0674,fitri.nasution.674@example.invalid,BPJS Kesehatan,29-Apr-2026,Ya,Aktif
PAT-MOCK-0000675,EMR-MOCK-0000675,MOCK-1407-19951208-0675,Fajar Wijaya,Laki-laki,1995-12-08 00:00:00,AB,Cerai Mati,"Jl. Rajawali No. 30, Wonokromo",Surabaya,Jawa Timur,+62 821-1208-0675,fajar.simanjuntak.675@example.invalid,Asuransi Swasta,21-Nov-2020,Tidak,Aktif
PAT-MOCK-0000676,EMR-MOCK-0000676,MOCK-6609-19820409-0676,Fitri Hidayat,Perempuan,1982-04-09 00:00:00,A,Menikah,"Jl. Anggrek No. 99, Bogor Tengah",Bogor,Jawa Barat,+62 828-7751-0676,fitri.halim.676@example.invalid,BPJS Kesehatan,05-Apr-2024,Tidak,Aktif
PAT-MOCK-0000677,EMR-MOCK-0000677,MOCK-3524-19800802-0677,Bima Santoso,Laki-laki,1980-08-02 00:00:00,O,Cerai Mati,"Jl. Mawar No. 160, Beji",Depok,Jawa Barat,+62 881-8318-0677,bima.gunawan.677@example.invalid,Pribadi,02-Nov-2025,Ya,Aktif
PAT-MOCK-0000678,EMR-MOCK-0000678,MOCK-4327-20211213-0678,Sari Gunawan,Perempuan,2021-12-13 00:00:00,O,Cerai Mati,"Jl. Cemara No. 139, Panakkukang",Makassar,Sulawesi Selatan,+62 832-3506-0678,sari.hartono.678@example.invalid,Pribadi,14-Dec-2021,Ya,Aktif
PAT-MOCK-0000679,EMR-MOCK-0000679,MOCK-8958-19461204-0679,Danu Saputra,Laki-laki,1946-12-04 00:00:00,A,Cerai Mati,"Jl. Rajawali No. 116, Ilir Barat I",Palembang,Sumatera Selatan,+62 842-3100-0679,danu.lesmana.679@example.invalid,BPJS Kesehatan,04-Jun-2025,Ya,Aktif
PAT-MOCK-0000680,EMR-MOCK-0000680,MOCK-6920-20050720-0680,Eko Simanjuntak,Laki-laki,2005-07-20 00:00:00,A,Cerai Mati,"Jl. Kenanga No. 87, Bekasi Selatan",Bekasi,Jawa Barat,+62 875-3135-0680,eko.pratama.680@example.invalid,Corporate Guarantee,16-Apr-2020,Ya,Aktif
PAT-MOCK-0000681,EMR-MOCK-0000681,MOCK-2469-20220101-0681,Putri Ramadhan,Perempuan,2022-01-01 00:00:00,A,Cerai Mati,"Jl. Dahlia No. 17, Coblong",Bandung,Jawa Barat,+62 874-1009-0681,putri.saputra.681@example.invalid,Asuransi Swasta,02-Jan-2022,Ya,Aktif
PAT-MOCK-0000682,EMR-MOCK-0000682,MOCK-1581-19710402-0682,Aulia Saputra,Perempuan,1971-04-02 00:00:00,O,Menikah,"Jl. Rajawali No. 82, Medan Baru",Medan,Sumatera Utara,+62 897-7278-0682,aulia.wijaya.682@example.invalid,Asuransi Perusahaan,07-Aug-2024,Ya,Aktif
PAT-MOCK-0000683,EMR-MOCK-0000683,MOCK-3228-19630622-0683,Dinda Hartono,Perempuan,1963-06-22 00:00:00,B,Cerai Mati,"Jl. Flamboyan No. 80, Kebon Jeruk",Jakarta Barat,DKI Jakarta,+62 897-3680-0683,dinda.santoso.683@example.invalid,Asuransi Swasta,16-Jun-2026,Ya,Tidak Aktif
PAT-MOCK-0000684,EMR-MOCK-0000684,MOCK-3491-19570424-0684,Bagas Hartono,Laki-laki,1957-04-24 00:00:00,A,Cerai Hidup,"Jl. Cemara No. 154, Serpong",Tangerang Selatan,Banten,+62 843-6077-0684,bagas.hidayat.684@example.invalid,Asuransi Perusahaan,12-Jun-2026,Ya,Aktif
PAT-MOCK-0000685,EMR-MOCK-0000685,MOCK-5417-20220909-0685,Wulan Ramadhan,Perempuan,2022-09-09 00:00:00,B,Cerai Mati,"Jl. Mawar No. 15, Bekasi Selatan",Bekasi,Jawa Barat,+62 821-1863-0685,wulan.nugraha.685@example.invalid,Asuransi Swasta,10-Sep-2022,Ya,Aktif
PAT-MOCK-0000686,EMR-MOCK-0000686,MOCK-4068-19840530-0686,Eko Simanjuntak,Laki-laki,1984-05-30 00:00:00,O,Cerai Hidup,"Jl. Rajawali No. 90, Beji",Depok,Jawa Barat,+62 839-1609-0686,eko.kusuma.686@example.invalid,Asuransi Perusahaan,18-Jan-2023,Ya,Aktif
PAT-MOCK-0000687,EMR-MOCK-0000687,MOCK-5615-19840728-0687,Dinda Wijaya,Perempuan,1984-07-28 00:00:00,A,Cerai Hidup,"Jl. Melati No. 163, Karawaci",Tangerang,Banten,+62 896-6860-0687,dinda.setiawan.687@example.invalid,Asuransi Swasta,06-Jun-2018,Ya,Aktif
PAT-MOCK-0000688,EMR-MOCK-0000688,MOCK-7097-19480328-0688,Arya Lesmana,Laki-laki,1948-03-28 00:00:00,O,Cerai Mati,"Jl. Dahlia No. 32, Kebon Jeruk",Jakarta Barat,DKI Jakarta,+62 846-6295-0688,arya.permana.688@example.invalid,Asuransi Swasta,05-May-2020,Ya,Aktif
PAT-MOCK-0000689,EMR-MOCK-0000689,MOCK-9980-20221129-0689,Irfan Utama,Laki-laki,2022-11-29 00:00:00,B,Cerai Mati,"Jl. Kenanga No. 19, Bekasi Selatan",Bekasi,Jawa Barat,+62 879-5256-0689,irfan.ramadhan.689@example.invalid,BPJS Kesehatan,30-Nov-2022,Ya,Aktif
PAT-MOCK-0000690,EMR-MOCK-0000690,MOCK-6554-20020916-0690,Nabila Utama,Perempuan,2002-09-16 00:00:00,Belum diperiksa,Belum Menikah,"Jl. Mawar No. 59, Karawaci",Tangerang,Banten,+62 824-5610-0690,nabila.maulana.690@example.invalid,Corporate Guarantee,05-Sep-2022,Ya,Aktif
PAT-MOCK-0000691,EMR-MOCK-0000691,MOCK-2545-19530506-0691,Bagas Lesmana,Laki-laki,1953-05-06 00:00:00,O,Belum Menikah,"Jl. Kenanga No. 66, Coblong",Bandung,Jawa Barat,+62 891-9746-0691,bagas.utama.691@example.invalid,Corporate Guarantee,04-Jun-2019,Ya,Aktif
PAT-MOCK-0000692,EMR-MOCK-0000692,MOCK-5183-19680919-0692,Rizky Nugraha,Laki-laki,1968-09-19 00:00:00,O,Menikah,"Jl. Mawar No. 176, Denpasar Selatan",Denpasar,Bali,+62 866-4173-0692,rizky.purnama.692@example.invalid,Asuransi Swasta,09-Apr-2020,Ya,Aktif
PAT-MOCK-0000693,EMR-MOCK-0000693,MOCK-5335-20110516-0693,Fitri Utama,Perempuan,2011-05-16 00:00:00,AB,Cerai Hidup,"Jl. Kenanga No. 31, Panakkukang",Makassar,Sulawesi Selatan,+62 865-1856-0693,fitri.siregar.693@example.invalid,Asuransi Swasta,16-Jun-2018,Tidak,Aktif
PAT-MOCK-0000694,EMR-MOCK-0000694,MOCK-2000-19990724-0694,Rani Simanjuntak,Perempuan,1999-07-24 00:00:00,A,Cerai Hidup,"Jl. Mawar No. 136, Kebayoran Baru",Jakarta Selatan,DKI Jakarta,+62 813-6485-0694,rani.nasution.694@example.invalid,BPJS Kesehatan,08-Apr-2024,Ya,Aktif
PAT-MOCK-0000695,EMR-MOCK-0000695,MOCK-2765-19480329-0695,Intan Nugraha,Perempuan,1948-03-29 00:00:00,O,Belum Menikah,"Jl. Melati No. 1, Bogor Tengah",Bogor,Jawa Barat,+62 875-6430-0695,intan.simanjuntak.695@example.invalid,Asuransi Perusahaan,13-Mar-2019,Tidak,Aktif
PAT-MOCK-0000696,EMR-MOCK-0000696,MOCK-4972-19701110-0696,Hendra Pratama,Laki-laki,1970-11-10 00:00:00,O,Cerai Hidup,"Jl. Mawar No. 85, Bekasi Selatan",Bekasi,Jawa Barat,+62 884-9363-0696,hendra.halim.696@example.invalid,Asuransi Perusahaan,23-May-2018,Tidak,Aktif
PAT-MOCK-0000697,EMR-MOCK-0000697,MOCK-2390-20120806-0697,Raka Simanjuntak,Laki-laki,2012-08-06 00:00:00,O,Menikah,"Jl. Cemara No. 11, Coblong",Bandung,Jawa Barat,+62 837-5777-0697,raka.gunawan.697@example.invalid,BPJS Kesehatan,03-May-2026,Ya,Aktif
PAT-MOCK-0000698,EMR-MOCK-0000698,MOCK-1609-20030811-0698,Anindya Hidayat,Perempuan,2003-08-11 00:00:00,B,Cerai Mati,"Jl. Dahlia No. 143, Kebayoran Baru",Jakarta Selatan,DKI Jakarta,+62 874-4773-0698,anindya.hartono.698@example.invalid,Asuransi Swasta,12-Jun-2021,Tidak,Aktif
PAT-MOCK-0000699,EMR-MOCK-0000699,MOCK-9572-19601126-0699,Lestari Gunawan,Perempuan,1960-11-26 00:00:00,A,Menikah,"Jl. Anggrek No. 80, Karawaci",Tangerang,Banten,+62 867-2995-0699,lestari.lesmana.699@example.invalid,Corporate Guarantee,19-Dec-2020,Ya,Aktif
PAT-MOCK-0000700,EMR-MOCK-0000700,MOCK-8287-19700801-0700,Bagas Lesmana,Laki-laki,1970-08-01 00:00:00,A,Cerai Mati,"Jl. Cendana No. 82, Beji",Depok,Jawa Barat,+62 876-8952-0700,bagas.pratama.700@example.invalid,Asuransi Swasta,04-Jul-2018,Ya,Aktif
PAT-MOCK-0000701,EMR-MOCK-0000701,MOCK-2971-19831201-0701,Aisyah Halim,Perempuan,1983-12-01 00:00:00,O,Menikah,"Jl. Merpati No. 95, Karawaci",Tangerang,Banten,+62 880-1177-0701,aisyah.saputra.701@example.invalid,Pribadi,01-Oct-2023,Ya,Aktif
PAT-MOCK-0000702,EMR-MOCK-0000702,MOCK-4097-20001215-0702,Bima Halim,Laki-laki,2000-12-15 00:00:00,A,Belum Menikah,"Jl. Dahlia No. 98, Coblong",Bandung,Jawa Barat,+62 873-8400-0702,bima.wijaya.702@example.invalid,Asuransi Swasta,08-Mar-2026,Ya,Aktif
PAT-MOCK-0000703,EMR-MOCK-0000703,MOCK-2912-19490920-0703,Aditya Siregar,Laki-laki,1949-09-20 00:00:00,A,Cerai Mati,"Jl. Melati No. 123, Medan Baru",Medan,Sumatera Utara,+62 856-9776-0703,aditya.santoso.703@example.invalid,BPJS Kesehatan,16-Jul-2021,Ya,Aktif
PAT-MOCK-0000704,EMR-MOCK-0000704,MOCK-7375-20140327-0704,Galang Halim,Laki-laki,2014-03-27 00:00:00,B,Cerai Mati,"Jl. Mawar No. 131, Serpong",Tangerang Selatan,Banten,+62 839-4094-0704,galang.hidayat.704@example.invalid,Pribadi,05-Dec-2018,Ya,Aktif
PAT-MOCK-0000705,EMR-MOCK-0000705,MOCK-3431-20220805-0705,Yoga Simanjuntak,Laki-laki,2022-08-05 00:00:00,O,Menikah,"Jl. Anggrek No. 121, Beji",Depok,Jawa Barat,+62 888-3987-0705,yoga.nugraha.705@example.invalid,Asuransi Perusahaan,06-Aug-2022,Ya,Aktif
PAT-MOCK-0000706,EMR-MOCK-0000706,MOCK-6025-19950629-0706,Danu Pratama,Laki-laki,1995-06-29 00:00:00,B,Cerai Hidup,"Jl. Flamboyan No. 144, Karawaci",Tangerang,Banten,+62 837-3920-0706,danu.kusuma.706@example.invalid,Asuransi Swasta,01-Feb-2024,Tidak,Aktif
PAT-MOCK-0000707,EMR-MOCK-0000707,MOCK-8114-19791130-0707,Rizky Nugraha,Laki-laki,1979-11-30 00:00:00,A,Menikah,"Jl. Kenanga No. 156, Banyumanik",Semarang,Jawa Tengah,+62 833-7950-0707,rizky.setiawan.707@example.invalid,Corporate Guarantee,24-Jun-2018,Ya,Aktif
PAT-MOCK-0000708,EMR-MOCK-0000708,MOCK-5862-20070215-0708,Anindya Siregar,Perempuan,2007-02-15 00:00:00,O,Belum Menikah,"Jl. Dahlia No. 160, Banyumanik",Semarang,Jawa Tengah,+62 893-9544-0708,anindya.permana.708@example.invalid,Pribadi,02-May-2024,Tidak,Aktif
PAT-MOCK-0000709,EMR-MOCK-0000709,MOCK-8333-20000418-0709,Bima Pratama,Laki-laki,2000-04-18 00:00:00,AB,Menikah,"Jl. Anggrek No. 48, Kebon Jeruk",Jakarta Barat,DKI Jakarta,+62 828-9577-0709,bima.ramadhan.709@example.invalid,Pribadi,11-Jun-2024,Ya,Aktif
PAT-MOCK-0000710,EMR-MOCK-0000710,MOCK-5717-19481111-0710,Andi Gunawan,Laki-laki,1948-11-11 00:00:00,A,Cerai Hidup,"Jl. Cendana No. 13, Banyumanik",Semarang,Jawa Tengah,+62 886-9991-0710,andi.maulana.710@example.invalid,BPJS Kesehatan,16-Jun-2021,Ya,Aktif
PAT-MOCK-0000711,EMR-MOCK-0000711,MOCK-9521-19511120-0711,Rani Pratama,Perempuan,1951-11-20 00:00:00,A,Cerai Mati,"Jl. Cendana No. 171, Karawaci",Tangerang,Banten,+62 820-9397-0711,rani.utama.711@example.invalid,Asuransi Swasta,06-Sep-2020,Ya,Aktif
PAT-MOCK-0000712,EMR-MOCK-0000712,MOCK-9655-19470722-0712,Bima Simanjuntak,Laki-laki,1947-07-22 00:00:00,O,Cerai Mati,"Jl. Flamboyan No. 137, Coblong",Bandung,Jawa Barat,+62 861-8286-0712,bima.purnama.712@example.invalid,Asuransi Swasta,22-May-2022,Ya,Aktif
PAT-MOCK-0000713,EMR-MOCK-0000713,MOCK-2956-19710512-0713,Nadia Utama,Perempuan,1971-05-12 00:00:00,B,Cerai Mati,"Jl. Anggrek No. 180, Coblong",Bandung,Jawa Barat,+62 855-8320-0713,nadia.siregar.713@example.invalid,Asuransi Swasta,21-Aug-2026,Tidak,Aktif
PAT-MOCK-0000714,EMR-MOCK-0000714,MOCK-6682-19651221-0714,Rani Permana,Perempuan,1965-12-21 00:00:00,B,Cerai Hidup,"Jl. Kenanga No. 115, Ilir Barat I",Palembang,Sumatera Selatan,+62 819-6609-0714,rani.nasution.714@example.invalid,Asuransi Perusahaan,06-Aug-2024,Tidak,Aktif
PAT-MOCK-0000715,EMR-MOCK-0000715,MOCK-6687-20151227-0715,Rani Kusuma,Perempuan,2015-12-27 00:00:00,O,Belum Menikah,"Jl. Kenanga No. 160, Wonokromo",Surabaya,Jawa Timur,+62 868-7838-0715,rani.simanjuntak.715@example.invalid,BPJS Kesehatan,30-Nov-2024,Tidak,Aktif
PAT-MOCK-0000716,EMR-MOCK-0000716,MOCK-5019-20000709-0716,Dimas Halim,Laki-laki,2000-07-09 00:00:00,AB,Menikah,"Jl. Cendana No. 48, Panakkukang",Makassar,Sulawesi Selatan,+62 853-3940-0716,dimas.halim.716@example.invalid,Corporate Guarantee,27-Jun-2018,Ya,Aktif
PAT-MOCK-0000717,EMR-MOCK-0000717,MOCK-2790-19760215-0717,Nabila Utama,Perempuan,1976-02-15 00:00:00,AB,Menikah,"Jl. Flamboyan No. 107, Coblong",Bandung,Jawa Barat,+62 848-2581-0717,nabila.gunawan.717@example.invalid,Asuransi Swasta,18-Nov-2025,Ya,Aktif
PAT-MOCK-0000718,EMR-MOCK-0000718,MOCK-6720-20190306-0718,Arif Ramadhan,Laki-laki,2019-03-06 00:00:00,AB,Cerai Mati,"Jl. Cendana No. 129, Kebayoran Baru",Jakarta Selatan,DKI Jakarta,+62 893-2770-0718,arif.hartono.718@example.invalid,Asuransi Perusahaan,09-Jul-2024,Ya,Aktif
PAT-MOCK-0000719,EMR-MOCK-0000719,MOCK-3347-19530804-0719,Dewi Pratama,Perempuan,1953-08-04 00:00:00,O,Menikah,"Jl. Rajawali No. 111, Banyumanik",Semarang,Jawa Tengah,+62 875-6834-0719,dewi.lesmana.719@example.invalid,BPJS Kesehatan,04-May-2024,Ya,Aktif
PAT-MOCK-0000720,EMR-MOCK-0000720,MOCK-3523-20100322-0720,Ahmad Santoso,Laki-laki,2010-03-22 00:00:00,B,Cerai Mati,"Jl. Cendana No. 27, Ilir Barat I",Palembang,Sumatera Selatan,+62 869-7827-0720,ahmad.pratama.720@example.invalid,Asuransi Perusahaan,10-May-2021,Ya,Aktif
PAT-MOCK-0000721,EMR-MOCK-0000721,MOCK-8395-19480913-0721,Dimas Permana,Laki-laki,1948-09-13 00:00:00,A,Cerai Hidup,"Jl. Cendana No. 36, Medan Baru",Medan,Sumatera Utara,+62 885-4723-0721,dimas.saputra.721@example.invalid,Asuransi Swasta,08-Nov-2023,Tidak,Aktif
PAT-MOCK-0000722,EMR-MOCK-0000722,MOCK-8894-19940915-0722,Tiara Permana,Perempuan,1994-09-15 00:00:00,A,Cerai Hidup,"Jl. Rajawali No. 152, Denpasar Selatan",Denpasar,Bali,+62 850-1248-0722,tiara.wijaya.722@example.invalid,BPJS Kesehatan,10-Feb-2024,Tidak,Tidak Aktif
PAT-MOCK-0000723,EMR-MOCK-0000723,MOCK-3074-20171220-0723,Aisyah Hartono,Perempuan,2017-12-20 00:00:00,O,Cerai Mati,"Jl. Kenanga No. 64, Medan Baru",Medan,Sumatera Utara,+62 829-1603-0723,aisyah.santoso.723@example.invalid,Corporate Guarantee,04-Jul-2019,Tidak,Aktif
PAT-MOCK-0000724,EMR-MOCK-0000724,MOCK-8282-20081222-0724,Danu Utama,Laki-laki,2008-12-22 00:00:00,B,Menikah,"Jl. Merpati No. 112, Kebon Jeruk",Jakarta Barat,DKI Jakarta,+62 843-6976-0724,danu.hidayat.724@example.invalid,Corporate Guarantee,31-Jul-2020,Ya,Aktif
PAT-MOCK-0000725,EMR-MOCK-0000725,MOCK-6662-19750804-0725,Rangga Halim,Laki-laki,1975-08-04 00:00:00,A,Cerai Hidup,"Jl. Melati No. 14, Kebon Jeruk",Jakarta Barat,DKI Jakarta,+62 830-4326-0725,rangga.nugraha.725@example.invalid,Pribadi,03-Aug-2019,Ya,Aktif
PAT-MOCK-0000726,EMR-MOCK-0000726,MOCK-2722-19971221-0726,Intan Purnama,Perempuan,1997-12-21 00:00:00,B,Cerai Hidup,"Jl. Anggrek No. 65, Ilir Barat I",Palembang,Sumatera Selatan,+62 818-2318-0726,intan.kusuma.726@example.invalid,BPJS Kesehatan,31-Oct-2025,Ya,Aktif
PAT-MOCK-0000727,EMR-MOCK-0000727,MOCK-1254-20080917-0727,Rangga Pratama,Laki-laki,2008-09-17 00:00:00,A,Menikah,"Jl. Cemara No. 138, Beji",Depok,Jawa Barat,+62 892-2671-0727,rangga.setiawan.727@example.invalid,Asuransi Perusahaan,09-Jul-2025,Tidak,Aktif
PAT-MOCK-0000728,EMR-MOCK-0000728,MOCK-5466-20121202-0728,Irfan Maulana,Laki-laki,2012-12-02 00:00:00,A,Menikah,"Jl. Cemara No. 114, Serpong",Tangerang Selatan,Banten,+62 894-3173-0728,irfan.permana.728@example.invalid,Asuransi Swasta,24-May-2026,Ya,Tidak Aktif
PAT-MOCK-0000729,EMR-MOCK-0000729,MOCK-4547-19831224-0729,Rani Siregar,Perempuan,1983-12-24 00:00:00,O,Menikah,"Jl. Kenanga No. 3, Medan Baru",Medan,Sumatera Utara,+62 824-6398-0729,rani.ramadhan.729@example.invalid,BPJS Kesehatan,23-Sep-2018,Tidak,Aktif
PAT-MOCK-0000730,EMR-MOCK-0000730,MOCK-2773-20161206-0730,Yoga Wijaya,Laki-laki,2016-12-06 00:00:00,O,Menikah,"Jl. Cemara No. 15, Ilir Barat I",Palembang,Sumatera Selatan,+62 864-7884-0730,yoga.maulana.730@example.invalid,Corporate Guarantee,27-May-2024,Ya,Aktif
PAT-MOCK-0000731,EMR-MOCK-0000731,MOCK-3638-19591211-0731,Raka Hartono,Laki-laki,1959-12-11 00:00:00,O,Menikah,"Jl. Melati No. 47, Banyumanik",Semarang,Jawa Tengah,+62 840-2357-0731,raka.utama.731@example.invalid,Asuransi Swasta,06-Nov-2021,Tidak,Aktif
PAT-MOCK-0000732,EMR-MOCK-0000732,MOCK-8003-19640618-0732,Dimas Nugraha,Laki-laki,1964-06-18 00:00:00,B,Cerai Hidup,"Jl. Anggrek No. 37, Beji",Depok,Jawa Barat,+62 866-8289-0732,dimas.purnama.732@example.invalid,Pribadi,10-Apr-2019,Ya,Aktif
PAT-MOCK-0000733,EMR-MOCK-0000733,MOCK-3871-19790901-0733,Bagas Halim,Laki-laki,1979-09-01 00:00:00,AB,Cerai Mati,"Jl. Merpati No. 148, Ilir Barat I",Palembang,Sumatera Selatan,+62 865-2217-0733,bagas.siregar.733@example.invalid,Asuransi Swasta,01-Mar-2026,Tidak,Aktif
PAT-MOCK-0000734,EMR-MOCK-0000734,MOCK-7169-20050616-0734,Wulan Maulana,Perempuan,2005-06-16 00:00:00,O,Belum Menikah,"Jl. Flamboyan No. 97, Duren Sawit",Jakarta Timur,DKI Jakarta,+62 839-8427-0734,wulan.nasution.734@example.invalid,Asuransi Swasta,29-Mar-2018,Tidak,Aktif
PAT-MOCK-0000735,EMR-MOCK-0000735,MOCK-8778-20120822-0735,Andi Simanjuntak,Laki-laki,2012-08-22 00:00:00,A,Menikah,"Jl. Melati No. 172, Medan Baru",Medan,Sumatera Utara,+62 863-4053-0735,andi.simanjuntak.735@example.invalid,Pribadi,06-Apr-2026,Ya,Aktif
PAT-MOCK-0000736,EMR-MOCK-0000736,MOCK-3482-20061010-0736,Intan Siregar,Perempuan,2006-10-10 00:00:00,O,Menikah,"Jl. Cemara No. 26, Panakkukang",Makassar,Sulawesi Selatan,+62 825-7298-0736,intan.halim.736@example.invalid,Corporate Guarantee,24-Feb-2023,Ya,Aktif
PAT-MOCK-0000737,EMR-MOCK-0000737,MOCK-9057-19980306-0737,Tiara Ramadhan,Perempuan,1998-03-06 00:00:00,B,Cerai Mati,"Jl. Anggrek No. 88, Panakkukang",Makassar,Sulawesi Selatan,+62 850-1543-0737,tiara.gunawan.737@example.invalid,BPJS Kesehatan,20-Nov-2022,Ya,Aktif
PAT-MOCK-0000738,EMR-MOCK-0000738,MOCK-1537-20130606-0738,Sekar Hartono,Perempuan,2013-06-06 00:00:00,O,Cerai Hidup,"Jl. Kenanga No. 20, Serpong",Tangerang Selatan,Banten,+62 874-8754-0738,sekar.hartono.738@example.invalid,BPJS Kesehatan,04-Nov-2020,Ya,Aktif
PAT-MOCK-0000739,EMR-MOCK-0000739,MOCK-6175-20171111-0739,Bagas Purnama,Laki-laki,2017-11-11 00:00:00,AB,Belum Menikah,"Jl. Merpati No. 108, Karawaci",Tangerang,Banten,+62 821-4349-0739,bagas.lesmana.739@example.invalid,Asuransi Swasta,17-Aug-2025,Ya,Aktif
PAT-MOCK-0000740,EMR-MOCK-0000740,MOCK-4587-19990910-0740,Sekar Pratama,Perempuan,1999-09-10 00:00:00,O,Menikah,"Jl. Mawar No. 13, Kebon Jeruk",Jakarta Barat,DKI Jakarta,+62 824-6382-0740,sekar.pratama.740@example.invalid,Corporate Guarantee,23-Jun-2020,Ya,Aktif
PAT-MOCK-0000741,EMR-MOCK-0000741,MOCK-1111-19460803-0741,Citra Nugraha,Perempuan,1946-08-03 00:00:00,A,Cerai Hidup,"Jl. Kenanga No. 2, Coblong",Bandung,Jawa Barat,+62 873-7977-0741,citra.saputra.741@example.invalid,Asuransi Perusahaan,25-Nov-2023,Tidak,Aktif
PAT-MOCK-0000742,EMR-MOCK-0000742,MOCK-6777-19700522-0742,Intan Maulana,Perempuan,1970-05-22 00:00:00,A,Menikah,"Jl. Kenanga No. 6, Beji",Depok,Jawa Barat,+62 840-1207-0742,intan.wijaya.742@example.invalid,BPJS Kesehatan,14-Oct-2020,Tidak,Aktif
PAT-MOCK-0000743,EMR-MOCK-0000743,MOCK-9440-19660314-0743,Galang Pratama,Laki-laki,1966-03-14 00:00:00,B,Menikah,"Jl. Cemara No. 106, Wonokromo",Surabaya,Jawa Timur,+62 893-7022-0743,galang.santoso.743@example.invalid,BPJS Kesehatan,20-Mar-2022,Ya,Aktif
PAT-MOCK-0000744,EMR-MOCK-0000744,MOCK-8675-19710413-0744,Kartika Saputra,Perempuan,1971-04-13 00:00:00,A,Cerai Hidup,"Jl. Dahlia No. 106, Kebayoran Baru",Jakarta Selatan,DKI Jakarta,+62 840-9588-0744,kartika.hidayat.744@example.invalid,Asuransi Swasta,23-Jan-2020,Ya,Aktif
PAT-MOCK-0000745,EMR-MOCK-0000745,MOCK-8100-20120319-0745,Sari Siregar,Perempuan,2012-03-19 00:00:00,O,Belum Menikah,"Jl. Cemara No. 150, Kebayoran Baru",Jakarta Selatan,DKI Jakarta,+62 837-1629-0745,sari.nugraha.745@example.invalid,Asuransi Swasta,29-Apr-2021,Ya,Aktif
PAT-MOCK-0000746,EMR-MOCK-0000746,MOCK-1733-19570101-0746,Anindya Gunawan,Perempuan,1957-01-01 00:00:00,AB,Cerai Hidup,"Jl. Merpati No. 172, Ilir Barat I",Palembang,Sumatera Selatan,+62 843-5155-0746,anindya.kusuma.746@example.invalid,Corporate Guarantee,21-Apr-2025,Ya,Aktif
PAT-MOCK-0000747,EMR-MOCK-0000747,MOCK-3531-20060811-0747,Nadia Nugraha,Perempuan,2006-08-11 00:00:00,A,Cerai Hidup,"Jl. Mawar No. 173, Kebayoran Baru",Jakarta Selatan,DKI Jakarta,+62 867-3224-0747,nadia.setiawan.747@example.invalid,BPJS Kesehatan,16-Jul-2024,Ya,Aktif
PAT-MOCK-0000748,EMR-MOCK-0000748,MOCK-7142-19700228-0748,Dewi Maulana,Perempuan,1970-02-28 00:00:00,AB,Cerai Hidup,"Jl. Merpati No. 64, Bekasi Selatan",Bekasi,Jawa Barat,+62 823-6104-0748,dewi.permana.748@example.invalid,Pribadi,26-Jun-2025,Ya,Aktif
PAT-MOCK-0000749,EMR-MOCK-0000749,MOCK-8394-19960313-0749,Wulan Simanjuntak,Perempuan,1996-03-13 00:00:00,B,Cerai Mati,"Jl. Kenanga No. 92, Kebayoran Baru",Jakarta Selatan,DKI Jakarta,+62 864-5206-0749,wulan.ramadhan.749@example.invalid,BPJS Kesehatan,04-Mar-2020,Ya,Aktif
PAT-MOCK-0000750,EMR-MOCK-0000750,MOCK-1456-20210811-0750,Putri Santoso,Perempuan,2021-08-11 00:00:00,Belum diperiksa,Belum Menikah,"Jl. Cemara No. 163, Kebayoran Baru",Jakarta Selatan,DKI Jakarta,+62 832-3798-0750,putri.maulana.750@example.invalid,Corporate Guarantee,15-Jul-2022,Ya,Aktif
PAT-MOCK-0000751,EMR-MOCK-0000751,MOCK-4581-19670728-0751,Eko Purnama,Laki-laki,1967-07-28 00:00:00,AB,Belum Menikah,"Jl. Anggrek No. 64, Beji",Depok,Jawa Barat,+62 897-9202-0751,eko.utama.751@example.invalid,Corporate Guarantee,07-May-2026,Ya,Aktif
PAT-MOCK-0000752,EMR-MOCK-0000752,MOCK-7652-20140108-0752,Sekar Saputra,Perempuan,2014-01-08 00:00:00,A,Cerai Mati,"Jl. Mawar No. 173, Bekasi Selatan",Bekasi,Jawa Barat,+62 884-3553-0752,sekar.purnama.752@example.invalid,Asuransi Swasta,22-Apr-2021,Ya,Aktif
PAT-MOCK-0000753,EMR-MOCK-0000753,MOCK-7143-19940310-0753,Rani Purnama,Perempuan,1994-03-10 00:00:00,A,Menikah,"Jl. Dahlia No. 37, Denpasar Selatan",Denpasar,Bali,+62 838-9771-0753,rani.siregar.753@example.invalid,Pribadi,26-May-2021,Ya,Aktif
PAT-MOCK-0000754,EMR-MOCK-0000754,MOCK-6328-19470930-0754,Hendra Permana,Laki-laki,1947-09-30 00:00:00,O,Menikah,"Jl. Merpati No. 14, Bogor Tengah",Bogor,Jawa Barat,+62 858-9770-0754,hendra.nasution.754@example.invalid,BPJS Kesehatan,17-Oct-2024,Ya,Aktif
PAT-MOCK-0000755,EMR-MOCK-0000755,MOCK-1421-20030205-0755,Amelia Hidayat,Perempuan,2003-02-05 00:00:00,A,Menikah,"Jl. Kenanga No. 8, Bekasi Selatan",Bekasi,Jawa Barat,+62 874-2976-0755,amelia.simanjuntak.755@example.invalid,Asuransi Perusahaan,10-Apr-2019,Ya,Aktif
PAT-MOCK-0000756,EMR-MOCK-0000756,MOCK-7927-19971113-0756,Maya Simanjuntak,Perempuan,1997-11-13 00:00:00,O,Cerai Mati,"Jl. Dahlia No. 22, Bekasi Selatan",Bekasi,Jawa Barat,+62 825-5651-0756,maya.halim.756@example.invalid,Asuransi Swasta,30-Dec-2023,Ya,Aktif
PAT-MOCK-0000757,EMR-MOCK-0000757,MOCK-3513-20080528-0757,Bagas Lesmana,Laki-laki,2008-05-28 00:00:00,B,Cerai Hidup,"Jl. Kenanga No. 94, Bekasi Selatan",Bekasi,Jawa Barat,+62 829-8158-0757,bagas.gunawan.757@example.invalid,BPJS Kesehatan,17-Sep-2021,Ya,Aktif
PAT-MOCK-0000758,EMR-MOCK-0000758,MOCK-7823-19971104-0758,Aulia Nugraha,Perempuan,1997-11-04 00:00:00,Belum diperiksa,Cerai Mati,"Jl. Flamboyan No. 133, Kebayoran Baru",Jakarta Selatan,DKI Jakarta,+62 873-7673-0758,aulia.hartono.758@example.invalid,BPJS Kesehatan,10-Jun-2020,Ya,Aktif
PAT-MOCK-0000759,EMR-MOCK-0000759,MOCK-1748-20010628-0759,Galang Hartono,Laki-laki,2001-06-28 00:00:00,B,Menikah,"Jl. Cendana No. 97, Serpong",Tangerang Selatan,Banten,+62 882-1938-0759,galang.lesmana.759@example.invalid,Asuransi Swasta,20-Nov-2024,Ya,Aktif
PAT-MOCK-0000760,EMR-MOCK-0000760,MOCK-5326-20010428-0760,Ahmad Hartono,Laki-laki,2001-04-28 00:00:00,B,Menikah,"Jl. Dahlia No. 101, Denpasar Selatan",Denpasar,Bali,+62 880-3250-0760,ahmad.pratama.760@example.invalid,BPJS Kesehatan,02-Nov-2021,Ya,Aktif
PAT-MOCK-0000761,EMR-MOCK-0000761,MOCK-8278-19460609-0761,Rani Permana,Perempuan,1946-06-09 00:00:00,A,Cerai Hidup,"Jl. Cemara No. 169, Serpong",Tangerang Selatan,Banten,+62 878-2415-0761,rani.saputra.761@example.invalid,Asuransi Perusahaan,13-Jun-2025,Ya,Aktif
PAT-MOCK-0000762,EMR-MOCK-0000762,MOCK-9352-19730715-0762,Nadia Setiawan,Perempuan,1973-07-15 00:00:00,A,Menikah,"Jl. Cemara No. 13, Duren Sawit",Jakarta Timur,DKI Jakarta,+62 872-4724-0762,nadia.wijaya.762@example.invalid,Pribadi,01-Aug-2018,Ya,Aktif
PAT-MOCK-0000763,EMR-MOCK-0000763,MOCK-4160-19740727-0763,Putri Simanjuntak,Perempuan,1974-07-27 00:00:00,O,Belum Menikah,"Jl. Cendana No. 30, Ilir Barat I",Palembang,Sumatera Selatan,+62 850-4073-0763,putri.santoso.763@example.invalid,Pribadi,03-Feb-2021,Ya,Aktif
PAT-MOCK-0000764,EMR-MOCK-0000764,MOCK-4228-19940831-0764,Maya Permana,Perempuan,1994-08-31 00:00:00,A,Belum Menikah,"Jl. Dahlia No. 87, Banyumanik",Semarang,Jawa Tengah,+62 820-1462-0764,maya.hidayat.764@example.invalid,Pribadi,14-Apr-2024,Ya,Aktif
PAT-MOCK-0000765,EMR-MOCK-0000765,MOCK-7017-19701227-0765,Anindya Hidayat,Perempuan,1970-12-27 00:00:00,B,Belum Menikah,"Jl. Mawar No. 42, Banyumanik",Semarang,Jawa Tengah,+62 819-1589-0765,anindya.nugraha.765@example.invalid,Asuransi Perusahaan,02-Dec-2018,Ya,Aktif
PAT-MOCK-0000766,EMR-MOCK-0000766,MOCK-2842-19830323-0766,Aisyah Wijaya,Perempuan,1983-03-23 00:00:00,O,Belum Menikah,"Jl. Rajawali No. 156, Coblong",Bandung,Jawa Barat,+62 853-4247-0766,aisyah.kusuma.766@example.invalid,Asuransi Perusahaan,11-Apr-2018,Tidak,Aktif
PAT-MOCK-0000767,EMR-MOCK-0000767,MOCK-8480-19710727-0767,Fitri Lesmana,Perempuan,1971-07-27 00:00:00,B,Menikah,"Jl. Dahlia No. 65, Karawaci",Tangerang,Banten,+62 868-6471-0767,fitri.setiawan.767@example.invalid,Asuransi Swasta,13-Jul-2026,Tidak,Aktif
PAT-MOCK-0000768,EMR-MOCK-0000768,MOCK-4452-19500307-0768,Bagas Maulana,Laki-laki,1950-03-07 00:00:00,AB,Cerai Mati,"Jl. Cendana No. 173, Panakkukang",Makassar,Sulawesi Selatan,+62 839-3852-0768,bagas.permana.768@example.invalid,Asuransi Perusahaan,02-Aug-2023,Ya,Aktif
PAT-MOCK-0000769,EMR-MOCK-0000769,MOCK-4154-20110318-0769,Kartika Wijaya,Perempuan,2011-03-18 00:00:00,O,Cerai Hidup,"Jl. Cemara No. 71, Karawaci",Tangerang,Banten,+62 872-1047-0769,kartika.ramadhan.769@example.invalid,Asuransi Perusahaan,03-Apr-2019,Tidak,Aktif
PAT-MOCK-0000770,EMR-MOCK-0000770,MOCK-7600-20100627-0770,Danu Santoso,Laki-laki,2010-06-27 00:00:00,O,Cerai Hidup,"Jl. Rajawali No. 147, Karawaci",Tangerang,Banten,+62 894-7260-0770,danu.maulana.770@example.invalid,Asuransi Swasta,12-Aug-2018,Ya,Aktif
PAT-MOCK-0000771,EMR-MOCK-0000771,MOCK-4540-20060918-0771,Raka Siregar,Laki-laki,2006-09-18 00:00:00,O,Belum Menikah,"Jl. Cendana No. 1, Ilir Barat I",Palembang,Sumatera Selatan,+62 890-5103-0771,raka.utama.771@example.invalid,Corporate Guarantee,11-Apr-2018,Ya,Aktif
PAT-MOCK-0000772,EMR-MOCK-0000772,MOCK-1168-19990816-0772,Andi Lesmana,Laki-laki,1999-08-16 00:00:00,Belum diperiksa,Cerai Mati,"Jl. Cendana No. 59, Denpasar Selatan",Denpasar,Bali,+62 826-8212-0772,andi.purnama.772@example.invalid,BPJS Kesehatan,17-Sep-2025,Ya,Aktif
PAT-MOCK-0000773,EMR-MOCK-0000773,MOCK-3735-19691104-0773,Tiara Setiawan,Perempuan,1969-11-04 00:00:00,O,Cerai Hidup,"Jl. Cendana No. 132, Medan Baru",Medan,Sumatera Utara,+62 874-1739-0773,tiara.siregar.773@example.invalid,Pribadi,27-Feb-2019,Tidak,Aktif
PAT-MOCK-0000774,EMR-MOCK-0000774,MOCK-7277-19910810-0774,Irfan Lesmana,Laki-laki,1991-08-10 00:00:00,O,Cerai Hidup,"Jl. Kenanga No. 131, Panakkukang",Makassar,Sulawesi Selatan,+62 848-7455-0774,irfan.nasution.774@example.invalid,Corporate Guarantee,06-Feb-2022,Ya,Aktif
PAT-MOCK-0000775,EMR-MOCK-0000775,MOCK-5362-19621008-0775,Danu Kusuma,Laki-laki,1962-10-08 00:00:00,O,Belum Menikah,"Jl. Anggrek No. 176, Serpong",Tangerang Selatan,Banten,+62 893-8071-0775,danu.simanjuntak.775@example.invalid,BPJS Kesehatan,17-Feb-2018,Ya,Aktif
PAT-MOCK-0000776,EMR-MOCK-0000776,MOCK-5158-19740712-0776,Sekar Nasution,Perempuan,1974-07-12 00:00:00,O,Belum Menikah,"Jl. Dahlia No. 40, Banyumanik",Semarang,Jawa Tengah,+62 860-2029-0776,sekar.halim.776@example.invalid,Corporate Guarantee,21-Aug-2019,Ya,Aktif
PAT-MOCK-0000777,EMR-MOCK-0000777,MOCK-7523-19861204-0777,Arya Setiawan,Laki-laki,1986-12-04 00:00:00,O,Belum Menikah,"Jl. Kenanga No. 172, Ilir Barat I",Palembang,Sumatera Selatan,+62 851-1262-0777,arya.gunawan.777@example.invalid,BPJS Kesehatan,26-Sep-2021,Tidak,Aktif
PAT-MOCK-0000778,EMR-MOCK-0000778,MOCK-8750-19521214-0778,Aditya Nugraha,Laki-laki,1952-12-14 00:00:00,B,Menikah,"Jl. Kenanga No. 77, Kebon Jeruk",Jakarta Barat,DKI Jakarta,+62 837-7473-0778,aditya.hartono.778@example.invalid,Asuransi Swasta,30-Sep-2024,Ya,Aktif
PAT-MOCK-0000779,EMR-MOCK-0000779,MOCK-9361-19631009-0779,Dinda Setiawan,Perempuan,1963-10-09 00:00:00,A,Menikah,"Jl. Mawar No. 4, Wonokromo",Surabaya,Jawa Timur,+62 885-9557-0779,dinda.lesmana.779@example.invalid,BPJS Kesehatan,03-Nov-2020,Ya,Aktif
PAT-MOCK-0000780,EMR-MOCK-0000780,MOCK-7009-19501216-0780,Wulan Siregar,Perempuan,1950-12-16 00:00:00,A,Belum Menikah,"Jl. Merpati No. 151, Coblong",Bandung,Jawa Barat,+62 882-7725-0780,wulan.pratama.780@example.invalid,Asuransi Perusahaan,18-Apr-2024,Tidak,Aktif
PAT-MOCK-0000781,EMR-MOCK-0000781,MOCK-1495-20111208-0781,Aisyah Kusuma,Perempuan,2011-12-08 00:00:00,AB,Cerai Mati,"Jl. Melati No. 97, Kebayoran Baru",Jakarta Selatan,DKI Jakarta,+62 898-3400-0781,aisyah.saputra.781@example.invalid,BPJS Kesehatan,01-Oct-2019,Ya,Aktif
PAT-MOCK-0000782,EMR-MOCK-0000782,MOCK-1373-20130905-0782,Yoga Santoso,Laki-laki,2013-09-05 00:00:00,O,Cerai Hidup,"Jl. Cemara No. 159, Banyumanik",Semarang,Jawa Tengah,+62 823-1020-0782,yoga.wijaya.782@example.invalid,Asuransi Perusahaan,05-Jan-2022,Ya,Aktif
PAT-MOCK-0000783,EMR-MOCK-0000783,MOCK-6078-19711008-0783,Farhan Gunawan,Laki-laki,1971-10-08 00:00:00,O,Belum Menikah,"Jl. Cemara No. 46, Denpasar Selatan",Denpasar,Bali,+62 833-8123-0783,farhan.santoso.783@example.invalid,Asuransi Swasta,16-Jun-2018,Ya,Aktif
PAT-MOCK-0000784,EMR-MOCK-0000784,MOCK-6351-19530720-0784,Intan Wijaya,Perempuan,1953-07-20 00:00:00,O,Cerai Hidup,"Jl. Kenanga No. 111, Medan Baru",Medan,Sumatera Utara,+62 883-5291-0784,intan.hidayat.784@example.invalid,Pribadi,04-Mar-2020,Ya,Aktif
PAT-MOCK-0000785,EMR-MOCK-0000785,MOCK-7568-19890105-0785,Kartika Hartono,Perempuan,1989-01-05 00:00:00,A,Cerai Hidup,"Jl. Flamboyan No. 180, Karawaci",Tangerang,Banten,+62 817-9450-0785,kartika.nugraha.785@example.invalid,Asuransi Perusahaan,24-Nov-2020,Ya,Aktif
PAT-MOCK-0000786,EMR-MOCK-0000786,MOCK-5922-19840913-0786,Arif Utama,Laki-laki,1984-09-13 00:00:00,AB,Cerai Hidup,"Jl. Flamboyan No. 105, Banyumanik",Semarang,Jawa Tengah,+62 877-9524-0786,arif.kusuma.786@example.invalid,BPJS Kesehatan,14-Oct-2022,Ya,Aktif
PAT-MOCK-0000787,EMR-MOCK-0000787,MOCK-5355-20061126-0787,Putri Lesmana,Perempuan,2006-11-26 00:00:00,B,Belum Menikah,"Jl. Mawar No. 128, Banyumanik",Semarang,Jawa Tengah,+62 845-7472-0787,putri.setiawan.787@example.invalid,Asuransi Perusahaan,30-Jul-2019,Ya,Aktif
PAT-MOCK-0000788,EMR-MOCK-0000788,MOCK-9867-19830621-0788,Fajar Simanjuntak,Laki-laki,1983-06-21 00:00:00,A,Belum Menikah,"Jl. Merpati No. 72, Serpong",Tangerang Selatan,Banten,+62 897-2840-0788,fajar.permana.788@example.invalid,Asuransi Perusahaan,21-Jun-2021,Ya,Aktif
PAT-MOCK-0000789,EMR-MOCK-0000789,MOCK-3058-19740413-0789,Aisyah Kusuma,Perempuan,1974-04-13 00:00:00,O,Belum Menikah,"Jl. Mawar No. 69, Beji",Depok,Jawa Barat,+62 873-8211-0789,aisyah.ramadhan.789@example.invalid,Asuransi Swasta,13-Jan-2018,Ya,Aktif
PAT-MOCK-0000790,EMR-MOCK-0000790,MOCK-5104-19680511-0790,Citra Simanjuntak,Perempuan,1968-05-11 00:00:00,B,Cerai Mati,"Jl. Anggrek No. 106, Coblong",Bandung,Jawa Barat,+62 852-4194-0790,citra.maulana.790@example.invalid,Asuransi Swasta,25-Nov-2018,Ya,Aktif
PAT-MOCK-0000791,EMR-MOCK-0000791,MOCK-3822-20050922-0791,Hendra Maulana,Laki-laki,2005-09-22 00:00:00,O,Belum Menikah,"Jl. Flamboyan No. 110, Kebon Jeruk",Jakarta Barat,DKI Jakarta,+62 811-3197-0791,hendra.utama.791@example.invalid,Asuransi Swasta,07-Apr-2026,Ya,Aktif
PAT-MOCK-0000792,EMR-MOCK-0000792,MOCK-9464-20070902-0792,Bima Santoso,Laki-laki,2007-09-02 00:00:00,B,Menikah,"Jl. Cemara No. 12, Duren Sawit",Jakarta Timur,DKI Jakarta,+62 857-2314-0792,bima.purnama.792@example.invalid,BPJS Kesehatan,27-Jun-2019,Tidak,Aktif
PAT-MOCK-0000793,EMR-MOCK-0000793,MOCK-5439-19630301-0793,Citra Nugraha,Perempuan,1963-03-01 00:00:00,O,Belum Menikah,"Jl. Cemara No. 51, Kebon Jeruk",Jakarta Barat,DKI Jakarta,+62 839-9336-0793,citra.siregar.793@example.invalid,Pribadi,09-Nov-2021,Tidak,Aktif
PAT-MOCK-0000794,EMR-MOCK-0000794,MOCK-9567-19770621-0794,Lestari Purnama,Perempuan,1977-06-21 00:00:00,A,Cerai Mati,"Jl. Melati No. 160, Beji",Depok,Jawa Barat,+62 836-5513-0794,lestari.nasution.794@example.invalid,BPJS Kesehatan,16-Oct-2022,Ya,Aktif
PAT-MOCK-0000795,EMR-MOCK-0000795,MOCK-9660-20111208-0795,Lestari Kusuma,Perempuan,2011-12-08 00:00:00,A,Cerai Hidup,"Jl. Cendana No. 20, Duren Sawit",Jakarta Timur,DKI Jakarta,+62 849-8543-0795,lestari.simanjuntak.795@example.invalid,Asuransi Swasta,18-Jul-2024,Ya,Aktif
PAT-MOCK-0000796,EMR-MOCK-0000796,MOCK-3412-20131017-0796,Farhan Halim,Laki-laki,2013-10-17 00:00:00,B,Cerai Mati,"Jl. Rajawali No. 70, Wonokromo",Surabaya,Jawa Timur,+62 813-3917-0796,farhan.halim.796@example.invalid,Asuransi Perusahaan,13-Aug-2022,Ya,Aktif
PAT-MOCK-0000797,EMR-MOCK-0000797,MOCK-8203-19550911-0797,Joko Wijaya,Laki-laki,1955-09-11 00:00:00,A,Cerai Hidup,"Jl. Cemara No. 130, Bogor Tengah",Bogor,Jawa Barat,+62 810-7710-0797,joko.gunawan.797@example.invalid,Asuransi Perusahaan,08-Apr-2022,Ya,Tidak Aktif
PAT-MOCK-0000798,EMR-MOCK-0000798,MOCK-3582-19670626-0798,Kartika Hidayat,Perempuan,1967-06-26 00:00:00,O,Cerai Mati,"Jl. Mawar No. 149, Bekasi Selatan",Bekasi,Jawa Barat,+62 891-1437-0798,kartika.hartono.798@example.invalid,Pribadi,02-Jan-2024,Tidak,Aktif
PAT-MOCK-0000799,EMR-MOCK-0000799,MOCK-8649-19610124-0799,Bima Permana,Laki-laki,1961-01-24 00:00:00,A,Belum Menikah,"Jl. Melati No. 118, Banyumanik",Semarang,Jawa Tengah,+62 872-7719-0799,bima.lesmana.799@example.invalid,Pribadi,08-Nov-2019,Ya,Aktif
PAT-MOCK-0000800,EMR-MOCK-0000800,MOCK-9660-19890307-0800,Dewi Siregar,Perempuan,1989-03-07 00:00:00,B,Cerai Hidup,"Jl. Melati No. 101, Banyumanik",Semarang,Jawa Tengah,+62 836-2688-0800,dewi.pratama.800@example.invalid,Pribadi,28-Oct-2020,Ya,Aktif
PAT-MOCK-0000801,EMR-MOCK-0000801,MOCK-5315-19461021-0801,Ahmad Siregar,Laki-laki,1946-10-21 00:00:00,O,Cerai Hidup,"Jl. Melati No. 44, Beji",Depok,Jawa Barat,+62 818-2370-0801,ahmad.saputra.801@example.invalid,BPJS Kesehatan,21-Oct-2018,Ya,Aktif
PAT-MOCK-0000802,EMR-MOCK-0000802,MOCK-1803-20180413-0802,Arif Lesmana,Laki-laki,2018-04-13 00:00:00,O,Cerai Hidup,"Jl. Dahlia No. 5, Banyumanik",Semarang,Jawa Tengah,+62 890-7582-0802,arif.wijaya.802@example.invalid,Corporate Guarantee,19-Dec-2023,Ya,Aktif
PAT-MOCK-0000803,EMR-MOCK-0000803,MOCK-3966-20170613-0803,Sekar Siregar,Perempuan,2017-06-13 00:00:00,O,Cerai Mati,"Jl. Rajawali No. 20, Bogor Tengah",Bogor,Jawa Barat,+62 875-7998-0803,sekar.santoso.803@example.invalid,Corporate Guarantee,30-Jul-2022,Tidak,Aktif
PAT-MOCK-0000804,EMR-MOCK-0000804,MOCK-8575-19971024-0804,Rizky Saputra,Laki-laki,1997-10-24 00:00:00,B,Cerai Mati,"Jl. Merpati No. 109, Wonokromo",Surabaya,Jawa Timur,+62 877-1857-0804,rizky.hidayat.804@example.invalid,BPJS Kesehatan,08-Mar-2018,Ya,Aktif
PAT-MOCK-0000805,EMR-MOCK-0000805,MOCK-7842-20100219-0805,Citra Purnama,Perempuan,2010-02-19 00:00:00,O,Cerai Mati,"Jl. Dahlia No. 81, Banyumanik",Semarang,Jawa Tengah,+62 844-4545-0805,citra.nugraha.805@example.invalid,Pribadi,11-Jun-2020,Ya,Aktif
PAT-MOCK-0000806,EMR-MOCK-0000806,MOCK-9231-20001208-0806,Ahmad Setiawan,Laki-laki,2000-12-08 00:00:00,B,Belum Menikah,"Jl. Cendana No. 143, Kebayoran Baru",Jakarta Selatan,DKI Jakarta,+62 896-2550-0806,ahmad.kusuma.806@example.invalid,Asuransi Perusahaan,02-May-2019,Ya,Tidak Aktif
PAT-MOCK-0000807,EMR-MOCK-0000807,MOCK-1170-19590326-0807,Rangga Purnama,Laki-laki,1959-03-26 00:00:00,B,Belum Menikah,"Jl. Dahlia No. 151, Coblong",Bandung,Jawa Barat,+62 818-4086-0807,rangga.setiawan.807@example.invalid,Asuransi Swasta,20-Jan-2021,Ya,Aktif
PAT-MOCK-0000808,EMR-MOCK-0000808,MOCK-6120-20010113-0808,Galang Lesmana,Laki-laki,2001-01-13 00:00:00,O,Belum Menikah,"Jl. Rajawali No. 147, Denpasar Selatan",Denpasar,Bali,+62 851-3657-0808,galang.permana.808@example.invalid,Corporate Guarantee,30-Sep-2022,Tidak,Aktif
PAT-MOCK-0000809,EMR-MOCK-0000809,MOCK-4636-20050805-0809,Bima Utama,Laki-laki,2005-08-05 00:00:00,O,Menikah,"Jl. Melati No. 39, Beji",Depok,Jawa Barat,+62 829-1160-0809,bima.ramadhan.809@example.invalid,Asuransi Perusahaan,03-May-2021,Ya,Aktif
PAT-MOCK-0000810,EMR-MOCK-0000810,MOCK-1852-19590419-0810,Andi Lesmana,Laki-laki,1959-04-19 00:00:00,A,Cerai Mati,"Jl. Dahlia No. 152, Kebon Jeruk",Jakarta Barat,DKI Jakarta,+62 864-3670-0810,andi.maulana.810@example.invalid,Pribadi,20-Oct-2020,Ya,Aktif
PAT-MOCK-0000811,EMR-MOCK-0000811,MOCK-8393-19820320-0811,Fajar Simanjuntak,Laki-laki,1982-03-20 00:00:00,O,Cerai Hidup,"Jl. Rajawali No. 19, Kebon Jeruk",Jakarta Barat,DKI Jakarta,+62 876-5780-0811,fajar.utama.811@example.invalid,BPJS Kesehatan,29-Aug-2022,Ya,Aktif
PAT-MOCK-0000812,EMR-MOCK-0000812,MOCK-7340-19930120-0812,Hendra Purnama,Laki-laki,1993-01-20 00:00:00,O,Menikah,"Jl. Rajawali No. 176, Coblong",Bandung,Jawa Barat,+62 867-4494-0812,hendra.purnama.812@example.invalid,BPJS Kesehatan,15-Sep-2023,Ya,Aktif
PAT-MOCK-0000813,EMR-MOCK-0000813,MOCK-3387-20091002-0813,Kartika Hartono,Perempuan,2009-10-02 00:00:00,B,Cerai Hidup,"Jl. Kenanga No. 7, Serpong",Tangerang Selatan,Banten,+62 878-7417-0813,kartika.siregar.813@example.invalid,Asuransi Swasta,10-Feb-2023,Ya,Aktif
PAT-MOCK-0000814,EMR-MOCK-0000814,MOCK-5414-19910910-0814,Nabila Setiawan,Perempuan,1991-09-10 00:00:00,O,Belum Menikah,"Jl. Cemara No. 101, Serpong",Tangerang Selatan,Banten,+62 824-7536-0814,nabila.nasution.814@example.invalid,Pribadi,12-Apr-2024,Ya,Aktif
PAT-MOCK-0000815,EMR-MOCK-0000815,MOCK-8061-19980727-0815,Arif Permana,Laki-laki,1998-07-27 00:00:00,B,Belum Menikah,"Jl. Cemara No. 160, Wonokromo",Surabaya,Jawa Timur,+62 841-1886-0815,arif.simanjuntak.815@example.invalid,Asuransi Swasta,10-Aug-2019,Ya,Aktif
PAT-MOCK-0000816,EMR-MOCK-0000816,MOCK-8746-19870702-0816,Sari Purnama,Perempuan,1987-07-02 00:00:00,O,Belum Menikah,"Jl. Merpati No. 93, Kebon Jeruk",Jakarta Barat,DKI Jakarta,+62 827-5800-0816,sari.halim.816@example.invalid,Corporate Guarantee,02-Oct-2025,Ya,Aktif
PAT-MOCK-0000817,EMR-MOCK-0000817,MOCK-9566-19980803-0817,Andi Purnama,Laki-laki,1998-08-03 00:00:00,B,Belum Menikah,"Jl. Rajawali No. 41, Bekasi Selatan",Bekasi,Jawa Barat,+62 875-9725-0817,andi.gunawan.817@example.invalid,Asuransi Perusahaan,11-Jul-2019,Tidak,Aktif
PAT-MOCK-0000818,EMR-MOCK-0000818,MOCK-1905-19761215-0818,Bagas Permana,Laki-laki,1976-12-15 00:00:00,AB,Menikah,"Jl. Cemara No. 24, Banyumanik",Semarang,Jawa Tengah,+62 825-2936-0818,bagas.hartono.818@example.invalid,Asuransi Swasta,01-May-2019,Ya,Aktif
PAT-MOCK-0000819,EMR-MOCK-0000819,MOCK-6832-19540605-0819,Andi Halim,Laki-laki,1954-06-05 00:00:00,A,Cerai Hidup,"Jl. Mawar No. 39, Coblong",Bandung,Jawa Barat,+62 846-5844-0819,andi.lesmana.819@example.invalid,BPJS Kesehatan,22-Jan-2021,Ya,Aktif
PAT-MOCK-0000820,EMR-MOCK-0000820,MOCK-7309-19640522-0820,Arif Kusuma,Laki-laki,1964-05-22 00:00:00,O,Cerai Mati,"Jl. Mawar No. 168, Kebon Jeruk",Jakarta Barat,DKI Jakarta,+62 847-1019-0820,arif.pratama.820@example.invalid,Asuransi Perusahaan,07-Dec-2025,Ya,Aktif
PAT-MOCK-0000821,EMR-MOCK-0000821,MOCK-7875-20241004-0821,Ahmad Purnama,Laki-laki,2024-10-04 00:00:00,O,Menikah,"Jl. Merpati No. 136, Coblong",Bandung,Jawa Barat,+62 843-7098-0821,ahmad.saputra.821@example.invalid,Pribadi,05-Oct-2024,Ya,Aktif
PAT-MOCK-0000822,EMR-MOCK-0000822,MOCK-9723-19940712-0822,Wulan Lesmana,Perempuan,1994-07-12 00:00:00,B,Cerai Mati,"Jl. Melati No. 80, Coblong",Bandung,Jawa Barat,+62 850-6405-0822,wulan.wijaya.822@example.invalid,Pribadi,29-Nov-2022,Ya,Tidak Aktif
PAT-MOCK-0000823,EMR-MOCK-0000823,MOCK-1741-20170110-0823,Yoga Nugraha,Laki-laki,2017-01-10 00:00:00,B,Menikah,"Jl. Cemara No. 174, Duren Sawit",Jakarta Timur,DKI Jakarta,+62 855-9336-0823,yoga.santoso.823@example.invalid,Asuransi Swasta,14-Feb-2025,Ya,Aktif
PAT-MOCK-0000824,EMR-MOCK-0000824,MOCK-8266-19610321-0824,Joko Permana,Laki-laki,1961-03-21 00:00:00,O,Belum Menikah,"Jl. Rajawali No. 140, Wonokromo",Surabaya,Jawa Timur,+62 879-6157-0824,joko.hidayat.824@example.invalid,Asuransi Perusahaan,08-May-2023,Ya,Aktif
PAT-MOCK-0000825,EMR-MOCK-0000825,MOCK-7962-19571023-0825,Galang Utama,Laki-laki,1957-10-23 00:00:00,B,Belum Menikah,"Jl. Anggrek No. 23, Beji",Depok,Jawa Barat,+62 888-3518-0825,galang.nugraha.825@example.invalid,BPJS Kesehatan,12-Jul-2020,Ya,Aktif
PAT-MOCK-0000826,EMR-MOCK-0000826,MOCK-2926-20070518-0826,Citra Hartono,Perempuan,2007-05-18 00:00:00,A,Cerai Hidup,"Jl. Mawar No. 124, Bogor Tengah",Bogor,Jawa Barat,+62 843-5959-0826,citra.kusuma.826@example.invalid,BPJS Kesehatan,30-Jun-2025,Ya,Aktif
PAT-MOCK-0000827,EMR-MOCK-0000827,MOCK-2705-19630516-0827,Citra Nugraha,Perempuan,1963-05-16 00:00:00,A,Cerai Hidup,"Jl. Kenanga No. 84, Medan Baru",Medan,Sumatera Utara,+62 811-3757-0827,citra.setiawan.827@example.invalid,BPJS Kesehatan,06-Jan-2026,Tidak,Aktif
PAT-MOCK-0000828,EMR-MOCK-0000828,MOCK-3690-19520208-0828,Nadia Permana,Perempuan,1952-02-08 00:00:00,A,Belum Menikah,"Jl. Cendana No. 112, Denpasar Selatan",Denpasar,Bali,+62 872-8454-0828,nadia.permana.828@example.invalid,Asuransi Perusahaan,28-Mar-2019,Tidak,Aktif
PAT-MOCK-0000829,EMR-MOCK-0000829,MOCK-7602-19450111-0829,Ahmad Maulana,Laki-laki,1945-01-11 00:00:00,Belum diperiksa,Cerai Hidup,"Jl. Anggrek No. 36, Ilir Barat I",Palembang,Sumatera Selatan,+62 845-6089-0829,ahmad.ramadhan.829@example.invalid,Corporate Guarantee,08-May-2020,Ya,Aktif
PAT-MOCK-0000830,EMR-MOCK-0000830,MOCK-3124-19930601-0830,Hendra Saputra,Laki-laki,1993-06-01 00:00:00,O,Cerai Hidup,"Jl. Cendana No. 179, Bogor Tengah",Bogor,Jawa Barat,+62 865-4131-0830,hendra.maulana.830@example.invalid,Asuransi Perusahaan,20-Dec-2020,Ya,Aktif
PAT-MOCK-0000831,EMR-MOCK-0000831,MOCK-5938-19770622-0831,Ahmad Saputra,Laki-laki,1977-06-22 00:00:00,A,Cerai Hidup,"Jl. Dahlia No. 57, Ilir Barat I",Palembang,Sumatera Selatan,+62 862-7446-0831,ahmad.utama.831@example.invalid,Corporate Guarantee,04-May-2022,Tidak,Aktif
PAT-MOCK-0000832,EMR-MOCK-0000832,MOCK-2621-19780604-0832,Amelia Wijaya,Perempuan,1978-06-04 00:00:00,A,Cerai Mati,"Jl. Rajawali No. 121, Medan Baru",Medan,Sumatera Utara,+62 868-1623-0832,amelia.purnama.832@example.invalid,Pribadi,20-Aug-2018,Ya,Aktif
PAT-MOCK-0000833,EMR-MOCK-0000833,MOCK-1154-20211204-0833,Irfan Santoso,Laki-laki,2021-12-04 00:00:00,Belum diperiksa,Cerai Mati,"Jl. Anggrek No. 24, Bogor Tengah",Bogor,Jawa Barat,+62 824-5268-0833,irfan.siregar.833@example.invalid,Corporate Guarantee,31-Dec-2021,Tidak,Tidak Aktif
PAT-MOCK-0000834,EMR-MOCK-0000834,MOCK-8312-20230527-0834,Lestari Purnama,Perempuan,2023-05-27 00:00:00,O,Cerai Hidup,"Jl. Merpati No. 154, Denpasar Selatan",Denpasar,Bali,+62 817-3741-0834,lestari.nasution.834@example.invalid,BPJS Kesehatan,28-May-2023,Ya,Aktif
PAT-MOCK-0000835,EMR-MOCK-0000835,MOCK-3909-20060321-0835,Bagas Siregar,Laki-laki,2006-03-21 00:00:00,O,Belum Menikah,"Jl. Cendana No. 168, Kebayoran Baru",Jakarta Selatan,DKI Jakarta,+62 893-1722-0835,bagas.simanjuntak.835@example.invalid,Asuransi Swasta,20-Nov-2021,Ya,Aktif
PAT-MOCK-0000836,EMR-MOCK-0000836,MOCK-4745-19520804-0836,Dewi Siregar,Perempuan,1952-08-04 00:00:00,O,Cerai Hidup,"Jl. Dahlia No. 107, Duren Sawit",Jakarta Timur,DKI Jakarta,+62 818-5108-0836,dewi.halim.836@example.invalid,Asuransi Swasta,19-Aug-2023,Ya,Aktif
PAT-MOCK-0000837,EMR-MOCK-0000837,MOCK-3538-19981016-0837,Rani Hartono,Perempuan,1998-10-16 00:00:00,O,Cerai Hidup,"Jl. Kenanga No. 158, Kebayoran Baru",Jakarta Selatan,DKI Jakarta,+62 887-6989-0837,rani.gunawan.837@example.invalid,Asuransi Swasta,22-Aug-2018,Tidak,Aktif
PAT-MOCK-0000838,EMR-MOCK-0000838,MOCK-7231-19790119-0838,Raka Purnama,Laki-laki,1979-01-19 00:00:00,B,Menikah,"Jl. Merpati No. 27, Banyumanik",Semarang,Jawa Tengah,+62 851-7067-0838,raka.hartono.838@example.invalid,Pribadi,21-Jan-2025,Ya,Aktif
PAT-MOCK-0000839,EMR-MOCK-0000839,MOCK-9971-19950929-0839,Farhan Purnama,Laki-laki,1995-09-29 00:00:00,AB,Menikah,"Jl. Kenanga No. 42, Beji",Depok,Jawa Barat,+62 865-2124-0839,farhan.lesmana.839@example.invalid,Pribadi,04-Aug-2024,Ya,Aktif
PAT-MOCK-0000840,EMR-MOCK-0000840,MOCK-5823-19571213-0840,Amelia Santoso,Perempuan,1957-12-13 00:00:00,O,Menikah,"Jl. Mawar No. 168, Serpong",Tangerang Selatan,Banten,+62 842-4637-0840,amelia.pratama.840@example.invalid,Corporate Guarantee,04-Mar-2023,Ya,Aktif
PAT-MOCK-0000841,EMR-MOCK-0000841,MOCK-3157-19530323-0841,Arif Hidayat,Laki-laki,1953-03-23 00:00:00,A,Cerai Hidup,"Jl. Melati No. 67, Banyumanik",Semarang,Jawa Tengah,+62 841-6412-0841,arif.saputra.841@example.invalid,Pribadi,10-May-2018,Ya,Aktif
PAT-MOCK-0000842,EMR-MOCK-0000842,MOCK-8602-19830203-0842,Farhan Lesmana,Laki-laki,1983-02-03 00:00:00,O,Menikah,"Jl. Cendana No. 131, Kebon Jeruk",Jakarta Barat,DKI Jakarta,+62 847-2363-0842,farhan.wijaya.842@example.invalid,Pribadi,17-Oct-2024,Tidak,Aktif
PAT-MOCK-0000843,EMR-MOCK-0000843,MOCK-4292-20000302-0843,Rangga Siregar,Laki-laki,2000-03-02 00:00:00,A,Cerai Mati,"Jl. Flamboyan No. 49, Banyumanik",Semarang,Jawa Tengah,+62 842-2507-0843,rangga.santoso.843@example.invalid,Asuransi Swasta,08-Dec-2023,Tidak,Aktif
PAT-MOCK-0000844,EMR-MOCK-0000844,MOCK-6750-19511007-0844,Sari Saputra,Perempuan,1951-10-07 00:00:00,A,Belum Menikah,"Jl. Mawar No. 168, Kebayoran Baru",Jakarta Selatan,DKI Jakarta,+62 898-9519-0844,sari.hidayat.844@example.invalid,BPJS Kesehatan,27-May-2018,Ya,Aktif
PAT-MOCK-0000845,EMR-MOCK-0000845,MOCK-6435-19511114-0845,Danu Simanjuntak,Laki-laki,1951-11-14 00:00:00,O,Menikah,"Jl. Mawar No. 100, Panakkukang",Makassar,Sulawesi Selatan,+62 817-5648-0845,danu.nugraha.845@example.invalid,Asuransi Swasta,30-Apr-2025,Ya,Aktif
PAT-MOCK-0000846,EMR-MOCK-0000846,MOCK-4786-20110820-0846,Eko Halim,Laki-laki,2011-08-20 00:00:00,O,Cerai Mati,"Jl. Dahlia No. 163, Bogor Tengah",Bogor,Jawa Barat,+62 877-4814-0846,eko.kusuma.846@example.invalid,Asuransi Swasta,12-Jan-2020,Ya,Aktif
PAT-MOCK-0000847,EMR-MOCK-0000847,MOCK-5853-20240512-0847,Intan Kusuma,Perempuan,2024-05-12 00:00:00,O,Cerai Hidup,"Jl. Anggrek No. 174, Medan Baru",Medan,Sumatera Utara,+62 819-6013-0847,intan.setiawan.847@example.invalid,Corporate Guarantee,13-May-2024,Ya,Aktif
PAT-MOCK-0000848,EMR-MOCK-0000848,MOCK-2559-20001008-0848,Aditya Santoso,Laki-laki,2000-10-08 00:00:00,B,Menikah,"Jl. Flamboyan No. 114, Bogor Tengah",Bogor,Jawa Barat,+62 898-9186-0848,aditya.permana.848@example.invalid,Corporate Guarantee,01-Mar-2018,Ya,Aktif
PAT-MOCK-0000849,EMR-MOCK-0000849,MOCK-3016-19551016-0849,Bagas Purnama,Laki-laki,1955-10-16 00:00:00,O,Cerai Hidup,"Jl. Dahlia No. 59, Serpong",Tangerang Selatan,Banten,+62 881-2519-0849,bagas.ramadhan.849@example.invalid,BPJS Kesehatan,14-Sep-2025,Tidak,Aktif
PAT-MOCK-0000850,EMR-MOCK-0000850,MOCK-5666-19470429-0850,Citra Maulana,Perempuan,1947-04-29 00:00:00,O,Cerai Hidup,"Jl. Dahlia No. 96, Duren Sawit",Jakarta Timur,DKI Jakarta,+62 862-5784-0850,citra.maulana.850@example.invalid,BPJS Kesehatan,12-Oct-2025,Ya,Aktif
PAT-MOCK-0000851,EMR-MOCK-0000851,MOCK-9352-19981209-0851,Rangga Wijaya,Laki-laki,1998-12-09 00:00:00,A,Belum Menikah,"Jl. Cendana No. 10, Medan Baru",Medan,Sumatera Utara,+62 837-6129-0851,rangga.utama.851@example.invalid,Asuransi Perusahaan,13-Jul-2024,Ya,Aktif
PAT-MOCK-0000852,EMR-MOCK-0000852,MOCK-1603-19850717-0852,Galang Siregar,Laki-laki,1985-07-17 00:00:00,B,Cerai Mati,"Jl. Melati No. 42, Medan Baru",Medan,Sumatera Utara,+62 869-1481-0852,galang.purnama.852@example.invalid,Asuransi Swasta,04-Jul-2021,Ya,Aktif
PAT-MOCK-0000853,EMR-MOCK-0000853,MOCK-5055-19690101-0853,Aisyah Purnama,Perempuan,1969-01-01 00:00:00,O,Belum Menikah,"Jl. Merpati No. 102, Karawaci",Tangerang,Banten,+62 826-7237-0853,aisyah.siregar.853@example.invalid,Asuransi Perusahaan,10-Oct-2019,Tidak,Aktif
PAT-MOCK-0000854,EMR-MOCK-0000854,MOCK-3810-19850721-0854,Rani Utama,Perempuan,1985-07-21 00:00:00,B,Menikah,"Jl. Anggrek No. 78, Coblong",Bandung,Jawa Barat,+62 818-3867-0854,rani.nasution.854@example.invalid,BPJS Kesehatan,09-Nov-2021,Tidak,Aktif
PAT-MOCK-0000855,EMR-MOCK-0000855,MOCK-7223-19641017-0855,Danu Hartono,Laki-laki,1964-10-17 00:00:00,A,Cerai Mati,"Jl. Melati No. 142, Wonokromo",Surabaya,Jawa Timur,+62 843-2015-0855,danu.simanjuntak.855@example.invalid,Pribadi,12-Jan-2021,Tidak,Aktif
PAT-MOCK-0000856,EMR-MOCK-0000856,MOCK-1250-20050608-0856,Ahmad Nugraha,Laki-laki,2005-06-08 00:00:00,O,Cerai Hidup,"Jl. Anggrek No. 100, Kebayoran Baru",Jakarta Selatan,DKI Jakarta,+62 896-3137-0856,ahmad.halim.856@example.invalid,Asuransi Swasta,08-Jul-2025,Tidak,Aktif
PAT-MOCK-0000857,EMR-MOCK-0000857,MOCK-9400-19611118-0857,Yoga Halim,Laki-laki,1961-11-18 00:00:00,A,Cerai Mati,"Jl. Merpati No. 56, Bekasi Selatan",Bekasi,Jawa Barat,+62 862-1141-0857,yoga.gunawan.857@example.invalid,Pribadi,06-Jan-2021,Ya,Aktif
PAT-MOCK-0000858,EMR-MOCK-0000858,MOCK-6349-19541215-0858,Danu Santoso,Laki-laki,1954-12-15 00:00:00,O,Cerai Hidup,"Jl. Kenanga No. 33, Karawaci",Tangerang,Banten,+62 833-5767-0858,danu.hartono.858@example.invalid,Corporate Guarantee,30-Sep-2018,Tidak,Aktif
PAT-MOCK-0000859,EMR-MOCK-0000859,MOCK-7351-19740406-0859,Aditya Wijaya,Laki-laki,1974-04-06 00:00:00,B,Cerai Hidup,"Jl. Cendana No. 107, Beji",Depok,Jawa Barat,+62 846-2257-0859,aditya.lesmana.859@example.invalid,Corporate Guarantee,18-Jan-2026,Ya,Aktif
PAT-MOCK-0000860,EMR-MOCK-0000860,MOCK-8339-19650418-0860,Kartika Gunawan,Perempuan,1965-04-18 00:00:00,O,Belum Menikah,"Jl. Rajawali No. 168, Kebayoran Baru",Jakarta Selatan,DKI Jakarta,+62 859-5894-0860,kartika.pratama.860@example.invalid,Asuransi Perusahaan,17-Dec-2021,Tidak,Aktif
PAT-MOCK-0000861,EMR-MOCK-0000861,MOCK-7089-19700626-0861,Dinda Nasution,Perempuan,1970-06-26 00:00:00,AB,Cerai Hidup,"Jl. Rajawali No. 53, Panakkukang",Makassar,Sulawesi Selatan,+62 830-1669-0861,dinda.saputra.861@example.invalid,Pribadi,07-Jan-2018,Tidak,Aktif
PAT-MOCK-0000862,EMR-MOCK-0000862,MOCK-5927-19610612-0862,Rizky Nasution,Laki-laki,1961-06-12 00:00:00,A,Cerai Hidup,"Jl. Flamboyan No. 129, Duren Sawit",Jakarta Timur,DKI Jakarta,+62 882-4342-0862,rizky.wijaya.862@example.invalid,Asuransi Swasta,19-Dec-2020,Ya,Aktif
PAT-MOCK-0000863,EMR-MOCK-0000863,MOCK-8204-19691204-0863,Putri Gunawan,Perempuan,1969-12-04 00:00:00,B,Cerai Hidup,"Jl. Kenanga No. 38, Bogor Tengah",Bogor,Jawa Barat,+62 855-9371-0863,putri.santoso.863@example.invalid,Pribadi,19-May-2018,Tidak,Aktif
PAT-MOCK-0000864,EMR-MOCK-0000864,MOCK-3020-20170427-0864,Tiara Nugraha,Perempuan,2017-04-27 00:00:00,B,Belum Menikah,"Jl. Merpati No. 22, Beji",Depok,Jawa Barat,+62 871-8307-0864,tiara.hidayat.864@example.invalid,Asuransi Perusahaan,07-Feb-2019,Ya,Aktif
PAT-MOCK-0000865,EMR-MOCK-0000865,MOCK-1838-19681212-0865,Danu Simanjuntak,Laki-laki,1968-12-12 00:00:00,O,Menikah,"Jl. Kenanga No. 137, Denpasar Selatan",Denpasar,Bali,+62 868-7129-0865,danu.nugraha.865@example.invalid,Pribadi,30-Sep-2022,Ya,Aktif
PAT-MOCK-0000866,EMR-MOCK-0000866,MOCK-9257-19770221-0866,Dimas Permana,Laki-laki,1977-02-21 00:00:00,AB,Belum Menikah,"Jl. Dahlia No. 38, Duren Sawit",Jakarta Timur,DKI Jakarta,+62 882-8015-0866,dimas.kusuma.866@example.invalid,Corporate Guarantee,21-Jan-2018,Tidak,Aktif
PAT-MOCK-0000867,EMR-MOCK-0000867,MOCK-1202-20240904-0867,Aulia Saputra,Perempuan,2024-09-04 00:00:00,O,Menikah,"Jl. Merpati No. 167, Kebayoran Baru",Jakarta Selatan,DKI Jakarta,+62 831-1067-0867,aulia.setiawan.867@example.invalid,Asuransi Perusahaan,05-Sep-2024,Ya,Aktif
PAT-MOCK-0000868,EMR-MOCK-0000868,MOCK-4389-19960115-0868,Raka Gunawan,Laki-laki,1996-01-15 00:00:00,A,Cerai Mati,"Jl. Rajawali No. 109, Panakkukang",Makassar,Sulawesi Selatan,+62 851-7761-0868,raka.permana.868@example.invalid,Pribadi,01-Sep-2018,Ya,Aktif
PAT-MOCK-0000869,EMR-MOCK-0000869,MOCK-1142-19791019-0869,Putri Nugraha,Perempuan,1979-10-19 00:00:00,Belum diperiksa,Belum Menikah,"Jl. Anggrek No. 5, Bogor Tengah",Bogor,Jawa Barat,+62 875-8600-0869,putri.ramadhan.869@example.invalid,Pribadi,30-Oct-2023,Tidak,Aktif
PAT-MOCK-0000870,EMR-MOCK-0000870,MOCK-8908-19461215-0870,Raka Simanjuntak,Laki-laki,1946-12-15 00:00:00,O,Belum Menikah,"Jl. Rajawali No. 71, Wonokromo",Surabaya,Jawa Timur,+62 836-2429-0870,raka.maulana.870@example.invalid,Asuransi Perusahaan,21-Feb-2023,Tidak,Aktif
PAT-MOCK-0000871,EMR-MOCK-0000871,MOCK-6501-19921011-0871,Hendra Halim,Laki-laki,1992-10-11 00:00:00,O,Menikah,"Jl. Dahlia No. 132, Bekasi Selatan",Bekasi,Jawa Barat,+62 852-3713-0871,hendra.utama.871@example.invalid,Corporate Guarantee,23-Oct-2019,Ya,Aktif
PAT-MOCK-0000872,EMR-MOCK-0000872,MOCK-1298-19970715-0872,Arya Nasution,Laki-laki,1997-07-15 00:00:00,B,Belum Menikah,"Jl. Flamboyan No. 132, Duren Sawit",Jakarta Timur,DKI Jakarta,+62 870-4405-0872,arya.purnama.872@example.invalid,Pribadi,18-Apr-2024,Ya,Tidak Aktif
PAT-MOCK-0000873,EMR-MOCK-0000873,MOCK-4376-19650803-0873,Maya Siregar,Perempuan,1965-08-03 00:00:00,O,Menikah,"Jl. Rajawali No. 23, Medan Baru",Medan,Sumatera Utara,+62 876-6968-0873,maya.siregar.873@example.invalid,Corporate Guarantee,19-Feb-2020,Ya,Aktif
PAT-MOCK-0000874,EMR-MOCK-0000874,MOCK-3708-19870104-0874,Bima Santoso,Laki-laki,1987-01-04 00:00:00,Belum diperiksa,Cerai Mati,"Jl. Cendana No. 87, Denpasar Selatan",Denpasar,Bali,+62 836-9398-0874,bima.nasution.874@example.invalid,Corporate Guarantee,16-Jul-2026,Ya,Aktif
PAT-MOCK-0000875,EMR-MOCK-0000875,MOCK-8191-19711004-0875,Fitri Simanjuntak,Perempuan,1971-10-04 00:00:00,B,Cerai Hidup,"Jl. Dahlia No. 175, Denpasar Selatan",Denpasar,Bali,+62 828-6484-0875,fitri.simanjuntak.875@example.invalid,Asuransi Swasta,28-Aug-2021,Tidak,Aktif
PAT-MOCK-0000876,EMR-MOCK-0000876,MOCK-4077-19860727-0876,Andi Pratama,Laki-laki,1986-07-27 00:00:00,A,Menikah,"Jl. Flamboyan No. 126, Panakkukang",Makassar,Sulawesi Selatan,+62 896-2813-0876,andi.halim.876@example.invalid,Corporate Guarantee,17-Apr-2026,Ya,Aktif
PAT-MOCK-0000877,EMR-MOCK-0000877,MOCK-1595-20110725-0877,Aulia Permana,Perempuan,2011-07-25 00:00:00,O,Cerai Hidup,"Jl. Kenanga No. 67, Ilir Barat I",Palembang,Sumatera Selatan,+62 851-6497-0877,aulia.gunawan.877@example.invalid,Asuransi Perusahaan,20-Mar-2023,Tidak,Aktif
PAT-MOCK-0000878,EMR-MOCK-0000878,MOCK-4982-19650620-0878,Andi Nasution,Laki-laki,1965-06-20 00:00:00,O,Menikah,"Jl. Kenanga No. 127, Ilir Barat I",Palembang,Sumatera Selatan,+62 867-6569-0878,andi.hartono.878@example.invalid,Pribadi,14-May-2019,Ya,Aktif
PAT-MOCK-0000879,EMR-MOCK-0000879,MOCK-7206-20171229-0879,Danu Halim,Laki-laki,2017-12-29 00:00:00,B,Cerai Hidup,"Jl. Cemara No. 52, Denpasar Selatan",Denpasar,Bali,+62 830-7018-0879,danu.lesmana.879@example.invalid,Asuransi Swasta,07-Apr-2026,Ya,Aktif
PAT-MOCK-0000880,EMR-MOCK-0000880,MOCK-1554-19770913-0880,Aisyah Nasution,Perempuan,1977-09-13 00:00:00,B,Cerai Mati,"Jl. Kenanga No. 87, Bekasi Selatan",Bekasi,Jawa Barat,+62 872-3167-0880,aisyah.pratama.880@example.invalid,BPJS Kesehatan,20-Dec-2025,Tidak,Aktif
PAT-MOCK-0000881,EMR-MOCK-0000881,MOCK-4522-19920522-0881,Eko Lesmana,Laki-laki,1992-05-22 00:00:00,B,Cerai Hidup,"Jl. Cendana No. 26, Kebayoran Baru",Jakarta Selatan,DKI Jakarta,+62 851-5345-0881,eko.saputra.881@example.invalid,Asuransi Swasta,13-Jun-2023,Tidak,Tidak Aktif
PAT-MOCK-0000882,EMR-MOCK-0000882,MOCK-7044-19470215-0882,Dinda Nasution,Perempuan,1947-02-15 00:00:00,A,Cerai Hidup,"Jl. Dahlia No. 154, Duren Sawit",Jakarta Timur,DKI Jakarta,+62 840-5005-0882,dinda.wijaya.882@example.invalid,BPJS Kesehatan,27-Apr-2018,Ya,Aktif
PAT-MOCK-0000883,EMR-MOCK-0000883,MOCK-1590-19670615-0883,Andi Pratama,Laki-laki,1967-06-15 00:00:00,B,Cerai Hidup,"Jl. Merpati No. 110, Panakkukang",Makassar,Sulawesi Selatan,+62 824-2265-0883,andi.santoso.883@example.invalid,Pribadi,21-Dec-2019,Ya,Aktif
PAT-MOCK-0000884,EMR-MOCK-0000884,MOCK-3650-19480508-0884,Rangga Setiawan,Laki-laki,1948-05-08 00:00:00,A,Cerai Hidup,"Jl. Anggrek No. 52, Kebon Jeruk",Jakarta Barat,DKI Jakarta,+62 871-9417-0884,rangga.hidayat.884@example.invalid,Corporate Guarantee,16-Feb-2019,Ya,Aktif
PAT-MOCK-0000885,EMR-MOCK-0000885,MOCK-5816-19640229-0885,Dimas Hidayat,Laki-laki,1964-02-29 00:00:00,B,Belum Menikah,"Jl. Cendana No. 63, Medan Baru",Medan,Sumatera Utara,+62 835-6699-0885,dimas.nugraha.885@example.invalid,Asuransi Swasta,12-Mar-2021,Tidak,Aktif
PAT-MOCK-0000886,EMR-MOCK-0000886,MOCK-3776-19950318-0886,Citra Saputra,Perempuan,1995-03-18 00:00:00,O,Belum Menikah,"Jl. Cendana No. 31, Denpasar Selatan",Denpasar,Bali,+62 825-2261-0886,citra.kusuma.886@example.invalid,BPJS Kesehatan,27-May-2022,Tidak,Aktif
PAT-MOCK-0000887,EMR-MOCK-0000887,MOCK-3104-19960803-0887,Citra Maulana,Perempuan,1996-08-03 00:00:00,A,Cerai Hidup,"Jl. Anggrek No. 129, Bogor Tengah",Bogor,Jawa Barat,+62 887-7750-0887,citra.setiawan.887@example.invalid,Asuransi Swasta,13-Sep-2018,Ya,Aktif
PAT-MOCK-0000888,EMR-MOCK-0000888,MOCK-8640-20151006-0888,Fitri Gunawan,Perempuan,2015-10-06 00:00:00,O,Cerai Hidup,"Jl. Flamboyan No. 34, Ilir Barat I",Palembang,Sumatera Selatan,+62 850-9492-0888,fitri.permana.888@example.invalid,Asuransi Swasta,23-Apr-2023,Ya,Aktif
PAT-MOCK-0000889,EMR-MOCK-0000889,MOCK-7007-19540206-0889,Andi Saputra,Laki-laki,1954-02-06 00:00:00,A,Cerai Hidup,"Jl. Kenanga No. 90, Karawaci",Tangerang,Banten,+62 843-1030-0889,andi.ramadhan.889@example.invalid,Asuransi Perusahaan,31-Aug-2020,Tidak,Aktif
PAT-MOCK-0000890,EMR-MOCK-0000890,MOCK-9826-19470401-0890,Dinda Kusuma,Perempuan,1947-04-01 00:00:00,O,Belum Menikah,"Jl. Cemara No. 140, Medan Baru",Medan,Sumatera Utara,+62 878-4623-0890,dinda.maulana.890@example.invalid,Pribadi,11-Aug-2025,Tidak,Tidak Aktif
PAT-MOCK-0000891,EMR-MOCK-0000891,MOCK-3715-20140514-0891,Amelia Setiawan,Perempuan,2014-05-14 00:00:00,B,Cerai Hidup,"Jl. Anggrek No. 74, Karawaci",Tangerang,Banten,+62 884-2099-0891,amelia.utama.891@example.invalid,Asuransi Swasta,04-Mar-2024,Ya,Aktif
PAT-MOCK-0000892,EMR-MOCK-0000892,MOCK-8803-20031127-0892,Irfan Lesmana,Laki-laki,2003-11-27 00:00:00,AB,Cerai Mati,"Jl. Cendana No. 91, Duren Sawit",Jakarta Timur,DKI Jakarta,+62 898-1697-0892,irfan.purnama.892@example.invalid,Asuransi Swasta,15-Feb-2019,Ya,Aktif
PAT-MOCK-0000893,EMR-MOCK-0000893,MOCK-9696-19760310-0893,Irfan Hartono,Laki-laki,1976-03-10 00:00:00,Belum diperiksa,Belum Menikah,"Jl. Flamboyan No. 135, Ilir Barat I",Palembang,Sumatera Selatan,+62 823-5460-0893,irfan.siregar.893@example.invalid,BPJS Kesehatan,24-Jan-2018,Ya,Aktif
PAT-MOCK-0000894,EMR-MOCK-0000894,MOCK-1381-20031211-0894,Fajar Wijaya,Laki-laki,2003-12-11 00:00:00,AB,Menikah,"Jl. Merpati No. 14, Bekasi Selatan",Bekasi,Jawa Barat,+62 863-9234-0894,fajar.nasution.894@example.invalid,BPJS Kesehatan,05-Dec-2019,Ya,Aktif
PAT-MOCK-0000895,EMR-MOCK-0000895,MOCK-6219-20060329-0895,Sari Maulana,Perempuan,2006-03-29 00:00:00,B,Menikah,"Jl. Flamboyan No. 51, Coblong",Bandung,Jawa Barat,+62 823-1253-0895,sari.simanjuntak.895@example.invalid,Pribadi,24-Aug-2019,Tidak,Aktif
PAT-MOCK-0000896,EMR-MOCK-0000896,MOCK-6382-19770516-0896,Yoga Hidayat,Laki-laki,1977-05-16 00:00:00,O,Menikah,"Jl. Cemara No. 83, Coblong",Bandung,Jawa Barat,+62 857-9186-0896,yoga.halim.896@example.invalid,Corporate Guarantee,13-Aug-2019,Ya,Aktif
PAT-MOCK-0000897,EMR-MOCK-0000897,MOCK-2161-19550313-0897,Eko Lesmana,Laki-laki,1955-03-13 00:00:00,B,Belum Menikah,"Jl. Rajawali No. 157, Wonokromo",Surabaya,Jawa Timur,+62 840-7185-0897,eko.gunawan.897@example.invalid,Pribadi,14-Sep-2022,Tidak,Aktif
PAT-MOCK-0000898,EMR-MOCK-0000898,MOCK-4809-19890911-0898,Galang Kusuma,Laki-laki,1989-09-11 00:00:00,B,Belum Menikah,"Jl. Flamboyan No. 179, Kebon Jeruk",Jakarta Barat,DKI Jakarta,+62 865-4519-0898,galang.hartono.898@example.invalid,BPJS Kesehatan,21-Mar-2023,Ya,Aktif
PAT-MOCK-0000899,EMR-MOCK-0000899,MOCK-5172-19630810-0899,Bima Wijaya,Laki-laki,1963-08-10 00:00:00,O,Menikah,"Jl. Melati No. 123, Bogor Tengah",Bogor,Jawa Barat,+62 863-4347-0899,bima.lesmana.899@example.invalid,Asuransi Swasta,19-Jul-2018,Ya,Aktif
PAT-MOCK-0000900,EMR-MOCK-0000900,MOCK-6216-19900709-0900,Dimas Wijaya,Laki-laki,1990-07-09 00:00:00,B,Cerai Mati,"Jl. Cendana No. 73, Karawaci",Tangerang,Banten,+62 878-8461-0900,dimas.pratama.900@example.invalid,Corporate Guarantee,07-Aug-2024,Tidak,Aktif
PAT-MOCK-0000901,EMR-MOCK-0000901,MOCK-8815-20160324-0901,Yoga Permana,Laki-laki,2016-03-24 00:00:00,A,Menikah,"Jl. Rajawali No. 22, Duren Sawit",Jakarta Timur,DKI Jakarta,+62 868-4761-0901,yoga.saputra.901@example.invalid,Asuransi Swasta,30-Dec-2018,Tidak,Aktif
PAT-MOCK-0000902,EMR-MOCK-0000902,MOCK-8424-19750527-0902,Bima Purnama,Laki-laki,1975-05-27 00:00:00,B,Menikah,"Jl. Dahlia No. 17, Panakkukang",Makassar,Sulawesi Selatan,+62 846-7141-0902,bima.wijaya.902@example.invalid,Pribadi,24-Sep-2021,Ya,Aktif
PAT-MOCK-0000903,EMR-MOCK-0000903,MOCK-2857-19860802-0903,Aditya Santoso,Laki-laki,1986-08-02 00:00:00,O,Belum Menikah,"Jl. Kenanga No. 93, Coblong",Bandung,Jawa Barat,+62 842-6356-0903,aditya.santoso.903@example.invalid,Asuransi Swasta,21-Dec-2021,Ya,Aktif
PAT-MOCK-0000904,EMR-MOCK-0000904,MOCK-9118-20061225-0904,Rani Ramadhan,Perempuan,2006-12-25 00:00:00,A,Belum Menikah,"Jl. Kenanga No. 119, Medan Baru",Medan,Sumatera Utara,+62 894-5693-0904,rani.hidayat.904@example.invalid,Asuransi Swasta,27-Nov-2024,Ya,Aktif
PAT-MOCK-0000905,EMR-MOCK-0000905,MOCK-8762-19770621-0905,Danu Ramadhan,Laki-laki,1977-06-21 00:00:00,O,Cerai Hidup,"Jl. Cemara No. 4, Kebayoran Baru",Jakarta Selatan,DKI Jakarta,+62 844-3083-0905,danu.nugraha.905@example.invalid,BPJS Kesehatan,15-Sep-2018,Ya,Aktif
PAT-MOCK-0000906,EMR-MOCK-0000906,MOCK-8243-19520205-0906,Citra Santoso,Perempuan,1952-02-05 00:00:00,O,Belum Menikah,"Jl. Dahlia No. 118, Denpasar Selatan",Denpasar,Bali,+62 814-3424-0906,citra.kusuma.906@example.invalid,Asuransi Swasta,24-Apr-2019,Tidak,Aktif
PAT-MOCK-0000907,EMR-MOCK-0000907,MOCK-2755-19940702-0907,Aditya Nasution,Laki-laki,1994-07-02 00:00:00,O,Menikah,"Jl. Cendana No. 124, Panakkukang",Makassar,Sulawesi Selatan,+62 872-3730-0907,aditya.setiawan.907@example.invalid,Corporate Guarantee,03-Sep-2023,Ya,Aktif
PAT-MOCK-0000908,EMR-MOCK-0000908,MOCK-6774-19700803-0908,Nadia Gunawan,Perempuan,1970-08-03 00:00:00,B,Belum Menikah,"Jl. Rajawali No. 38, Beji",Depok,Jawa Barat,+62 830-5639-0908,nadia.permana.908@example.invalid,Asuransi Perusahaan,03-Nov-2020,Ya,Aktif
PAT-MOCK-0000909,EMR-MOCK-0000909,MOCK-6437-19471103-0909,Citra Saputra,Perempuan,1947-11-03 00:00:00,B,Cerai Mati,"Jl. Rajawali No. 87, Bogor Tengah",Bogor,Jawa Barat,+62 852-9780-0909,citra.ramadhan.909@example.invalid,Asuransi Perusahaan,08-Oct-2023,Ya,Aktif
PAT-MOCK-0000910,EMR-MOCK-0000910,MOCK-9719-19840506-0910,Ahmad Simanjuntak,Laki-laki,1984-05-06 00:00:00,Belum diperiksa,Belum Menikah,"Jl. Cendana No. 93, Medan Baru",Medan,Sumatera Utara,+62 883-9435-0910,ahmad.maulana.910@example.invalid,Asuransi Swasta,02-Aug-2021,Ya,Aktif
PAT-MOCK-0000911,EMR-MOCK-0000911,MOCK-5627-19510521-0911,Fajar Utama,Laki-laki,1951-05-21 00:00:00,AB,Menikah,"Jl. Rajawali No. 16, Kebon Jeruk",Jakarta Barat,DKI Jakarta,+62 848-4064-0911,fajar.utama.911@example.invalid,Asuransi Perusahaan,12-May-2020,Ya,Aktif
PAT-MOCK-0000912,EMR-MOCK-0000912,MOCK-3477-19980302-0912,Amelia Kusuma,Perempuan,1998-03-02 00:00:00,A,Menikah,"Jl. Anggrek No. 121, Panakkukang",Makassar,Sulawesi Selatan,+62 896-7679-0912,amelia.purnama.912@example.invalid,Corporate Guarantee,08-Dec-2021,Ya,Aktif
PAT-MOCK-0000913,EMR-MOCK-0000913,MOCK-9774-20240501-0913,Citra Lesmana,Perempuan,2024-05-01 00:00:00,O,Cerai Hidup,"Jl. Dahlia No. 19, Panakkukang",Makassar,Sulawesi Selatan,+62 890-2214-0913,citra.siregar.913@example.invalid,Pribadi,02-May-2024,Ya,Aktif
PAT-MOCK-0000914,EMR-MOCK-0000914,MOCK-2249-19661024-0914,Arif Ramadhan,Laki-laki,1966-10-24 00:00:00,B,Cerai Hidup,"Jl. Merpati No. 30, Karawaci",Tangerang,Banten,+62 862-4726-0914,arif.nasution.914@example.invalid,Asuransi Swasta,15-Jul-2026,Ya,Aktif
PAT-MOCK-0000915,EMR-MOCK-0000915,MOCK-6320-20210724-0915,Hendra Halim,Laki-laki,2021-07-24 00:00:00,AB,Cerai Hidup,"Jl. Kenanga No. 34, Wonokromo",Surabaya,Jawa Timur,+62 861-1188-0915,hendra.simanjuntak.915@example.invalid,BPJS Kesehatan,25-Jul-2021,Ya,Aktif
PAT-MOCK-0000916,EMR-MOCK-0000916,MOCK-2604-19601014-0916,Andi Setiawan,Laki-laki,1960-10-14 00:00:00,A,Belum Menikah,"Jl. Kenanga No. 150, Banyumanik",Semarang,Jawa Tengah,+62 859-6278-0916,andi.halim.916@example.invalid,Pribadi,24-Jun-2026,Ya,Aktif
PAT-MOCK-0000917,EMR-MOCK-0000917,MOCK-5886-19860527-0917,Galang Saputra,Laki-laki,1986-05-27 00:00:00,AB,Cerai Hidup,"Jl. Melati No. 96, Duren Sawit",Jakarta Timur,DKI Jakarta,+62 846-4555-0917,galang.gunawan.917@example.invalid,Asuransi Perusahaan,23-Jun-2025,Ya,Aktif
PAT-MOCK-0000918,EMR-MOCK-0000918,MOCK-2395-19841009-0918,Dimas Lesmana,Laki-laki,1984-10-09 00:00:00,O,Belum Menikah,"Jl. Cendana No. 92, Karawaci",Tangerang,Banten,+62 895-1310-0918,dimas.hartono.918@example.invalid,Pribadi,10-Dec-2018,Ya,Aktif
PAT-MOCK-0000919,EMR-MOCK-0000919,MOCK-3397-19780118-0919,Kartika Siregar,Perempuan,1978-01-18 00:00:00,B,Cerai Hidup,"Jl. Cemara No. 81, Coblong",Bandung,Jawa Barat,+62 892-2939-0919,kartika.lesmana.919@example.invalid,BPJS Kesehatan,02-Oct-2021,Ya,Aktif
PAT-MOCK-0000920,EMR-MOCK-0000920,MOCK-8825-19940612-0920,Eko Siregar,Laki-laki,1994-06-12 00:00:00,A,Cerai Hidup,"Jl. Dahlia No. 96, Wonokromo",Surabaya,Jawa Timur,+62 838-1040-0920,eko.pratama.920@example.invalid,BPJS Kesehatan,07-Feb-2023,Tidak,Aktif
PAT-MOCK-0000921,EMR-MOCK-0000921,MOCK-2684-20070619-0921,Ahmad Gunawan,Laki-laki,2007-06-19 00:00:00,O,Cerai Hidup,"Jl. Anggrek No. 11, Panakkukang",Makassar,Sulawesi Selatan,+62 864-5870-0921,ahmad.saputra.921@example.invalid,Asuransi Swasta,16-Mar-2025,Ya,Aktif
PAT-MOCK-0000922,EMR-MOCK-0000922,MOCK-8566-20211206-0922,Anindya Hartono,Perempuan,2021-12-06 00:00:00,A,Cerai Hidup,"Jl. Dahlia No. 55, Beji",Depok,Jawa Barat,+62 848-2369-0922,anindya.wijaya.922@example.invalid,BPJS Kesehatan,17-Jul-2022,Ya,Aktif
PAT-MOCK-0000923,EMR-MOCK-0000923,MOCK-9470-20020606-0923,Aditya Kusuma,Laki-laki,2002-06-06 00:00:00,B,Menikah,"Jl. Cendana No. 9, Ilir Barat I",Palembang,Sumatera Selatan,+62 883-3682-0923,aditya.santoso.923@example.invalid,BPJS Kesehatan,06-Aug-2025,Ya,Aktif
PAT-MOCK-0000924,EMR-MOCK-0000924,MOCK-4939-19701009-0924,Joko Wijaya,Laki-laki,1970-10-09 00:00:00,O,Cerai Mati,"Jl. Merpati No. 35, Bekasi Selatan",Bekasi,Jawa Barat,+62 816-6816-0924,joko.hidayat.924@example.invalid,Asuransi Swasta,27-Aug-2023,Ya,Aktif
PAT-MOCK-0000925,EMR-MOCK-0000925,MOCK-7747-19490508-0925,Aulia Halim,Perempuan,1949-05-08 00:00:00,B,Cerai Hidup,"Jl. Kenanga No. 154, Kebon Jeruk",Jakarta Barat,DKI Jakarta,+62 836-3936-0925,aulia.nugraha.925@example.invalid,Asuransi Perusahaan,03-Mar-2019,Ya,Tidak Aktif
PAT-MOCK-0000926,EMR-MOCK-0000926,MOCK-4837-20011216-0926,Aulia Hidayat,Perempuan,2001-12-16 00:00:00,B,Cerai Mati,"Jl. Cendana No. 77, Beji",Depok,Jawa Barat,+62 854-3328-0926,aulia.kusuma.926@example.invalid,BPJS Kesehatan,12-Oct-2023,Ya,Aktif
PAT-MOCK-0000927,EMR-MOCK-0000927,MOCK-4973-19881205-0927,Raka Saputra,Laki-laki,1988-12-05 00:00:00,O,Belum Menikah,"Jl. Flamboyan No. 179, Wonokromo",Surabaya,Jawa Timur,+62 863-1137-0927,raka.setiawan.927@example.invalid,BPJS Kesehatan,18-Oct-2024,Ya,Aktif
PAT-MOCK-0000928,EMR-MOCK-0000928,MOCK-1400-20160125-0928,Nadia Pratama,Perempuan,2016-01-25 00:00:00,A,Cerai Mati,"Jl. Mawar No. 155, Bekasi Selatan",Bekasi,Jawa Barat,+62 848-7094-0928,nadia.permana.928@example.invalid,BPJS Kesehatan,05-Sep-2026,Ya,Tidak Aktif
PAT-MOCK-0000929,EMR-MOCK-0000929,MOCK-9837-19490322-0929,Arif Setiawan,Laki-laki,1949-03-22 00:00:00,B,Cerai Hidup,"Jl. Cendana No. 38, Serpong",Tangerang Selatan,Banten,+62 879-1093-0929,arif.ramadhan.929@example.invalid,Asuransi Swasta,31-Aug-2025,Ya,Tidak Aktif
PAT-MOCK-0000930,EMR-MOCK-0000930,MOCK-7534-19640524-0930,Intan Wijaya,Perempuan,1964-05-24 00:00:00,A,Belum Menikah,"Jl. Cendana No. 156, Medan Baru",Medan,Sumatera Utara,+62 838-7753-0930,intan.maulana.930@example.invalid,Asuransi Swasta,27-May-2018,Ya,Aktif
PAT-MOCK-0000931,EMR-MOCK-0000931,MOCK-8353-19670318-0931,Aisyah Utama,Perempuan,1967-03-18 00:00:00,B,Belum Menikah,"Jl. Cemara No. 47, Kebon Jeruk",Jakarta Barat,DKI Jakarta,+62 829-4742-0931,aisyah.utama.931@example.invalid,Asuransi Perusahaan,10-Jan-2020,Ya,Aktif
PAT-MOCK-0000932,EMR-MOCK-0000932,MOCK-6598-20120917-0932,Bagas Pratama,Laki-laki,2012-09-17 00:00:00,B,Belum Menikah,"Jl. Cendana No. 48, Bekasi Selatan",Bekasi,Jawa Barat,+62 889-2188-0932,bagas.purnama.932@example.invalid,Pribadi,26-Jul-2018,Ya,Aktif
PAT-MOCK-0000933,EMR-MOCK-0000933,MOCK-1573-19980130-0933,Nadia Saputra,Perempuan,1998-01-30 00:00:00,O,Cerai Hidup,"Jl. Merpati No. 41, Coblong",Bandung,Jawa Barat,+62 814-4103-0933,nadia.siregar.933@example.invalid,BPJS Kesehatan,30-May-2025,Ya,Aktif
PAT-MOCK-0000934,EMR-MOCK-0000934,MOCK-6553-19541008-0934,Aditya Purnama,Laki-laki,1954-10-08 00:00:00,AB,Cerai Mati,"Jl. Merpati No. 89, Ilir Barat I",Palembang,Sumatera Selatan,+62 865-6887-0934,aditya.nasution.934@example.invalid,BPJS Kesehatan,09-Jul-2023,Ya,Aktif
PAT-MOCK-0000935,EMR-MOCK-0000935,MOCK-7266-19541223-0935,Tiara Halim,Perempuan,1954-12-23 00:00:00,A,Menikah,"Jl. Anggrek No. 114, Beji",Depok,Jawa Barat,+62 817-5672-0935,tiara.simanjuntak.935@example.invalid,Asuransi Swasta,09-Jun-2018,Tidak,Aktif
PAT-MOCK-0000936,EMR-MOCK-0000936,MOCK-5606-20030830-0936,Lestari Maulana,Perempuan,2003-08-30 00:00:00,A,Cerai Mati,"Jl. Mawar No. 117, Denpasar Selatan",Denpasar,Bali,+62 886-7542-0936,lestari.halim.936@example.invalid,BPJS Kesehatan,16-Sep-2023,Ya,Aktif
PAT-MOCK-0000937,EMR-MOCK-0000937,MOCK-4885-20210622-0937,Sari Nugraha,Perempuan,2021-06-22 00:00:00,O,Belum Menikah,"Jl. Cendana No. 59, Ilir Barat I",Palembang,Sumatera Selatan,+62 811-4353-0937,sari.gunawan.937@example.invalid,Asuransi Swasta,23-Jun-2021,Tidak,Aktif
PAT-MOCK-0000938,EMR-MOCK-0000938,MOCK-2536-20100420-0938,Raka Lesmana,Laki-laki,2010-04-20 00:00:00,A,Menikah,"Jl. Melati No. 15, Wonokromo",Surabaya,Jawa Timur,+62 853-4333-0938,raka.hartono.938@example.invalid,Asuransi Swasta,20-Aug-2025,Ya,Tidak Aktif
PAT-MOCK-0000939,EMR-MOCK-0000939,MOCK-4589-19870418-0939,Danu Gunawan,Laki-laki,1987-04-18 00:00:00,B,Menikah,"Jl. Merpati No. 144, Serpong",Tangerang Selatan,Banten,+62 862-7752-0939,danu.lesmana.939@example.invalid,Asuransi Perusahaan,16-Feb-2018,Ya,Aktif
PAT-MOCK-0000940,EMR-MOCK-0000940,MOCK-4081-19600417-0940,Rizky Setiawan,Laki-laki,1960-04-17 00:00:00,AB,Cerai Hidup,"Jl. Mawar No. 168, Medan Baru",Medan,Sumatera Utara,+62 842-5584-0940,rizky.pratama.940@example.invalid,Corporate Guarantee,23-Apr-2020,Ya,Aktif
PAT-MOCK-0000941,EMR-MOCK-0000941,MOCK-5065-19570918-0941,Irfan Gunawan,Laki-laki,1957-09-18 00:00:00,O,Menikah,"Jl. Dahlia No. 122, Kebayoran Baru",Jakarta Selatan,DKI Jakarta,+62 880-8319-0941,irfan.saputra.941@example.invalid,Asuransi Swasta,04-Apr-2018,Ya,Aktif
PAT-MOCK-0000942,EMR-MOCK-0000942,MOCK-9063-19760213-0942,Rani Saputra,Perempuan,1976-02-13 00:00:00,B,Menikah,"Jl. Mawar No. 138, Bogor Tengah",Bogor,Jawa Barat,+62 888-5620-0942,rani.wijaya.942@example.invalid,Corporate Guarantee,14-Nov-2021,Ya,Aktif
PAT-MOCK-0000943,EMR-MOCK-0000943,MOCK-9278-19870318-0943,Kartika Saputra,Perempuan,1987-03-18 00:00:00,O,Cerai Mati,"Jl. Cemara No. 114, Bogor Tengah",Bogor,Jawa Barat,+62 863-2535-0943,kartika.santoso.943@example.invalid,Pribadi,30-Jul-2021,Ya,Aktif
PAT-MOCK-0000944,EMR-MOCK-0000944,MOCK-9795-19641215-0944,Yoga Maulana,Laki-laki,1964-12-15 00:00:00,O,Belum Menikah,"Jl. Mawar No. 171, Bogor Tengah",Bogor,Jawa Barat,+62 853-6790-0944,yoga.hidayat.944@example.invalid,Asuransi Swasta,09-Jun-2026,Ya,Aktif
PAT-MOCK-0000945,EMR-MOCK-0000945,MOCK-2909-19910205-0945,Putri Permana,Perempuan,1991-02-05 00:00:00,O,Cerai Hidup,"Jl. Cemara No. 138, Banyumanik",Semarang,Jawa Tengah,+62 818-2750-0945,putri.nugraha.945@example.invalid,Pribadi,10-Jul-2025,Ya,Aktif
PAT-MOCK-0000946,EMR-MOCK-0000946,MOCK-9619-20060410-0946,Citra Siregar,Perempuan,2006-04-10 00:00:00,AB,Cerai Mati,"Jl. Mawar No. 99, Beji",Depok,Jawa Barat,+62 878-7955-0946,citra.kusuma.946@example.invalid,Pribadi,06-Jun-2022,Tidak,Aktif
PAT-MOCK-0000947,EMR-MOCK-0000947,MOCK-2864-19750706-0947,Raka Santoso,Laki-laki,1975-07-06 00:00:00,A,Menikah,"Jl. Kenanga No. 9, Beji",Depok,Jawa Barat,+62 891-7567-0947,raka.setiawan.947@example.invalid,Asuransi Swasta,02-Oct-2022,Ya,Aktif
PAT-MOCK-0000948,EMR-MOCK-0000948,MOCK-2587-19620124-0948,Nadia Utama,Perempuan,1962-01-24 00:00:00,O,Belum Menikah,"Jl. Anggrek No. 39, Coblong",Bandung,Jawa Barat,+62 858-9597-0948,nadia.permana.948@example.invalid,Asuransi Perusahaan,17-May-2023,Tidak,Aktif
PAT-MOCK-0000949,EMR-MOCK-0000949,MOCK-7629-20110410-0949,Andi Kusuma,Laki-laki,2011-04-10 00:00:00,AB,Cerai Mati,"Jl. Dahlia No. 27, Duren Sawit",Jakarta Timur,DKI Jakarta,+62 844-4983-0949,andi.ramadhan.949@example.invalid,Pribadi,26-Feb-2022,Ya,Aktif
PAT-MOCK-0000950,EMR-MOCK-0000950,MOCK-5861-20060117-0950,Dinda Simanjuntak,Perempuan,2006-01-17 00:00:00,A,Menikah,"Jl. Cemara No. 18, Ilir Barat I",Palembang,Sumatera Selatan,+62 873-6276-0950,dinda.maulana.950@example.invalid,Asuransi Swasta,04-May-2024,Ya,Aktif
PAT-MOCK-0000951,EMR-MOCK-0000951,MOCK-5855-19820617-0951,Yoga Pratama,Laki-laki,1982-06-17 00:00:00,B,Cerai Mati,"Jl. Melati No. 80, Coblong",Bandung,Jawa Barat,+62 840-4728-0951,yoga.utama.951@example.invalid,Corporate Guarantee,19-Oct-2018,Ya,Aktif
PAT-MOCK-0000952,EMR-MOCK-0000952,MOCK-2051-19710622-0952,Fitri Santoso,Perempuan,1971-06-22 00:00:00,A,Cerai Mati,"Jl. Mawar No. 86, Wonokromo",Surabaya,Jawa Timur,+62 886-4878-0952,fitri.purnama.952@example.invalid,Asuransi Perusahaan,25-May-2023,Ya,Aktif
PAT-MOCK-0000953,EMR-MOCK-0000953,MOCK-5589-20220103-0953,Hendra Santoso,Laki-laki,2022-01-03 00:00:00,O,Menikah,"Jl. Merpati No. 117, Serpong",Tangerang Selatan,Banten,+62 847-2848-0953,hendra.siregar.953@example.invalid,Asuransi Swasta,07-Mar-2024,Tidak,Aktif
PAT-MOCK-0000954,EMR-MOCK-0000954,MOCK-2331-20211212-0954,Amelia Kusuma,Perempuan,2021-12-12 00:00:00,B,Cerai Hidup,"Jl. Cendana No. 154, Serpong",Tangerang Selatan,Banten,+62 812-7026-0954,amelia.nasution.954@example.invalid,Pribadi,13-Dec-2021,Ya,Aktif
PAT-MOCK-0000955,EMR-MOCK-0000955,MOCK-2517-20230330-0955,Putri Simanjuntak,Perempuan,2023-03-30 00:00:00,O,Belum Menikah,"Jl. Merpati No. 173, Kebayoran Baru",Jakarta Selatan,DKI Jakarta,+62 845-7346-0955,putri.simanjuntak.955@example.invalid,BPJS Kesehatan,14-Jun-2023,Ya,Aktif
PAT-MOCK-0000956,EMR-MOCK-0000956,MOCK-2356-20020326-0956,Tiara Hartono,Perempuan,2002-03-26 00:00:00,B,Belum Menikah,"Jl. Mawar No. 18, Wonokromo",Surabaya,Jawa Timur,+62 874-6136-0956,tiara.halim.956@example.invalid,Asuransi Swasta,01-Aug-2019,Tidak,Aktif
PAT-MOCK-0000957,EMR-MOCK-0000957,MOCK-6527-20211122-0957,Putri Pratama,Perempuan,2021-11-22 00:00:00,B,Cerai Mati,"Jl. Dahlia No. 90, Coblong",Bandung,Jawa Barat,+62 873-8764-0957,putri.gunawan.957@example.invalid,Corporate Guarantee,12-Mar-2024,Ya,Aktif
PAT-MOCK-0000958,EMR-MOCK-0000958,MOCK-6194-20060814-0958,Aulia Siregar,Perempuan,2006-08-14 00:00:00,O,Menikah,"Jl. Dahlia No. 9, Karawaci",Tangerang,Banten,+62 886-9458-0958,aulia.hartono.958@example.invalid,Asuransi Perusahaan,12-Apr-2019,Ya,Tidak Aktif
PAT-MOCK-0000959,EMR-MOCK-0000959,MOCK-1707-19730612-0959,Maya Nugraha,Perempuan,1973-06-12 00:00:00,B,Cerai Hidup,"Jl. Cendana No. 20, Banyumanik",Semarang,Jawa Tengah,+62 815-6772-0959,maya.lesmana.959@example.invalid,BPJS Kesehatan,29-Jun-2021,Ya,Aktif
PAT-MOCK-0000960,EMR-MOCK-0000960,MOCK-6442-19621128-0960,Aditya Hartono,Laki-laki,1962-11-28 00:00:00,B,Belum Menikah,"Jl. Cendana No. 34, Ilir Barat I",Palembang,Sumatera Selatan,+62 884-2522-0960,aditya.pratama.960@example.invalid,Corporate Guarantee,08-Nov-2024,Ya,Aktif
PAT-MOCK-0000961,EMR-MOCK-0000961,MOCK-6180-19841209-0961,Dinda Nugraha,Perempuan,1984-12-09 00:00:00,O,Cerai Mati,"Jl. Mawar No. 31, Medan Baru",Medan,Sumatera Utara,+62 886-9252-0961,dinda.saputra.961@example.invalid,Pribadi,21-May-2023,Ya,Aktif
PAT-MOCK-0000962,EMR-MOCK-0000962,MOCK-2519-20130612-0962,Arif Siregar,Laki-laki,2013-06-12 00:00:00,B,Cerai Hidup,"Jl. Kenanga No. 147, Duren Sawit",Jakarta Timur,DKI Jakarta,+62 836-3424-0962,arif.wijaya.962@example.invalid,Asuransi Swasta,16-Jan-2019,Tidak,Aktif
PAT-MOCK-0000963,EMR-MOCK-0000963,MOCK-1342-19481204-0963,Ahmad Lesmana,Laki-laki,1948-12-04 00:00:00,A,Menikah,"Jl. Rajawali No. 35, Karawaci",Tangerang,Banten,+62 854-1625-0963,ahmad.santoso.963@example.invalid,BPJS Kesehatan,24-Nov-2019,Ya,Aktif
PAT-MOCK-0000964,EMR-MOCK-0000964,MOCK-4888-19581026-0964,Aisyah Siregar,Perempuan,1958-10-26 00:00:00,B,Cerai Mati,"Jl. Anggrek No. 83, Denpasar Selatan",Denpasar,Bali,+62 881-2311-0964,aisyah.hidayat.964@example.invalid,Asuransi Perusahaan,04-Aug-2019,Ya,Aktif
PAT-MOCK-0000965,EMR-MOCK-0000965,MOCK-4547-20030604-0965,Eko Pratama,Laki-laki,2003-06-04 00:00:00,A,Cerai Hidup,"Jl. Merpati No. 179, Kebon Jeruk",Jakarta Barat,DKI Jakarta,+62 880-1485-0965,eko.nugraha.965@example.invalid,Corporate Guarantee,14-Aug-2025,Ya,Aktif
PAT-MOCK-0000966,EMR-MOCK-0000966,MOCK-9605-20180826-0966,Eko Permana,Laki-laki,2018-08-26 00:00:00,B,Cerai Hidup,"Jl. Melati No. 2, Bogor Tengah",Bogor,Jawa Barat,+62 886-8205-0966,eko.kusuma.966@example.invalid,Pribadi,21-Dec-2018,Ya,Aktif
PAT-MOCK-0000967,EMR-MOCK-0000967,MOCK-2325-20000723-0967,Fitri Santoso,Perempuan,2000-07-23 00:00:00,AB,Cerai Mati,"Jl. Kenanga No. 59, Bekasi Selatan",Bekasi,Jawa Barat,+62 870-7833-0967,fitri.setiawan.967@example.invalid,Asuransi Perusahaan,27-Apr-2025,Ya,Aktif
PAT-MOCK-0000968,EMR-MOCK-0000968,MOCK-6491-19870408-0968,Aisyah Gunawan,Perempuan,1987-04-08 00:00:00,Belum diperiksa,Cerai Mati,"Jl. Rajawali No. 97, Banyumanik",Semarang,Jawa Tengah,+62 812-7039-0968,aisyah.permana.968@example.invalid,Asuransi Perusahaan,26-Sep-2025,Tidak,Aktif
PAT-MOCK-0000969,EMR-MOCK-0000969,MOCK-1870-19710908-0969,Hendra Siregar,Laki-laki,1971-09-08 00:00:00,O,Cerai Mati,"Jl. Mawar No. 11, Coblong",Bandung,Jawa Barat,+62 870-9637-0969,hendra.ramadhan.969@example.invalid,Pribadi,06-Sep-2020,Ya,Aktif
PAT-MOCK-0000970,EMR-MOCK-0000970,MOCK-7003-20140725-0970,Maya Hartono,Perempuan,2014-07-25 00:00:00,Belum diperiksa,Menikah,"Jl. Dahlia No. 93, Ilir Barat I",Palembang,Sumatera Selatan,+62 895-4551-0970,maya.maulana.970@example.invalid,Asuransi Swasta,16-Oct-2025,Ya,Aktif
PAT-MOCK-0000971,EMR-MOCK-0000971,MOCK-6277-19730729-0971,Raka Permana,Laki-laki,1973-07-29 00:00:00,Belum diperiksa,Cerai Mati,"Jl. Merpati No. 95, Bogor Tengah",Bogor,Jawa Barat,+62 849-2668-0971,raka.utama.971@example.invalid,Asuransi Swasta,10-Dec-2022,Ya,Aktif
PAT-MOCK-0000972,EMR-MOCK-0000972,MOCK-5618-19971116-0972,Eko Santoso,Laki-laki,1997-11-16 00:00:00,O,Belum Menikah,"Jl. Rajawali No. 105, Serpong",Tangerang Selatan,Banten,+62 836-1447-0972,eko.purnama.972@example.invalid,Asuransi Swasta,27-Dec-2022,Ya,Aktif
PAT-MOCK-0000973,EMR-MOCK-0000973,MOCK-3474-19951009-0973,Rizky Utama,Laki-laki,1995-10-09 00:00:00,A,Cerai Mati,"Jl. Kenanga No. 112, Serpong",Tangerang Selatan,Banten,+62 867-5766-0973,rizky.siregar.973@example.invalid,BPJS Kesehatan,14-Dec-2018,Ya,Aktif
PAT-MOCK-0000974,EMR-MOCK-0000974,MOCK-4496-19471211-0974,Arya Lesmana,Laki-laki,1947-12-11 00:00:00,O,Menikah,"Jl. Cendana No. 92, Denpasar Selatan",Denpasar,Bali,+62 896-6378-0974,arya.nasution.974@example.invalid,Asuransi Swasta,30-Jul-2026,Ya,Aktif
PAT-MOCK-0000975,EMR-MOCK-0000975,MOCK-2760-20240407-0975,Lestari Maulana,Perempuan,2024-04-07 00:00:00,A,Menikah,"Jl. Anggrek No. 12, Karawaci",Tangerang,Banten,+62 873-3689-0975,lestari.simanjuntak.975@example.invalid,Asuransi Perusahaan,08-Apr-2024,Tidak,Aktif
PAT-MOCK-0000976,EMR-MOCK-0000976,MOCK-8363-19730529-0976,Lestari Wijaya,Perempuan,1973-05-29 00:00:00,AB,Menikah,"Jl. Anggrek No. 107, Kebayoran Baru",Jakarta Selatan,DKI Jakarta,+62 815-9089-0976,lestari.halim.976@example.invalid,Asuransi Swasta,19-May-2021,Ya,Aktif
PAT-MOCK-0000977,EMR-MOCK-0000977,MOCK-1868-19471025-0977,Nadia Purnama,Perempuan,1947-10-25 00:00:00,A,Cerai Hidup,"Jl. Dahlia No. 8, Kebayoran Baru",Jakarta Selatan,DKI Jakarta,+62 810-1062-0977,nadia.gunawan.977@example.invalid,BPJS Kesehatan,08-Sep-2025,Ya,Aktif
PAT-MOCK-0000978,EMR-MOCK-0000978,MOCK-1982-19591009-0978,Amelia Permana,Perempuan,1959-10-09 00:00:00,B,Cerai Mati,"Jl. Dahlia No. 82, Denpasar Selatan",Denpasar,Bali,+62 828-5605-0978,amelia.hartono.978@example.invalid,BPJS Kesehatan,14-Nov-2018,Ya,Aktif
PAT-MOCK-0000979,EMR-MOCK-0000979,MOCK-5062-19901007-0979,Citra Ramadhan,Perempuan,1990-10-07 00:00:00,A,Cerai Mati,"Jl. Merpati No. 158, Kebayoran Baru",Jakarta Selatan,DKI Jakarta,+62 851-8567-0979,citra.lesmana.979@example.invalid,Asuransi Swasta,30-Jun-2025,Ya,Aktif
PAT-MOCK-0000980,EMR-MOCK-0000980,MOCK-7731-19910612-0980,Hendra Siregar,Laki-laki,1991-06-12 00:00:00,B,Cerai Hidup,"Jl. Flamboyan No. 42, Serpong",Tangerang Selatan,Banten,+62 881-9376-0980,hendra.pratama.980@example.invalid,Asuransi Perusahaan,04-May-2019,Ya,Aktif
PAT-MOCK-0000981,EMR-MOCK-0000981,MOCK-9589-19740317-0981,Farhan Hidayat,Laki-laki,1974-03-17 00:00:00,B,Belum Menikah,"Jl. Flamboyan No. 66, Bogor Tengah",Bogor,Jawa Barat,+62 899-7985-0981,farhan.saputra.981@example.invalid,Corporate Guarantee,08-Apr-2018,Ya,Aktif
PAT-MOCK-0000982,EMR-MOCK-0000982,MOCK-6542-19680403-0982,Putri Lesmana,Perempuan,1968-04-03 00:00:00,O,Cerai Mati,"Jl. Rajawali No. 80, Kebayoran Baru",Jakarta Selatan,DKI Jakarta,+62 877-8000-0982,putri.wijaya.982@example.invalid,Pribadi,24-Apr-2022,Ya,Aktif
PAT-MOCK-0000983,EMR-MOCK-0000983,MOCK-5414-19950111-0983,Joko Ramadhan,Laki-laki,1995-01-11 00:00:00,A,Menikah,"Jl. Cemara No. 4, Ilir Barat I",Palembang,Sumatera Selatan,+62 838-3909-0983,joko.santoso.983@example.invalid,Pribadi,18-Mar-2024,Ya,Aktif
PAT-MOCK-0000984,EMR-MOCK-0000984,MOCK-5150-20140303-0984,Tiara Nugraha,Perempuan,2014-03-03 00:00:00,A,Belum Menikah,"Jl. Cemara No. 61, Bekasi Selatan",Bekasi,Jawa Barat,+62 892-7188-0984,tiara.hidayat.984@example.invalid,BPJS Kesehatan,09-Jul-2023,Ya,Aktif
PAT-MOCK-0000985,EMR-MOCK-0000985,MOCK-8419-19530715-0985,Dewi Gunawan,Perempuan,1953-07-15 00:00:00,B,Cerai Mati,"Jl. Cemara No. 94, Denpasar Selatan",Denpasar,Bali,+62 875-2780-0985,dewi.nugraha.985@example.invalid,Asuransi Perusahaan,24-Oct-2019,Ya,Aktif
PAT-MOCK-0000986,EMR-MOCK-0000986,MOCK-1821-19660822-0986,Galang Pratama,Laki-laki,1966-08-22 00:00:00,A,Menikah,"Jl. Kenanga No. 55, Panakkukang",Makassar,Sulawesi Selatan,+62 871-9379-0986,galang.kusuma.986@example.invalid,Asuransi Swasta,13-Jan-2022,Ya,Aktif
PAT-MOCK-0000987,EMR-MOCK-0000987,MOCK-2198-19590307-0987,Irfan Wijaya,Laki-laki,1959-03-07 00:00:00,B,Menikah,"Jl. Cendana No. 2, Beji",Depok,Jawa Barat,+62 850-9195-0987,irfan.setiawan.987@example.invalid,Corporate Guarantee,30-May-2022,Ya,Aktif
PAT-MOCK-0000988,EMR-MOCK-0000988,MOCK-4470-19690326-0988,Rangga Hidayat,Laki-laki,1969-03-26 00:00:00,Belum diperiksa,Menikah,"Jl. Mawar No. 175, Banyumanik",Semarang,Jawa Tengah,+62 899-1420-0988,rangga.permana.988@example.invalid,Pribadi,07-Jun-2025,Tidak,Aktif
PAT-MOCK-0000989,EMR-MOCK-0000989,MOCK-8012-19761202-0989,Galang Nugraha,Laki-laki,1976-12-02 00:00:00,O,Menikah,"Jl. Cendana No. 115, Ilir Barat I",Palembang,Sumatera Selatan,+62 853-7931-0989,galang.ramadhan.989@example.invalid,Asuransi Swasta,02-Jun-2023,Tidak,Aktif
PAT-MOCK-0000990,EMR-MOCK-0000990,MOCK-4037-19590814-0990,Fajar Kusuma,Laki-laki,1959-08-14 00:00:00,B,Cerai Mati,"Jl. Melati No. 148, Beji",Depok,Jawa Barat,+62 860-1578-0990,fajar.maulana.990@example.invalid,Corporate Guarantee,31-May-2025,Ya,Aktif
PAT-MOCK-0000991,EMR-MOCK-0000991,MOCK-2093-19510501-0991,Kartika Maulana,Perempuan,1951-05-01 00:00:00,A,Cerai Hidup,"Jl. Flamboyan No. 166, Banyumanik",Semarang,Jawa Tengah,+62 837-3369-0991,kartika.utama.991@example.invalid,Pribadi,21-Sep-2020,Tidak,Aktif
PAT-MOCK-0000992,EMR-MOCK-0000992,MOCK-4834-19670328-0992,Andi Permana,Laki-laki,1967-03-28 00:00:00,A,Belum Menikah,"Jl. Cendana No. 126, Duren Sawit",Jakarta Timur,DKI Jakarta,+62 855-4641-0992,andi.purnama.992@example.invalid,Corporate Guarantee,24-Sep-2025,Ya,Aktif
PAT-MOCK-0000993,EMR-MOCK-0000993,MOCK-2323-19900125-0993,Irfan Hidayat,Laki-laki,1990-01-25 00:00:00,A,Cerai Mati,"Jl. Cendana No. 90, Kebayoran Baru",Jakarta Selatan,DKI Jakarta,+62 848-7654-0993,irfan.siregar.993@example.invalid,Corporate Guarantee,18-Aug-2026,Ya,Aktif
PAT-MOCK-0000994,EMR-MOCK-0000994,MOCK-2818-19570303-0994,Bima Halim,Laki-laki,1957-03-03 00:00:00,O,Menikah,"Jl. Cendana No. 71, Beji",Depok,Jawa Barat,+62 832-3625-0994,bima.nasution.994@example.invalid,Asuransi Swasta,01-Jan-2023,Ya,Aktif
PAT-MOCK-0000995,EMR-MOCK-0000995,MOCK-5078-19580107-0995,Maya Utama,Perempuan,1958-01-07 00:00:00,AB,Cerai Hidup,"Jl. Mawar No. 179, Duren Sawit",Jakarta Timur,DKI Jakarta,+62 846-2739-0995,maya.simanjuntak.995@example.invalid,Asuransi Perusahaan,27-Dec-2022,Ya,Aktif
PAT-MOCK-0000996,EMR-MOCK-0000996,MOCK-9955-20230306-0996,Aditya Setiawan,Laki-laki,2023-03-06 00:00:00,A,Cerai Mati,"Jl. Anggrek No. 158, Wonokromo",Surabaya,Jawa Timur,+62 880-5362-0996,aditya.halim.996@example.invalid,Pribadi,07-Mar-2023,Ya,Aktif
PAT-MOCK-0000997,EMR-MOCK-0000997,MOCK-3253-19701216-0997,Irfan Permana,Laki-laki,1970-12-16 00:00:00,AB,Menikah,"Jl. Melati No. 36, Duren Sawit",Jakarta Timur,DKI Jakarta,+62 875-6070-0997,irfan.gunawan.997@example.invalid,Asuransi Perusahaan,12-Aug-2026,Ya,Aktif
PAT-MOCK-0000998,EMR-MOCK-0000998,MOCK-2709-19550909-0998,Dinda Ramadhan,Perempuan,1955-09-09 00:00:00,Belum diperiksa,Cerai Hidup,"Jl. Mawar No. 12, Karawaci",Tangerang,Banten,+62 840-1439-0998,dinda.hartono.998@example.invalid,Asuransi Perusahaan,16-May-2024,Ya,Aktif
PAT-MOCK-0000999,EMR-MOCK-0000999,MOCK-3435-19740904-0999,Fajar Halim,Laki-laki,1974-09-04 00:00:00,O,Menikah,"Jl. Dahlia No. 1, Serpong",Tangerang Selatan,Banten,+62 855-3123-0999,fajar.lesmana.999@example.invalid,BPJS Kesehatan,28-Jan-2020,Ya,Aktif
PAT-MOCK-0001000,EMR-MOCK-0001000,MOCK-1506-19931212-1000,Anindya Pratama,Perempuan,1993-12-12 00:00:00,A,Cerai Mati,"Jl. Melati No. 79, Banyumanik",Semarang,Jawa Tengah,+62 883-6191-1000,anindya.pratama.1000@example.invalid,Asuransi Perusahaan,23-Apr-2019,Ya,Aktif
PAT-MOCK-0001001,EMR-MOCK-0001001,MOCK-8848-19520827-1001,Putri Halim,Perempuan,1952-08-27 00:00:00,B,Menikah,"Jl. Dahlia No. 74, Serpong",Tangerang Selatan,Banten,+62 875-2285-1001,putri.saputra.1001@example.invalid,Pribadi,13-Dec-2019,Ya,Aktif
PAT-MOCK-0001002,EMR-MOCK-0001002,MOCK-2258-19451103-1002,Arya Wijaya,Laki-laki,1945-11-03 00:00:00,B,Menikah,"Jl. Rajawali No. 58, Beji",Depok,Jawa Barat,+62 899-3201-1002,arya.wijaya.1002@example.invalid,Pribadi,14-Jan-2023,Ya,Aktif
PAT-MOCK-0001003,EMR-MOCK-0001003,MOCK-9542-20141128-1003,Sari Maulana,Perempuan,2014-11-28 00:00:00,A,Cerai Hidup,"Jl. Rajawali No. 46, Denpasar Selatan",Denpasar,Bali,+62 823-9262-1003,sari.santoso.1003@example.invalid,BPJS Kesehatan,11-Jan-2020,Ya,Aktif
PAT-MOCK-0001004,EMR-MOCK-0001004,MOCK-3734-19980217-1004,Aulia Setiawan,Perempuan,1998-02-17 00:00:00,A,Cerai Mati,"Jl. Mawar No. 85, Karawaci",Tangerang,Banten,+62 893-3809-1004,aulia.hidayat.1004@example.invalid,Asuransi Swasta,09-Jun-2021,Ya,Aktif
PAT-MOCK-0001005,EMR-MOCK-0001005,MOCK-2997-20141129-1005,Rani Utama,Perempuan,2014-11-29 00:00:00,A,Menikah,"Jl. Merpati No. 145, Kebayoran Baru",Jakarta Selatan,DKI Jakarta,+62 881-3497-1005,rani.nugraha.1005@example.invalid,Pribadi,30-Jun-2021,Tidak,Aktif
PAT-MOCK-0001006,EMR-MOCK-0001006,MOCK-1283-19660412-1006,Putri Permana,Perempuan,1966-04-12 00:00:00,AB,Belum Menikah,"Jl. Rajawali No. 42, Kebon Jeruk",Jakarta Barat,DKI Jakarta,+62 893-8338-1006,putri.kusuma.1006@example.invalid,BPJS Kesehatan,09-Jun-2025,Tidak,Aktif
PAT-MOCK-0001007,EMR-MOCK-0001007,MOCK-7592-20171203-1007,Andi Simanjuntak,Laki-laki,2017-12-03 00:00:00,O,Cerai Hidup,"Jl. Dahlia No. 159, Coblong",Bandung,Jawa Barat,+62 867-8660-1007,andi.setiawan.1007@example.invalid,Asuransi Perusahaan,26-May-2025,Ya,Aktif
PAT-MOCK-0001008,EMR-MOCK-0001008,MOCK-9140-20020327-1008,Joko Wijaya,Laki-laki,2002-03-27 00:00:00,B,Cerai Hidup,"Jl. Flamboyan No. 36, Denpasar Selatan",Denpasar,Bali,+62 892-4299-1008,joko.permana.1008@example.invalid,Corporate Guarantee,15-Jul-2023,Tidak,Aktif
PAT-MOCK-0001009,EMR-MOCK-0001009,MOCK-4587-20190729-1009,Rizky Nugraha,Laki-laki,2019-07-29 00:00:00,O,Belum Menikah,"Jl. Melati No. 12, Beji",Depok,Jawa Barat,+62 832-7391-1009,rizky.ramadhan.1009@example.invalid,Asuransi Perusahaan,30-Jul-2019,Tidak,Aktif
PAT-MOCK-0001010,EMR-MOCK-0001010,MOCK-1594-20100425-1010,Hendra Nasution,Laki-laki,2010-04-25 00:00:00,O,Belum Menikah,"Jl. Kenanga No. 69, Bogor Tengah",Bogor,Jawa Barat,+62 852-5051-1010,hendra.maulana.1010@example.invalid,Asuransi Perusahaan,13-Dec-2022,Tidak,Aktif
PAT-MOCK-0001011,EMR-MOCK-0001011,MOCK-7810-20160123-1011,Aditya Utama,Laki-laki,2016-01-23 00:00:00,O,Cerai Hidup,"Jl. Cendana No. 60, Serpong",Tangerang Selatan,Banten,+62 856-3160-1011,aditya.utama.1011@example.invalid,Asuransi Swasta,24-Mar-2025,Ya,Aktif
PAT-MOCK-0001012,EMR-MOCK-0001012,MOCK-1182-19650602-1012,Rani Purnama,Perempuan,1965-06-02 00:00:00,B,Belum Menikah,"Jl. Melati No. 33, Panakkukang",Makassar,Sulawesi Selatan,+62 874-1418-1012,rani.purnama.1012@example.invalid,Asuransi Swasta,19-Dec-2022,Ya,Aktif
PAT-MOCK-0001013,EMR-MOCK-0001013,MOCK-1676-19600902-1013,Anindya Halim,Perempuan,1960-09-02 00:00:00,A,Menikah,"Jl. Cendana No. 13, Karawaci",Tangerang,Banten,+62 873-2350-1013,anindya.siregar.1013@example.invalid,Asuransi Swasta,31-Dec-2022,Ya,Aktif
PAT-MOCK-0001014,EMR-MOCK-0001014,MOCK-2335-19840830-1014,Arif Maulana,Laki-laki,1984-08-30 00:00:00,A,Menikah,"Jl. Anggrek No. 113, Wonokromo",Surabaya,Jawa Timur,+62 878-4695-1014,arif.nasution.1014@example.invalid,Asuransi Swasta,31-May-2018,Ya,Aktif
PAT-MOCK-0001015,EMR-MOCK-0001015,MOCK-7199-19970406-1015,Arya Nugraha,Laki-laki,1997-04-06 00:00:00,O,Cerai Mati,"Jl. Cemara No. 125, Beji",Depok,Jawa Barat,+62 860-4522-1015,arya.simanjuntak.1015@example.invalid,Asuransi Swasta,06-Feb-2020,Ya,Aktif
PAT-MOCK-0001016,EMR-MOCK-0001016,MOCK-9273-19610603-1016,Bagas Kusuma,Laki-laki,1961-06-03 00:00:00,Belum diperiksa,Cerai Hidup,"Jl. Dahlia No. 69, Karawaci",Tangerang,Banten,+62 878-3834-1016,bagas.halim.1016@example.invalid,BPJS Kesehatan,02-Feb-2019,Ya,Aktif
PAT-MOCK-0001017,EMR-MOCK-0001017,MOCK-7430-20020908-1017,Bima Gunawan,Laki-laki,2002-09-08 00:00:00,O,Menikah,"Jl. Kenanga No. 154, Karawaci",Tangerang,Banten,+62 816-1130-1017,bima.gunawan.1017@example.invalid,Asuransi Perusahaan,12-Jun-2022,Ya,Aktif
PAT-MOCK-0001018,EMR-MOCK-0001018,MOCK-7454-20160811-1018,Amelia Simanjuntak,Perempuan,2016-08-11 00:00:00,B,Belum Menikah,"Jl. Dahlia No. 57, Panakkukang",Makassar,Sulawesi Selatan,+62 878-4130-1018,amelia.hartono.1018@example.invalid,BPJS Kesehatan,19-Aug-2022,Ya,Aktif
PAT-MOCK-0001019,EMR-MOCK-0001019,MOCK-9957-19801105-1019,Eko Gunawan,Laki-laki,1980-11-05 00:00:00,AB,Belum Menikah,"Jl. Cendana No. 154, Beji",Depok,Jawa Barat,+62 848-5515-1019,eko.lesmana.1019@example.invalid,Asuransi Perusahaan,03-Nov-2019,Ya,Aktif
PAT-MOCK-0001020,EMR-MOCK-0001020,MOCK-1736-19770515-1020,Bagas Kusuma,Laki-laki,1977-05-15 00:00:00,O,Cerai Hidup,"Jl. Merpati No. 89, Bekasi Selatan",Bekasi,Jawa Barat,+62 844-5893-1020,bagas.pratama.1020@example.invalid,Asuransi Perusahaan,01-Mar-2023,Ya,Aktif
PAT-MOCK-0001021,EMR-MOCK-0001021,MOCK-2389-20180211-1021,Aisyah Lesmana,Perempuan,2018-02-11 00:00:00,O,Cerai Mati,"Jl. Cemara No. 124, Wonokromo",Surabaya,Jawa Timur,+62 883-7386-1021,aisyah.saputra.1021@example.invalid,Asuransi Swasta,29-Apr-2024,Tidak,Aktif
PAT-MOCK-0001022,EMR-MOCK-0001022,MOCK-4178-19981011-1022,Fitri Purnama,Perempuan,1998-10-11 00:00:00,A,Cerai Hidup,"Jl. Melati No. 29, Coblong",Bandung,Jawa Barat,+62 838-2977-1022,fitri.wijaya.1022@example.invalid,Asuransi Swasta,14-Mar-2024,Ya,Aktif
PAT-MOCK-0001023,EMR-MOCK-0001023,MOCK-8443-20030726-1023,Kartika Utama,Perempuan,2003-07-26 00:00:00,B,Cerai Mati,"Jl. Kenanga No. 15, Panakkukang",Makassar,Sulawesi Selatan,+62 879-7987-1023,kartika.santoso.1023@example.invalid,Asuransi Swasta,29-Mar-2023,Ya,Aktif
PAT-MOCK-0001024,EMR-MOCK-0001024,MOCK-9546-19750423-1024,Bima Pratama,Laki-laki,1975-04-23 00:00:00,B,Cerai Mati,"Jl. Merpati No. 11, Karawaci",Tangerang,Banten,+62 868-1569-1024,bima.hidayat.1024@example.invalid,Asuransi Swasta,07-Nov-2023,Ya,Aktif
PAT-MOCK-0001025,EMR-MOCK-0001025,MOCK-9295-19880126-1025,Aisyah Nugraha,Perempuan,1988-01-26 00:00:00,B,Cerai Hidup,"Jl. Rajawali No. 68, Duren Sawit",Jakarta Timur,DKI Jakarta,+62 830-6712-1025,aisyah.nugraha.1025@example.invalid,Corporate Guarantee,20-Mar-2020,Ya,Aktif
PAT-MOCK-0001026,EMR-MOCK-0001026,MOCK-8218-20050804-1026,Fajar Nasution,Laki-laki,2005-08-04 00:00:00,O,Menikah,"Jl. Anggrek No. 142, Bekasi Selatan",Bekasi,Jawa Barat,+62 832-7285-1026,fajar.kusuma.1026@example.invalid,BPJS Kesehatan,26-Sep-2023,Ya,Aktif
PAT-MOCK-0001027,EMR-MOCK-0001027,MOCK-3981-19460728-1027,Fajar Hartono,Laki-laki,1946-07-28 00:00:00,O,Cerai Hidup,"Jl. Flamboyan No. 52, Coblong",Bandung,Jawa Barat,+62 848-7181-1027,fajar.setiawan.1027@example.invalid,Corporate Guarantee,21-Feb-2020,Ya,Aktif
PAT-MOCK-0001028,EMR-MOCK-0001028,MOCK-1228-19791013-1028,Tiara Hartono,Perempuan,1979-10-13 00:00:00,O,Belum Menikah,"Jl. Cendana No. 147, Bogor Tengah",Bogor,Jawa Barat,+62 825-1638-1028,tiara.permana.1028@example.invalid,Asuransi Swasta,11-Jan-2022,Ya,Aktif
PAT-MOCK-0001029,EMR-MOCK-0001029,MOCK-8778-19960128-1029,Citra Utama,Perempuan,1996-01-28 00:00:00,AB,Menikah,"Jl. Cendana No. 69, Medan Baru",Medan,Sumatera Utara,+62 897-5021-1029,citra.ramadhan.1029@example.invalid,BPJS Kesehatan,10-Dec-2024,Ya,Aktif
PAT-MOCK-0001030,EMR-MOCK-0001030,MOCK-1353-19911121-1030,Ahmad Nasution,Laki-laki,1991-11-21 00:00:00,B,Cerai Hidup,"Jl. Dahlia No. 136, Kebayoran Baru",Jakarta Selatan,DKI Jakarta,+62 850-9596-1030,ahmad.maulana.1030@example.invalid,Corporate Guarantee,30-Mar-2022,Ya,Aktif
PAT-MOCK-0001031,EMR-MOCK-0001031,MOCK-1893-19691112-1031,Arya Permana,Laki-laki,1969-11-12 00:00:00,O,Cerai Mati,"Jl. Mawar No. 88, Medan Baru",Medan,Sumatera Utara,+62 828-9002-1031,arya.utama.1031@example.invalid,Asuransi Perusahaan,05-Apr-2024,Tidak,Aktif
PAT-MOCK-0001032,EMR-MOCK-0001032,MOCK-5542-19610604-1032,Raka Nasution,Laki-laki,1961-06-04 00:00:00,A,Cerai Hidup,"Jl. Kenanga No. 157, Karawaci",Tangerang,Banten,+62 885-2932-1032,raka.purnama.1032@example.invalid,Asuransi Perusahaan,20-May-2021,Ya,Aktif
PAT-MOCK-0001033,EMR-MOCK-0001033,MOCK-9088-19730528-1033,Amelia Halim,Perempuan,1973-05-28 00:00:00,B,Menikah,"Jl. Mawar No. 68, Banyumanik",Semarang,Jawa Tengah,+62 845-5423-1033,amelia.siregar.1033@example.invalid,Pribadi,15-Nov-2023,Ya,Aktif
PAT-MOCK-0001034,EMR-MOCK-0001034,MOCK-6599-19540715-1034,Wulan Simanjuntak,Perempuan,1954-07-15 00:00:00,B,Belum Menikah,"Jl. Mawar No. 119, Coblong",Bandung,Jawa Barat,+62 813-1528-1034,wulan.nasution.1034@example.invalid,Asuransi Swasta,23-May-2025,Ya,Aktif
PAT-MOCK-0001035,EMR-MOCK-0001035,MOCK-7173-19521223-1035,Hendra Gunawan,Laki-laki,1952-12-23 00:00:00,AB,Menikah,"Jl. Cendana No. 50, Wonokromo",Surabaya,Jawa Timur,+62 882-5813-1035,hendra.simanjuntak.1035@example.invalid,BPJS Kesehatan,09-Dec-2024,Ya,Aktif
PAT-MOCK-0001036,EMR-MOCK-0001036,MOCK-7628-20000320-1036,Anindya Gunawan,Perempuan,2000-03-20 00:00:00,B,Menikah,"Jl. Kenanga No. 121, Karawaci",Tangerang,Banten,+62 846-1615-1036,anindya.halim.1036@example.invalid,Asuransi Swasta,28-Nov-2018,Ya,Aktif
PAT-MOCK-0001037,EMR-MOCK-0001037,MOCK-7963-19550618-1037,Dimas Permana,Laki-laki,1955-06-18 00:00:00,O,Menikah,"Jl. Melati No. 56, Banyumanik",Semarang,Jawa Tengah,+62 811-5869-1037,dimas.gunawan.1037@example.invalid,Corporate Guarantee,15-Oct-2022,Ya,Aktif
PAT-MOCK-0001038,EMR-MOCK-0001038,MOCK-7511-19690323-1038,Nadia Hartono,Perempuan,1969-03-23 00:00:00,B,Belum Menikah,"Jl. Anggrek No. 168, Denpasar Selatan",Denpasar,Bali,+62 864-3464-1038,nadia.hartono.1038@example.invalid,Asuransi Perusahaan,29-Jun-2020,Ya,Aktif
PAT-MOCK-0001039,EMR-MOCK-0001039,MOCK-3729-19490530-1039,Aisyah Halim,Perempuan,1949-05-30 00:00:00,A,Cerai Hidup,"Jl. Mawar No. 177, Denpasar Selatan",Denpasar,Bali,+62 861-7027-1039,aisyah.lesmana.1039@example.invalid,BPJS Kesehatan,28-Sep-2025,Ya,Aktif
PAT-MOCK-0001040,EMR-MOCK-0001040,MOCK-8159-19861029-1040,Sari Setiawan,Perempuan,1986-10-29 00:00:00,O,Cerai Hidup,"Jl. Cendana No. 47, Panakkukang",Makassar,Sulawesi Selatan,+62 865-7921-1040,sari.pratama.1040@example.invalid,Asuransi Perusahaan,03-Mar-2021,Tidak,Aktif
PAT-MOCK-0001041,EMR-MOCK-0001041,MOCK-1444-19530225-1041,Arya Setiawan,Laki-laki,1953-02-25 00:00:00,A,Belum Menikah,"Jl. Cemara No. 104, Karawaci",Tangerang,Banten,+62 842-5572-1041,arya.saputra.1041@example.invalid,Asuransi Swasta,07-Apr-2026,Ya,Aktif
PAT-MOCK-0001042,EMR-MOCK-0001042,MOCK-2887-19971208-1042,Fitri Santoso,Perempuan,1997-12-08 00:00:00,O,Menikah,"Jl. Cendana No. 147, Beji",Depok,Jawa Barat,+62 834-4739-1042,fitri.wijaya.1042@example.invalid,Asuransi Perusahaan,24-Feb-2025,Ya,Aktif
PAT-MOCK-0001043,EMR-MOCK-0001043,MOCK-3532-19761206-1043,Aditya Purnama,Laki-laki,1976-12-06 00:00:00,B,Menikah,"Jl. Anggrek No. 37, Medan Baru",Medan,Sumatera Utara,+62 870-5437-1043,aditya.santoso.1043@example.invalid,Asuransi Swasta,17-Dec-2021,Ya,Aktif
PAT-MOCK-0001044,EMR-MOCK-0001044,MOCK-7014-19681003-1044,Bagas Siregar,Laki-laki,1968-10-03 00:00:00,B,Menikah,"Jl. Melati No. 128, Kebon Jeruk",Jakarta Barat,DKI Jakarta,+62 890-1527-1044,bagas.hidayat.1044@example.invalid,Asuransi Perusahaan,11-Oct-2018,Ya,Aktif
PAT-MOCK-0001045,EMR-MOCK-0001045,MOCK-3994-19690210-1045,Amelia Siregar,Perempuan,1969-02-10 00:00:00,O,Belum Menikah,"Jl. Melati No. 110, Karawaci",Tangerang,Banten,+62 823-4273-1045,amelia.nugraha.1045@example.invalid,Pribadi,16-Nov-2019,Ya,Aktif
PAT-MOCK-0001046,EMR-MOCK-0001046,MOCK-2883-19711021-1046,Arya Ramadhan,Laki-laki,1971-10-21 00:00:00,O,Cerai Mati,"Jl. Flamboyan No. 125, Medan Baru",Medan,Sumatera Utara,+62 839-2510-1046,arya.kusuma.1046@example.invalid,Asuransi Swasta,27-Jan-2021,Ya,Aktif
PAT-MOCK-0001047,EMR-MOCK-0001047,MOCK-4844-20221207-1047,Putri Gunawan,Perempuan,2022-12-07 00:00:00,B,Cerai Mati,"Jl. Rajawali No. 93, Karawaci",Tangerang,Banten,+62 829-2486-1047,putri.setiawan.1047@example.invalid,Corporate Guarantee,08-Dec-2022,Ya,Aktif
PAT-MOCK-0001048,EMR-MOCK-0001048,MOCK-2239-20041017-1048,Aditya Saputra,Laki-laki,2004-10-17 00:00:00,B,Menikah,"Jl. Kenanga No. 90, Ilir Barat I",Palembang,Sumatera Selatan,+62 845-9613-1048,aditya.permana.1048@example.invalid,Corporate Guarantee,17-May-2021,Tidak,Aktif
PAT-MOCK-0001049,EMR-MOCK-0001049,MOCK-7604-20081107-1049,Raka Nasution,Laki-laki,2008-11-07 00:00:00,AB,Menikah,"Jl. Merpati No. 100, Serpong",Tangerang Selatan,Banten,+62 848-3264-1049,raka.ramadhan.1049@example.invalid,Corporate Guarantee,20-Aug-2021,Ya,Aktif
PAT-MOCK-0001050,EMR-MOCK-0001050,MOCK-5273-19520307-1050,Lestari Kusuma,Perempuan,1952-03-07 00:00:00,A,Cerai Mati,"Jl. Merpati No. 129, Ilir Barat I",Palembang,Sumatera Selatan,+62 848-7317-1050,lestari.maulana.1050@example.invalid,Asuransi Swasta,26-Mar-2021,Ya,Aktif
PAT-MOCK-0001051,EMR-MOCK-0001051,MOCK-6965-19720816-1051,Raka Lesmana,Laki-laki,1972-08-16 00:00:00,B,Cerai Hidup,"Jl. Merpati No. 34, Duren Sawit",Jakarta Timur,DKI Jakarta,+62 861-4360-1051,raka.utama.1051@example.invalid,BPJS Kesehatan,26-Oct-2020,Ya,Aktif
PAT-MOCK-0001052,EMR-MOCK-0001052,MOCK-2197-19700401-1052,Dinda Nugraha,Perempuan,1970-04-01 00:00:00,O,Menikah,"Jl. Dahlia No. 122, Kebayoran Baru",Jakarta Selatan,DKI Jakarta,+62 813-4316-1052,dinda.purnama.1052@example.invalid,Corporate Guarantee,25-Nov-2023,Tidak,Aktif
PAT-MOCK-0001053,EMR-MOCK-0001053,MOCK-6826-19810725-1053,Farhan Purnama,Laki-laki,1981-07-25 00:00:00,B,Belum Menikah,"Jl. Rajawali No. 177, Coblong",Bandung,Jawa Barat,+62 861-2315-1053,farhan.siregar.1053@example.invalid,Asuransi Swasta,26-Mar-2021,Ya,Aktif
PAT-MOCK-0001054,EMR-MOCK-0001054,MOCK-1775-19630312-1054,Raka Nugraha,Laki-laki,1963-03-12 00:00:00,A,Cerai Hidup,"Jl. Kenanga No. 18, Banyumanik",Semarang,Jawa Tengah,+62 856-3447-1054,raka.nasution.1054@example.invalid,Asuransi Perusahaan,12-Jan-2023,Tidak,Aktif
PAT-MOCK-0001055,EMR-MOCK-0001055,MOCK-1675-19811107-1055,Fitri Hidayat,Perempuan,1981-11-07 00:00:00,A,Cerai Hidup,"Jl. Kenanga No. 14, Denpasar Selatan",Denpasar,Bali,+62 889-4737-1055,fitri.simanjuntak.1055@example.invalid,BPJS Kesehatan,13-Dec-2024,Ya,Aktif
PAT-MOCK-0001056,EMR-MOCK-0001056,MOCK-2719-19650821-1056,Rizky Permana,Laki-laki,1965-08-21 00:00:00,O,Cerai Mati,"Jl. Kenanga No. 42, Bekasi Selatan",Bekasi,Jawa Barat,+62 892-6430-1056,rizky.halim.1056@example.invalid,BPJS Kesehatan,28-Aug-2023,Tidak,Aktif
PAT-MOCK-0001057,EMR-MOCK-0001057,MOCK-4036-20050513-1057,Wulan Utama,Perempuan,2005-05-13 00:00:00,AB,Belum Menikah,"Jl. Cemara No. 43, Bekasi Selatan",Bekasi,Jawa Barat,+62 836-9975-1057,wulan.gunawan.1057@example.invalid,BPJS Kesehatan,13-Feb-2018,Ya,Aktif
PAT-MOCK-0001058,EMR-MOCK-0001058,MOCK-5170-19541028-1058,Aulia Maulana,Perempuan,1954-10-28 00:00:00,AB,Menikah,"Jl. Merpati No. 85, Coblong",Bandung,Jawa Barat,+62 877-6494-1058,aulia.hartono.1058@example.invalid,Corporate Guarantee,12-Jan-2018,Tidak,Aktif
PAT-MOCK-0001059,EMR-MOCK-0001059,MOCK-4280-20240922-1059,Hendra Nasution,Laki-laki,2024-09-22 00:00:00,AB,Menikah,"Jl. Cemara No. 97, Banyumanik",Semarang,Jawa Tengah,+62 850-1610-1059,hendra.lesmana.1059@example.invalid,Asuransi Perusahaan,23-Sep-2024,Tidak,Aktif
PAT-MOCK-0001060,EMR-MOCK-0001060,MOCK-9963-19880721-1060,Rangga Kusuma,Laki-laki,1988-07-21 00:00:00,O,Cerai Hidup,"Jl. Flamboyan No. 62, Serpong",Tangerang Selatan,Banten,+62 845-6114-1060,rangga.pratama.1060@example.invalid,BPJS Kesehatan,02-Mar-2026,Ya,Aktif
PAT-MOCK-0001061,EMR-MOCK-0001061,MOCK-9988-19501203-1061,Arif Santoso,Laki-laki,1950-12-03 00:00:00,O,Cerai Mati,"Jl. Mawar No. 90, Coblong",Bandung,Jawa Barat,+62 892-4691-1061,arif.saputra.1061@example.invalid,Pribadi,26-Dec-2025,Tidak,Aktif
PAT-MOCK-0001062,EMR-MOCK-0001062,MOCK-7172-19730613-1062,Andi Gunawan,Laki-laki,1973-06-13 00:00:00,B,Belum Menikah,"Jl. Anggrek No. 37, Serpong",Tangerang Selatan,Banten,+62 827-9867-1062,andi.wijaya.1062@example.invalid,Asuransi Perusahaan,22-May-2024,Ya,Aktif
PAT-MOCK-0001063,EMR-MOCK-0001063,MOCK-1946-20020504-1063,Ahmad Santoso,Laki-laki,2002-05-04 00:00:00,O,Menikah,"Jl. Dahlia No. 138, Banyumanik",Semarang,Jawa Tengah,+62 882-7544-1063,ahmad.santoso.1063@example.invalid,Asuransi Perusahaan,19-Jun-2024,Ya,Aktif
PAT-MOCK-0001064,EMR-MOCK-0001064,MOCK-8910-19691122-1064,Citra Hidayat,Perempuan,1969-11-22 00:00:00,AB,Cerai Mati,"Jl. Mawar No. 107, Banyumanik",Semarang,Jawa Tengah,+62 870-7554-1064,citra.hidayat.1064@example.invalid,Pribadi,09-Oct-2021,Ya,Aktif
PAT-MOCK-0001065,EMR-MOCK-0001065,MOCK-8952-19930617-1065,Rani Permana,Perempuan,1993-06-17 00:00:00,AB,Belum Menikah,"Jl. Rajawali No. 160, Kebayoran Baru",Jakarta Selatan,DKI Jakarta,+62 830-4579-1065,rani.nugraha.1065@example.invalid,Asuransi Perusahaan,28-Nov-2023,Ya,Aktif
PAT-MOCK-0001066,EMR-MOCK-0001066,MOCK-8175-20051118-1066,Danu Nasution,Laki-laki,2005-11-18 00:00:00,O,Menikah,"Jl. Dahlia No. 174, Denpasar Selatan",Denpasar,Bali,+62 883-8706-1066,danu.kusuma.1066@example.invalid,Asuransi Perusahaan,08-Sep-2019,Tidak,Aktif
PAT-MOCK-0001067,EMR-MOCK-0001067,MOCK-6502-19460717-1067,Raka Purnama,Laki-laki,1946-07-17 00:00:00,A,Menikah,"Jl. Dahlia No. 169, Beji",Depok,Jawa Barat,+62 899-6751-1067,raka.setiawan.1067@example.invalid,Corporate Guarantee,13-Aug-2026,Ya,Tidak Aktif
PAT-MOCK-0001068,EMR-MOCK-0001068,MOCK-2848-20140711-1068,Bima Santoso,Laki-laki,2014-07-11 00:00:00,AB,Cerai Mati,"Jl. Rajawali No. 176, Bekasi Selatan",Bekasi,Jawa Barat,+62 815-2082-1068,bima.permana.1068@example.invalid,Corporate Guarantee,01-Aug-2026,Ya,Aktif
PAT-MOCK-0001069,EMR-MOCK-0001069,MOCK-1195-19970203-1069,Nabila Santoso,Perempuan,1997-02-03 00:00:00,O,Cerai Hidup,"Jl. Kenanga No. 109, Ilir Barat I",Palembang,Sumatera Selatan,+62 821-8302-1069,nabila.ramadhan.1069@example.invalid,Corporate Guarantee,30-Dec-2024,Ya,Aktif
PAT-MOCK-0001070,EMR-MOCK-0001070,MOCK-4329-19721018-1070,Sekar Ramadhan,Perempuan,1972-10-18 00:00:00,B,Menikah,"Jl. Dahlia No. 88, Duren Sawit",Jakarta Timur,DKI Jakarta,+62 877-4678-1070,sekar.maulana.1070@example.invalid,Pribadi,09-Jun-2026,Ya,Aktif
PAT-MOCK-0001071,EMR-MOCK-0001071,MOCK-4446-19910316-1071,Arif Saputra,Laki-laki,1991-03-16 00:00:00,B,Cerai Hidup,"Jl. Melati No. 15, Beji",Depok,Jawa Barat,+62 814-3924-1071,arif.utama.1071@example.invalid,BPJS Kesehatan,19-Jun-2018,Ya,Aktif
PAT-MOCK-0001072,EMR-MOCK-0001072,MOCK-8635-19550603-1072,Tiara Simanjuntak,Perempuan,1955-06-03 00:00:00,B,Belum Menikah,"Jl. Kenanga No. 153, Ilir Barat I",Palembang,Sumatera Selatan,+62 877-6529-1072,tiara.purnama.1072@example.invalid,Asuransi Swasta,04-Mar-2021,Ya,Aktif
PAT-MOCK-0001073,EMR-MOCK-0001073,MOCK-4871-20040826-1073,Raka Santoso,Laki-laki,2004-08-26 00:00:00,B,Cerai Hidup,"Jl. Dahlia No. 39, Serpong",Tangerang Selatan,Banten,+62 846-6150-1073,raka.siregar.1073@example.invalid,Asuransi Perusahaan,14-Dec-2024,Ya,Aktif
PAT-MOCK-0001074,EMR-MOCK-0001074,MOCK-6817-20060201-1074,Wulan Hidayat,Perempuan,2006-02-01 00:00:00,O,Cerai Mati,"Jl. Flamboyan No. 13, Medan Baru",Medan,Sumatera Utara,+62 899-6817-1074,wulan.nasution.1074@example.invalid,Asuransi Swasta,20-Apr-2019,Ya,Aktif
PAT-MOCK-0001075,EMR-MOCK-0001075,MOCK-5834-19841015-1075,Dinda Pratama,Perempuan,1984-10-15 00:00:00,A,Cerai Mati,"Jl. Flamboyan No. 165, Ilir Barat I",Palembang,Sumatera Selatan,+62 881-7397-1075,dinda.simanjuntak.1075@example.invalid,Pribadi,11-Mar-2026,Ya,Aktif
PAT-MOCK-0001076,EMR-MOCK-0001076,MOCK-3295-19880110-1076,Eko Ramadhan,Laki-laki,1988-01-10 00:00:00,A,Cerai Hidup,"Jl. Anggrek No. 94, Serpong",Tangerang Selatan,Banten,+62 813-1420-1076,eko.halim.1076@example.invalid,Corporate Guarantee,06-Aug-2020,Ya,Aktif
PAT-MOCK-0001077,EMR-MOCK-0001077,MOCK-5343-19710701-1077,Aulia Santoso,Perempuan,1971-07-01 00:00:00,A,Menikah,"Jl. Cendana No. 112, Duren Sawit",Jakarta Timur,DKI Jakarta,+62 861-9739-1077,aulia.gunawan.1077@example.invalid,Pribadi,22-Mar-2025,Ya,Aktif
PAT-MOCK-0001078,EMR-MOCK-0001078,MOCK-4045-20221029-1078,Aulia Setiawan,Perempuan,2022-10-29 00:00:00,A,Menikah,"Jl. Melati No. 116, Panakkukang",Makassar,Sulawesi Selatan,+62 879-8846-1078,aulia.hartono.1078@example.invalid,Asuransi Swasta,30-Oct-2022,Ya,Aktif
PAT-MOCK-0001079,EMR-MOCK-0001079,MOCK-9643-19620606-1079,Aulia Simanjuntak,Perempuan,1962-06-06 00:00:00,O,Cerai Mati,"Jl. Mawar No. 68, Serpong",Tangerang Selatan,Banten,+62 863-4672-1079,aulia.lesmana.1079@example.invalid,Corporate Guarantee,04-Jul-2024,Ya,Aktif
PAT-MOCK-0001080,EMR-MOCK-0001080,MOCK-7988-20200617-1080,Aulia Wijaya,Perempuan,2020-06-17 00:00:00,O,Menikah,"Jl. Cendana No. 13, Kebayoran Baru",Jakarta Selatan,DKI Jakarta,+62 849-2764-1080,aulia.pratama.1080@example.invalid,Corporate Guarantee,02-Feb-2024,Ya,Aktif
PAT-MOCK-0001081,EMR-MOCK-0001081,MOCK-9576-19970817-1081,Andi Utama,Laki-laki,1997-08-17 00:00:00,B,Belum Menikah,"Jl. Kenanga No. 9, Bekasi Selatan",Bekasi,Jawa Barat,+62 831-1873-1081,andi.saputra.1081@example.invalid,BPJS Kesehatan,01-Jan-2024,Ya,Aktif
PAT-MOCK-0001082,EMR-MOCK-0001082,MOCK-3690-20011107-1082,Aulia Kusuma,Perempuan,2001-11-07 00:00:00,A,Belum Menikah,"Jl. Anggrek No. 89, Wonokromo",Surabaya,Jawa Timur,+62 886-7659-1082,aulia.wijaya.1082@example.invalid,Pribadi,19-Dec-2018,Ya,Aktif
PAT-MOCK-0001083,EMR-MOCK-0001083,MOCK-3169-20021004-1083,Arya Nugraha,Laki-laki,2002-10-04 00:00:00,AB,Cerai Mati,"Jl. Kenanga No. 74, Kebayoran Baru",Jakarta Selatan,DKI Jakarta,+62 861-9905-1083,arya.santoso.1083@example.invalid,Asuransi Swasta,06-Oct-2019,Ya,Aktif
PAT-MOCK-0001084,EMR-MOCK-0001084,MOCK-7982-19791019-1084,Eko Kusuma,Laki-laki,1979-10-19 00:00:00,A,Belum Menikah,"Jl. Flamboyan No. 110, Panakkukang",Makassar,Sulawesi Selatan,+62 864-6016-1084,eko.hidayat.1084@example.invalid,BPJS Kesehatan,18-Feb-2025,Ya,Aktif
PAT-MOCK-0001085,EMR-MOCK-0001085,MOCK-3279-19790217-1085,Yoga Hartono,Laki-laki,1979-02-17 00:00:00,O,Cerai Mati,"Jl. Melati No. 171, Medan Baru",Medan,Sumatera Utara,+62 880-2106-1085,yoga.nugraha.1085@example.invalid,Pribadi,05-Feb-2021,Tidak,Aktif
PAT-MOCK-0001086,EMR-MOCK-0001086,MOCK-7324-19490626-1086,Sari Santoso,Perempuan,1949-06-26 00:00:00,O,Cerai Mati,"Jl. Merpati No. 153, Beji",Depok,Jawa Barat,+62 848-8120-1086,sari.kusuma.1086@example.invalid,Asuransi Perusahaan,26-May-2019,Ya,Tidak Aktif
PAT-MOCK-0001087,EMR-MOCK-0001087,MOCK-2355-19630801-1087,Raka Nugraha,Laki-laki,1963-08-01 00:00:00,O,Cerai Mati,"Jl. Anggrek No. 151, Bogor Tengah",Bogor,Jawa Barat,+62 845-7390-1087,raka.setiawan.1087@example.invalid,BPJS Kesehatan,19-Jun-2024,Ya,Aktif
PAT-MOCK-0001088,EMR-MOCK-0001088,MOCK-2904-19760405-1088,Fitri Nasution,Perempuan,1976-04-05 00:00:00,A,Belum Menikah,"Jl. Melati No. 173, Kebayoran Baru",Jakarta Selatan,DKI Jakarta,+62 892-1019-1088,fitri.permana.1088@example.invalid,Corporate Guarantee,09-May-2019,Ya,Aktif
PAT-MOCK-0001089,EMR-MOCK-0001089,MOCK-1898-19681211-1089,Sari Hidayat,Perempuan,1968-12-11 00:00:00,A,Menikah,"Jl. Kenanga No. 141, Banyumanik",Semarang,Jawa Tengah,+62 882-7198-1089,sari.ramadhan.1089@example.invalid,Corporate Guarantee,27-Jun-2023,Ya,Aktif
PAT-MOCK-0001090,EMR-MOCK-0001090,MOCK-2744-19730325-1090,Rangga Purnama,Laki-laki,1973-03-25 00:00:00,O,Belum Menikah,"Jl. Cendana No. 58, Denpasar Selatan",Denpasar,Bali,+62 836-9464-1090,rangga.maulana.1090@example.invalid,Asuransi Swasta,26-Jul-2022,Ya,Aktif
PAT-MOCK-0001091,EMR-MOCK-0001091,MOCK-5849-19960928-1091,Amelia Halim,Perempuan,1996-09-28 00:00:00,B,Cerai Mati,"Jl. Kenanga No. 3, Karawaci",Tangerang,Banten,+62 888-2575-1091,amelia.utama.1091@example.invalid,BPJS Kesehatan,19-Nov-2019,Ya,Aktif
PAT-MOCK-0001092,EMR-MOCK-0001092,MOCK-4158-19720610-1092,Intan Pratama,Perempuan,1972-06-10 00:00:00,A,Belum Menikah,"Jl. Rajawali No. 179, Wonokromo",Surabaya,Jawa Timur,+62 878-4066-1092,intan.purnama.1092@example.invalid,Asuransi Swasta,07-Sep-2025,Ya,Aktif
PAT-MOCK-0001093,EMR-MOCK-0001093,MOCK-6313-19560612-1093,Eko Halim,Laki-laki,1956-06-12 00:00:00,AB,Menikah,"Jl. Dahlia No. 46, Medan Baru",Medan,Sumatera Utara,+62 850-3189-1093,eko.siregar.1093@example.invalid,BPJS Kesehatan,21-Aug-2025,Ya,Aktif
PAT-MOCK-0001094,EMR-MOCK-0001094,MOCK-3953-20051028-1094,Rangga Kusuma,Laki-laki,2005-10-28 00:00:00,B,Cerai Mati,"Jl. Dahlia No. 17, Ilir Barat I",Palembang,Sumatera Selatan,+62 876-7518-1094,rangga.nasution.1094@example.invalid,Asuransi Swasta,29-Jan-2023,Tidak,Aktif
PAT-MOCK-0001095,EMR-MOCK-0001095,MOCK-3452-19930406-1095,Rangga Simanjuntak,Laki-laki,1993-04-06 00:00:00,A,Menikah,"Jl. Melati No. 143, Wonokromo",Surabaya,Jawa Timur,+62 882-5072-1095,rangga.simanjuntak.1095@example.invalid,Corporate Guarantee,26-Mar-2022,Ya,Aktif
PAT-MOCK-0001096,EMR-MOCK-0001096,MOCK-8666-19610619-1096,Intan Kusuma,Perempuan,1961-06-19 00:00:00,B,Cerai Mati,"Jl. Mawar No. 77, Serpong",Tangerang Selatan,Banten,+62 886-3108-1096,intan.halim.1096@example.invalid,Corporate Guarantee,23-Apr-2019,Ya,Aktif
PAT-MOCK-0001097,EMR-MOCK-0001097,MOCK-3300-20210729-1097,Fitri Gunawan,Perempuan,2021-07-29 00:00:00,B,Menikah,"Jl. Kenanga No. 91, Medan Baru",Medan,Sumatera Utara,+62 827-1600-1097,fitri.gunawan.1097@example.invalid,Corporate Guarantee,30-Jun-2026,Ya,Aktif
PAT-MOCK-0001098,EMR-MOCK-0001098,MOCK-2017-19741012-1098,Sari Purnama,Perempuan,1974-10-12 00:00:00,A,Belum Menikah,"Jl. Cendana No. 75, Medan Baru",Medan,Sumatera Utara,+62 885-3559-1098,sari.hartono.1098@example.invalid,BPJS Kesehatan,21-Dec-2024,Ya,Aktif
PAT-MOCK-0001099,EMR-MOCK-0001099,MOCK-8607-19730625-1099,Dewi Halim,Perempuan,1973-06-25 00:00:00,AB,Belum Menikah,"Jl. Dahlia No. 159, Banyumanik",Semarang,Jawa Tengah,+62 811-3646-1099,dewi.lesmana.1099@example.invalid,Asuransi Perusahaan,08-Dec-2019,Ya,Aktif
PAT-MOCK-0001100,EMR-MOCK-0001100,MOCK-8097-19670922-1100,Putri Gunawan,Perempuan,1967-09-22 00:00:00,Belum diperiksa,Cerai Mati,"Jl. Rajawali No. 57, Kebayoran Baru",Jakarta Selatan,DKI Jakarta,+62 828-7667-1100,putri.pratama.1100@example.invalid,Pribadi,02-Sep-2023,Ya,Aktif
PAT-MOCK-0001101,EMR-MOCK-0001101,MOCK-1345-20030419-1101,Rizky Wijaya,Laki-laki,2003-04-19 00:00:00,B,Cerai Hidup,"Jl. Dahlia No. 129, Medan Baru",Medan,Sumatera Utara,+62 848-7783-1101,rizky.saputra.1101@example.invalid,Asuransi Swasta,26-Jul-2024,Ya,Aktif
PAT-MOCK-0001102,EMR-MOCK-0001102,MOCK-2608-19780822-1102,Bima Hidayat,Laki-laki,1978-08-22 00:00:00,AB,Menikah,"Jl. Cendana No. 146, Denpasar Selatan",Denpasar,Bali,+62 834-9575-1102,bima.wijaya.1102@example.invalid,Asuransi Swasta,12-Oct-2024,Tidak,Aktif
PAT-MOCK-0001103,EMR-MOCK-0001103,MOCK-2765-20111117-1103,Fitri Pratama,Perempuan,2011-11-17 00:00:00,O,Menikah,"Jl. Dahlia No. 140, Kebayoran Baru",Jakarta Selatan,DKI Jakarta,+62 850-1642-1103,fitri.santoso.1103@example.invalid,Asuransi Perusahaan,01-Jul-2023,Ya,Aktif
PAT-MOCK-0001104,EMR-MOCK-0001104,MOCK-5620-19740127-1104,Intan Setiawan,Perempuan,1974-01-27 00:00:00,O,Belum Menikah,"Jl. Mawar No. 25, Banyumanik",Semarang,Jawa Tengah,+62 896-3349-1104,intan.hidayat.1104@example.invalid,Asuransi Perusahaan,03-Nov-2021,Ya,Aktif
PAT-MOCK-0001105,EMR-MOCK-0001105,MOCK-2489-19650508-1105,Danu Santoso,Laki-laki,1965-05-08 00:00:00,A,Menikah,"Jl. Kenanga No. 89, Karawaci",Tangerang,Banten,+62 835-7834-1105,danu.nugraha.1105@example.invalid,Asuransi Perusahaan,29-Nov-2021,Ya,Aktif
PAT-MOCK-0001106,EMR-MOCK-0001106,MOCK-6535-19900720-1106,Fitri Halim,Perempuan,1990-07-20 00:00:00,O,Cerai Hidup,"Jl. Rajawali No. 28, Banyumanik",Semarang,Jawa Tengah,+62 863-8777-1106,fitri.kusuma.1106@example.invalid,BPJS Kesehatan,11-May-2018,Ya,Aktif
PAT-MOCK-0001107,EMR-MOCK-0001107,MOCK-5423-20050805-1107,Amelia Santoso,Perempuan,2005-08-05 00:00:00,O,Cerai Hidup,"Jl. Cemara No. 144, Bekasi Selatan",Bekasi,Jawa Barat,+62 832-6753-1107,amelia.setiawan.1107@example.invalid,Asuransi Perusahaan,14-Apr-2024,Ya,Aktif
PAT-MOCK-0001108,EMR-MOCK-0001108,MOCK-6923-20060926-1108,Kartika Gunawan,Perempuan,2006-09-26 00:00:00,O,Belum Menikah,"Jl. Cemara No. 169, Wonokromo",Surabaya,Jawa Timur,+62 834-5850-1108,kartika.permana.1108@example.invalid,BPJS Kesehatan,31-Jan-2026,Ya,Aktif
PAT-MOCK-0001109,EMR-MOCK-0001109,MOCK-8667-19920330-1109,Rani Hidayat,Perempuan,1992-03-30 00:00:00,O,Cerai Hidup,"Jl. Flamboyan No. 132, Wonokromo",Surabaya,Jawa Timur,+62 894-6293-1109,rani.ramadhan.1109@example.invalid,Pribadi,01-Sep-2025,Ya,Aktif
PAT-MOCK-0001110,EMR-MOCK-0001110,MOCK-5609-20210916-1110,Yoga Utama,Laki-laki,2021-09-16 00:00:00,AB,Belum Menikah,"Jl. Melati No. 135, Denpasar Selatan",Denpasar,Bali,+62 815-7416-1110,yoga.maulana.1110@example.invalid,Asuransi Perusahaan,19-Aug-2023,Ya,Aktif
PAT-MOCK-0001111,EMR-MOCK-0001111,MOCK-7042-19851215-1111,Eko Lesmana,Laki-laki,1985-12-15 00:00:00,O,Belum Menikah,"Jl. Mawar No. 51, Banyumanik",Semarang,Jawa Tengah,+62 864-7625-1111,eko.utama.1111@example.invalid,BPJS Kesehatan,04-Jun-2018,Tidak,Aktif
PAT-MOCK-0001112,EMR-MOCK-0001112,MOCK-3652-20201202-1112,Intan Hidayat,Perempuan,2020-12-02 00:00:00,B,Cerai Hidup,"Jl. Kenanga No. 77, Medan Baru",Medan,Sumatera Utara,+62 883-4405-1112,intan.purnama.1112@example.invalid,Asuransi Perusahaan,10-Sep-2022,Ya,Aktif
PAT-MOCK-0001113,EMR-MOCK-0001113,MOCK-7757-20000527-1113,Sari Wijaya,Perempuan,2000-05-27 00:00:00,O,Belum Menikah,"Jl. Kenanga No. 22, Kebon Jeruk",Jakarta Barat,DKI Jakarta,+62 827-5586-1113,sari.siregar.1113@example.invalid,BPJS Kesehatan,07-Feb-2024,Ya,Aktif
PAT-MOCK-0001114,EMR-MOCK-0001114,MOCK-6082-19740612-1114,Sari Ramadhan,Perempuan,1974-06-12 00:00:00,B,Belum Menikah,"Jl. Flamboyan No. 146, Kebayoran Baru",Jakarta Selatan,DKI Jakarta,+62 823-8966-1114,sari.nasution.1114@example.invalid,Pribadi,01-Mar-2025,Ya,Aktif
PAT-MOCK-0001115,EMR-MOCK-0001115,MOCK-1830-20180331-1115,Kartika Maulana,Perempuan,2018-03-31 00:00:00,B,Cerai Mati,"Jl. Merpati No. 115, Kebayoran Baru",Jakarta Selatan,DKI Jakarta,+62 897-2114-1115,kartika.simanjuntak.1115@example.invalid,Asuransi Swasta,13-Oct-2023,Ya,Aktif
PAT-MOCK-0001116,EMR-MOCK-0001116,MOCK-3366-19720205-1116,Andi Wijaya,Laki-laki,1972-02-05 00:00:00,B,Menikah,"Jl. Kenanga No. 23, Kebayoran Baru",Jakarta Selatan,DKI Jakarta,+62 849-2395-1116,andi.halim.1116@example.invalid,Asuransi Swasta,11-Nov-2022,Ya,Tidak Aktif
PAT-MOCK-0001117,EMR-MOCK-0001117,MOCK-5284-19630324-1117,Farhan Hidayat,Laki-laki,1963-03-24 00:00:00,O,Menikah,"Jl. Cendana No. 81, Wonokromo",Surabaya,Jawa Timur,+62 862-2087-1117,farhan.gunawan.1117@example.invalid,Pribadi,27-Jun-2024,Ya,Aktif
PAT-MOCK-0001118,EMR-MOCK-0001118,MOCK-8472-20010729-1118,Tiara Siregar,Perempuan,2001-07-29 00:00:00,AB,Menikah,"Jl. Melati No. 131, Panakkukang",Makassar,Sulawesi Selatan,+62 848-3732-1118,tiara.hartono.1118@example.invalid,BPJS Kesehatan,08-Mar-2020,Ya,Aktif
PAT-MOCK-0001119,EMR-MOCK-0001119,MOCK-8229-19850425-1119,Yoga Hartono,Laki-laki,1985-04-25 00:00:00,B,Cerai Hidup,"Jl. Melati No. 28, Kebayoran Baru",Jakarta Selatan,DKI Jakarta,+62 881-8479-1119,yoga.lesmana.1119@example.invalid,Pribadi,03-May-2021,Ya,Aktif
PAT-MOCK-0001120,EMR-MOCK-0001120,MOCK-6335-19990907-1120,Bima Gunawan,Laki-laki,1999-09-07 00:00:00,B,Menikah,"Jl. Kenanga No. 136, Duren Sawit",Jakarta Timur,DKI Jakarta,+62 856-3350-1120,bima.pratama.1120@example.invalid,Corporate Guarantee,20-Jan-2022,Tidak,Aktif
PAT-MOCK-0001121,EMR-MOCK-0001121,MOCK-4939-19600820-1121,Aulia Hidayat,Perempuan,1960-08-20 00:00:00,A,Cerai Hidup,"Jl. Flamboyan No. 150, Kebon Jeruk",Jakarta Barat,DKI Jakarta,+62 810-3437-1121,aulia.saputra.1121@example.invalid,Asuransi Swasta,15-Dec-2019,Ya,Aktif
PAT-MOCK-0001122,EMR-MOCK-0001122,MOCK-3410-19791129-1122,Sari Hidayat,Perempuan,1979-11-29 00:00:00,O,Cerai Hidup,"Jl. Anggrek No. 103, Banyumanik",Semarang,Jawa Tengah,+62 880-2945-1122,sari.wijaya.1122@example.invalid,Pribadi,11-Apr-2022,Ya,Aktif
PAT-MOCK-0001123,EMR-MOCK-0001123,MOCK-7895-19540722-1123,Fajar Siregar,Laki-laki,1954-07-22 00:00:00,O,Cerai Hidup,"Jl. Merpati No. 33, Duren Sawit",Jakarta Timur,DKI Jakarta,+62 894-3748-1123,fajar.santoso.1123@example.invalid,BPJS Kesehatan,09-Apr-2023,Ya,Aktif
PAT-MOCK-0001124,EMR-MOCK-0001124,MOCK-7269-19720428-1124,Wulan Halim,Perempuan,1972-04-28 00:00:00,O,Cerai Mati,"Jl. Kenanga No. 73, Banyumanik",Semarang,Jawa Tengah,+62 861-6586-1124,wulan.hidayat.1124@example.invalid,Asuransi Perusahaan,13-Mar-2026,Ya,Aktif
PAT-MOCK-0001125,EMR-MOCK-0001125,MOCK-8213-19961110-1125,Joko Permana,Laki-laki,1996-11-10 00:00:00,B,Cerai Hidup,"Jl. Melati No. 84, Denpasar Selatan",Denpasar,Bali,+62 847-4949-1125,joko.nugraha.1125@example.invalid,Pribadi,22-Jun-2023,Ya,Aktif
PAT-MOCK-0001126,EMR-MOCK-0001126,MOCK-8534-19660422-1126,Maya Santoso,Perempuan,1966-04-22 00:00:00,A,Belum Menikah,"Jl. Cendana No. 138, Karawaci",Tangerang,Banten,+62 881-6358-1126,maya.kusuma.1126@example.invalid,Corporate Guarantee,11-Oct-2025,Ya,Aktif
PAT-MOCK-0001127,EMR-MOCK-0001127,MOCK-5076-19891130-1127,Eko Gunawan,Laki-laki,1989-11-30 00:00:00,A,Menikah,"Jl. Flamboyan No. 49, Coblong",Bandung,Jawa Barat,+62 876-1247-1127,eko.setiawan.1127@example.invalid,Corporate Guarantee,18-Aug-2019,Ya,Aktif
PAT-MOCK-0001128,EMR-MOCK-0001128,MOCK-9837-19920923-1128,Farhan Santoso,Laki-laki,1992-09-23 00:00:00,O,Belum Menikah,"Jl. Dahlia No. 26, Bekasi Selatan",Bekasi,Jawa Barat,+62 828-2944-1128,farhan.permana.1128@example.invalid,Asuransi Swasta,02-Jun-2020,Tidak,Aktif
PAT-MOCK-0001129,EMR-MOCK-0001129,MOCK-6524-19970408-1129,Intan Simanjuntak,Perempuan,1997-04-08 00:00:00,B,Cerai Mati,"Jl. Merpati No. 4, Bogor Tengah",Bogor,Jawa Barat,+62 857-5444-1129,intan.ramadhan.1129@example.invalid,Asuransi Swasta,19-Mar-2023,Tidak,Aktif
PAT-MOCK-0001130,EMR-MOCK-0001130,MOCK-1416-19570811-1130,Aulia Nasution,Perempuan,1957-08-11 00:00:00,AB,Belum Menikah,"Jl. Mawar No. 167, Beji",Depok,Jawa Barat,+62 872-2310-1130,aulia.maulana.1130@example.invalid,BPJS Kesehatan,08-Dec-2020,Ya,Aktif
PAT-MOCK-0001131,EMR-MOCK-0001131,MOCK-8749-20170503-1131,Sekar Nugraha,Perempuan,2017-05-03 00:00:00,B,Cerai Mati,"Jl. Kenanga No. 72, Duren Sawit",Jakarta Timur,DKI Jakarta,+62 837-8258-1131,sekar.utama.1131@example.invalid,Corporate Guarantee,26-Jun-2020,Ya,Aktif
PAT-MOCK-0001132,EMR-MOCK-0001132,MOCK-9889-20040515-1132,Hendra Nasution,Laki-laki,2004-05-15 00:00:00,O,Cerai Hidup,"Jl. Rajawali No. 62, Serpong",Tangerang Selatan,Banten,+62 811-6803-1132,hendra.purnama.1132@example.invalid,Asuransi Perusahaan,21-May-2023,Tidak,Aktif
PAT-MOCK-0001133,EMR-MOCK-0001133,MOCK-1768-20100527-1133,Aditya Hartono,Laki-laki,2010-05-27 00:00:00,A,Menikah,"Jl. Dahlia No. 165, Medan Baru",Medan,Sumatera Utara,+62 851-8313-1133,aditya.siregar.1133@example.invalid,Pribadi,05-Apr-2021,Ya,Aktif
PAT-MOCK-0001134,EMR-MOCK-0001134,MOCK-7094-20140809-1134,Anindya Hartono,Perempuan,2014-08-09 00:00:00,Belum diperiksa,Belum Menikah,"Jl. Rajawali No. 81, Beji",Depok,Jawa Barat,+62 887-3825-1134,anindya.nasution.1134@example.invalid,Pribadi,19-Nov-2025,Tidak,Aktif
PAT-MOCK-0001135,EMR-MOCK-0001135,MOCK-9587-19940111-1135,Anindya Ramadhan,Perempuan,1994-01-11 00:00:00,AB,Belum Menikah,"Jl. Melati No. 122, Panakkukang",Makassar,Sulawesi Selatan,+62 814-3210-1135,anindya.simanjuntak.1135@example.invalid,Pribadi,28-May-2025,Ya,Aktif
PAT-MOCK-0001136,EMR-MOCK-0001136,MOCK-4807-19870131-1136,Galang Pratama,Laki-laki,1987-01-31 00:00:00,AB,Menikah,"Jl. Kenanga No. 79, Ilir Barat I",Palembang,Sumatera Selatan,+62 811-7347-1136,galang.halim.1136@example.invalid,BPJS Kesehatan,02-Sep-2025,Tidak,Aktif
PAT-MOCK-0001137,EMR-MOCK-0001137,MOCK-3735-20050302-1137,Eko Wijaya,Laki-laki,2005-03-02 00:00:00,A,Menikah,"Jl. Melati No. 107, Banyumanik",Semarang,Jawa Tengah,+62 825-9948-1137,eko.gunawan.1137@example.invalid,BPJS Kesehatan,28-Jan-2026,Ya,Aktif
PAT-MOCK-0001138,EMR-MOCK-0001138,MOCK-3811-19640510-1138,Farhan Nasution,Laki-laki,1964-05-10 00:00:00,O,Cerai Hidup,"Jl. Cemara No. 151, Denpasar Selatan",Denpasar,Bali,+62 830-6666-1138,farhan.hartono.1138@example.invalid,Asuransi Swasta,04-Jan-2021,Ya,Aktif
PAT-MOCK-0001139,EMR-MOCK-0001139,MOCK-6006-19650805-1139,Aulia Maulana,Perempuan,1965-08-05 00:00:00,B,Menikah,"Jl. Anggrek No. 162, Bekasi Selatan",Bekasi,Jawa Barat,+62 890-1125-1139,aulia.lesmana.1139@example.invalid,Pribadi,17-Aug-2018,Ya,Aktif
PAT-MOCK-0001140,EMR-MOCK-0001140,MOCK-1543-19600508-1140,Dimas Kusuma,Laki-laki,1960-05-08 00:00:00,O,Cerai Mati,"Jl. Cendana No. 64, Banyumanik",Semarang,Jawa Tengah,+62 819-4920-1140,dimas.pratama.1140@example.invalid,Pribadi,02-Dec-2020,Tidak,Aktif
PAT-MOCK-0001141,EMR-MOCK-0001141,MOCK-2525-19561218-1141,Bagas Hartono,Laki-laki,1956-12-18 00:00:00,O,Cerai Hidup,"Jl. Melati No. 53, Medan Baru",Medan,Sumatera Utara,+62 871-2573-1141,bagas.saputra.1141@example.invalid,Corporate Guarantee,10-May-2019,Ya,Aktif
PAT-MOCK-0001142,EMR-MOCK-0001142,MOCK-2526-20140525-1142,Joko Nugraha,Laki-laki,2014-05-25 00:00:00,B,Cerai Hidup,"Jl. Dahlia No. 52, Banyumanik",Semarang,Jawa Tengah,+62 864-8003-1142,joko.wijaya.1142@example.invalid,Pribadi,18-Oct-2023,Ya,Aktif
PAT-MOCK-0001143,EMR-MOCK-0001143,MOCK-2702-19890830-1143,Fitri Purnama,Perempuan,1989-08-30 00:00:00,B,Cerai Hidup,"Jl. Dahlia No. 180, Karawaci",Tangerang,Banten,+62 845-4725-1143,fitri.santoso.1143@example.invalid,BPJS Kesehatan,04-Feb-2020,Ya,Aktif
PAT-MOCK-0001144,EMR-MOCK-0001144,MOCK-2459-19961219-1144,Rani Permana,Perempuan,1996-12-19 00:00:00,Belum diperiksa,Belum Menikah,"Jl. Dahlia No. 79, Denpasar Selatan",Denpasar,Bali,+62 891-7425-1144,rani.hidayat.1144@example.invalid,BPJS Kesehatan,15-Oct-2024,Ya,Aktif
PAT-MOCK-0001145,EMR-MOCK-0001145,MOCK-3123-20151102-1145,Rizky Kusuma,Laki-laki,2015-11-02 00:00:00,O,Menikah,"Jl. Cemara No. 104, Panakkukang",Makassar,Sulawesi Selatan,+62 893-7280-1145,rizky.nugraha.1145@example.invalid,BPJS Kesehatan,10-Mar-2023,Ya,Aktif
PAT-MOCK-0001146,EMR-MOCK-0001146,MOCK-1967-20180630-1146,Maya Santoso,Perempuan,2018-06-30 00:00:00,O,Cerai Hidup,"Jl. Melati No. 144, Banyumanik",Semarang,Jawa Tengah,+62 888-6388-1146,maya.kusuma.1146@example.invalid,Asuransi Swasta,06-Feb-2020,Ya,Aktif
PAT-MOCK-0001147,EMR-MOCK-0001147,MOCK-5500-19500502-1147,Dimas Wijaya,Laki-laki,1950-05-02 00:00:00,A,Cerai Mati,"Jl. Dahlia No. 9, Bekasi Selatan",Bekasi,Jawa Barat,+62 829-2954-1147,dimas.setiawan.1147@example.invalid,Asuransi Perusahaan,29-Jan-2025,Ya,Aktif
PAT-MOCK-0001148,EMR-MOCK-0001148,MOCK-4319-19630806-1148,Intan Saputra,Perempuan,1963-08-06 00:00:00,O,Menikah,"Jl. Kenanga No. 5, Coblong",Bandung,Jawa Barat,+62 830-5254-1148,intan.permana.1148@example.invalid,Pribadi,01-Aug-2026,Ya,Aktif
PAT-MOCK-0001149,EMR-MOCK-0001149,MOCK-4313-19990117-1149,Dinda Purnama,Perempuan,1999-01-17 00:00:00,B,Cerai Hidup,"Jl. Melati No. 101, Wonokromo",Surabaya,Jawa Timur,+62 882-4631-1149,dinda.ramadhan.1149@example.invalid,Corporate Guarantee,27-Feb-2021,Ya,Aktif
PAT-MOCK-0001150,EMR-MOCK-0001150,MOCK-7756-19501231-1150,Sari Utama,Perempuan,1950-12-31 00:00:00,A,Menikah,"Jl. Rajawali No. 37, Wonokromo",Surabaya,Jawa Timur,+62 893-1767-1150,sari.maulana.1150@example.invalid,Asuransi Perusahaan,06-Mar-2024,Tidak,Aktif
PAT-MOCK-0001151,EMR-MOCK-0001151,MOCK-3299-20060811-1151,Dewi Lesmana,Perempuan,2006-08-11 00:00:00,O,Cerai Hidup,"Jl. Cemara No. 25, Kebon Jeruk",Jakarta Barat,DKI Jakarta,+62 883-7406-1151,dewi.utama.1151@example.invalid,Corporate Guarantee,23-Mar-2023,Ya,Aktif
PAT-MOCK-0001152,EMR-MOCK-0001152,MOCK-2197-19980629-1152,Farhan Maulana,Laki-laki,1998-06-29 00:00:00,O,Cerai Hidup,"Jl. Melati No. 21, Bogor Tengah",Bogor,Jawa Barat,+62 875-3226-1152,farhan.purnama.1152@example.invalid,Asuransi Swasta,01-Nov-2021,Ya,Aktif
PAT-MOCK-0001153,EMR-MOCK-0001153,MOCK-3943-19550411-1153,Dewi Simanjuntak,Perempuan,1955-04-11 00:00:00,O,Cerai Hidup,"Jl. Merpati No. 12, Medan Baru",Medan,Sumatera Utara,+62 864-4110-1153,dewi.siregar.1153@example.invalid,Asuransi Swasta,29-Jul-2018,Ya,Aktif
PAT-MOCK-0001154,EMR-MOCK-0001154,MOCK-3831-19540427-1154,Dinda Wijaya,Perempuan,1954-04-27 00:00:00,O,Belum Menikah,"Jl. Merpati No. 35, Karawaci",Tangerang,Banten,+62 871-7852-1154,dinda.nasution.1154@example.invalid,Asuransi Swasta,01-Dec-2021,Ya,Aktif
PAT-MOCK-0001155,EMR-MOCK-0001155,MOCK-4058-19600214-1155,Nabila Purnama,Perempuan,1960-02-14 00:00:00,A,Belum Menikah,"Jl. Cendana No. 169, Medan Baru",Medan,Sumatera Utara,+62 851-1066-1155,nabila.simanjuntak.1155@example.invalid,Pribadi,24-Mar-2023,Ya,Aktif
PAT-MOCK-0001156,EMR-MOCK-0001156,MOCK-9192-19650706-1156,Lestari Santoso,Perempuan,1965-07-06 00:00:00,O,Cerai Hidup,"Jl. Kenanga No. 160, Denpasar Selatan",Denpasar,Bali,+62 884-1836-1156,lestari.halim.1156@example.invalid,Asuransi Perusahaan,15-Jul-2026,Ya,Tidak Aktif
PAT-MOCK-0001157,EMR-MOCK-0001157,MOCK-7469-20220909-1157,Kartika Pratama,Perempuan,2022-09-09 00:00:00,B,Menikah,"Jl. Merpati No. 25, Coblong",Bandung,Jawa Barat,+62 847-8816-1157,kartika.gunawan.1157@example.invalid,Asuransi Swasta,10-Sep-2022,Ya,Aktif
PAT-MOCK-0001158,EMR-MOCK-0001158,MOCK-2017-19690101-1158,Eko Saputra,Laki-laki,1969-01-01 00:00:00,AB,Belum Menikah,"Jl. Merpati No. 10, Duren Sawit",Jakarta Timur,DKI Jakarta,+62 895-6119-1158,eko.hartono.1158@example.invalid,Asuransi Perusahaan,19-Nov-2024,Ya,Aktif
PAT-MOCK-0001159,EMR-MOCK-0001159,MOCK-9595-20231024-1159,Fitri Santoso,Perempuan,2023-10-24 00:00:00,AB,Cerai Hidup,"Jl. Rajawali No. 152, Coblong",Bandung,Jawa Barat,+62 879-4082-1159,fitri.lesmana.1159@example.invalid,Asuransi Swasta,25-Oct-2023,Ya,Aktif
PAT-MOCK-0001160,EMR-MOCK-0001160,MOCK-2895-20160211-1160,Dinda Hartono,Perempuan,2016-02-11 00:00:00,O,Cerai Hidup,"Jl. Rajawali No. 122, Medan Baru",Medan,Sumatera Utara,+62 897-1684-1160,dinda.pratama.1160@example.invalid,BPJS Kesehatan,04-Mar-2023,Tidak,Aktif
PAT-MOCK-0001161,EMR-MOCK-0001161,MOCK-3543-20101027-1161,Galang Nugraha,Laki-laki,2010-10-27 00:00:00,O,Belum Menikah,"Jl. Kenanga No. 25, Bekasi Selatan",Bekasi,Jawa Barat,+62 828-4455-1161,galang.saputra.1161@example.invalid,Pribadi,12-Apr-2021,Ya,Aktif
PAT-MOCK-0001162,EMR-MOCK-0001162,MOCK-4698-19730926-1162,Yoga Nasution,Laki-laki,1973-09-26 00:00:00,B,Belum Menikah,"Jl. Mawar No. 137, Karawaci",Tangerang,Banten,+62 869-8563-1162,yoga.wijaya.1162@example.invalid,Asuransi Swasta,04-Feb-2026,Ya,Aktif
PAT-MOCK-0001163,EMR-MOCK-0001163,MOCK-3736-20030518-1163,Wulan Nasution,Perempuan,2003-05-18 00:00:00,A,Cerai Mati,"Jl. Dahlia No. 165, Kebayoran Baru",Jakarta Selatan,DKI Jakarta,+62 819-5877-1163,wulan.santoso.1163@example.invalid,Pribadi,21-May-2019,Ya,Aktif
PAT-MOCK-0001164,EMR-MOCK-0001164,MOCK-6244-19670717-1164,Rangga Ramadhan,Laki-laki,1967-07-17 00:00:00,O,Menikah,"Jl. Melati No. 148, Ilir Barat I",Palembang,Sumatera Selatan,+62 839-4394-1164,rangga.hidayat.1164@example.invalid,BPJS Kesehatan,01-Sep-2021,Ya,Aktif
PAT-MOCK-0001165,EMR-MOCK-0001165,MOCK-6087-19660206-1165,Yoga Pratama,Laki-laki,1966-02-06 00:00:00,AB,Cerai Hidup,"Jl. Mawar No. 54, Serpong",Tangerang Selatan,Banten,+62 813-8404-1165,yoga.nugraha.1165@example.invalid,Asuransi Swasta,03-Jun-2022,Ya,Aktif
PAT-MOCK-0001166,EMR-MOCK-0001166,MOCK-8685-19640826-1166,Arya Gunawan,Laki-laki,1964-08-26 00:00:00,Belum diperiksa,Cerai Hidup,"Jl. Kenanga No. 28, Denpasar Selatan",Denpasar,Bali,+62 864-8404-1166,arya.kusuma.1166@example.invalid,Asuransi Perusahaan,03-Oct-2023,Ya,Aktif
PAT-MOCK-0001167,EMR-MOCK-0001167,MOCK-6631-20120115-1167,Eko Santoso,Laki-laki,2012-01-15 00:00:00,AB,Cerai Mati,"Jl. Dahlia No. 85, Kebayoran Baru",Jakarta Selatan,DKI Jakarta,+62 882-8621-1167,eko.setiawan.1167@example.invalid,Asuransi Perusahaan,06-Jun-2018,Ya,Aktif
PAT-MOCK-0001168,EMR-MOCK-0001168,MOCK-5203-19940525-1168,Sari Gunawan,Perempuan,1994-05-25 00:00:00,B,Menikah,"Jl. Rajawali No. 15, Karawaci",Tangerang,Banten,+62 884-8860-1168,sari.permana.1168@example.invalid,Asuransi Perusahaan,24-Sep-2022,Ya,Aktif
PAT-MOCK-0001169,EMR-MOCK-0001169,MOCK-6919-19580426-1169,Rani Siregar,Perempuan,1958-04-26 00:00:00,A,Cerai Hidup,"Jl. Cendana No. 167, Panakkukang",Makassar,Sulawesi Selatan,+62 879-8390-1169,rani.ramadhan.1169@example.invalid,BPJS Kesehatan,23-Apr-2023,Ya,Aktif
PAT-MOCK-0001170,EMR-MOCK-0001170,MOCK-5453-19470508-1170,Dinda Permana,Perempuan,1947-05-08 00:00:00,O,Cerai Mati,"Jl. Cemara No. 114, Medan Baru",Medan,Sumatera Utara,+62 881-4968-1170,dinda.maulana.1170@example.invalid,BPJS Kesehatan,19-Oct-2025,Ya,Aktif
PAT-MOCK-0001171,EMR-MOCK-0001171,MOCK-9150-19891005-1171,Putri Wijaya,Perempuan,1989-10-05 00:00:00,O,Cerai Mati,"Jl. Merpati No. 70, Ilir Barat I",Palembang,Sumatera Selatan,+62 848-6584-1171,putri.utama.1171@example.invalid,BPJS Kesehatan,02-Aug-2020,Ya,Aktif
PAT-MOCK-0001172,EMR-MOCK-0001172,MOCK-9618-19680429-1172,Joko Pratama,Laki-laki,1968-04-29 00:00:00,B,Cerai Hidup,"Jl. Melati No. 79, Banyumanik",Semarang,Jawa Tengah,+62 846-8877-1172,joko.purnama.1172@example.invalid,BPJS Kesehatan,19-Sep-2023,Tidak,Aktif
PAT-MOCK-0001173,EMR-MOCK-0001173,MOCK-9419-20211205-1173,Aditya Ramadhan,Laki-laki,2021-12-05 00:00:00,O,Belum Menikah,"Jl. Melati No. 106, Karawaci",Tangerang,Banten,+62 865-9087-1173,aditya.siregar.1173@example.invalid,Pribadi,27-Feb-2023,Ya,Aktif
PAT-MOCK-0001174,EMR-MOCK-0001174,MOCK-1353-19940327-1174,Arya Pratama,Laki-laki,1994-03-27 00:00:00,B,Cerai Mati,"Jl. Mawar No. 56, Bekasi Selatan",Bekasi,Jawa Barat,+62 854-9587-1174,arya.nasution.1174@example.invalid,Pribadi,09-Jul-2026,Ya,Aktif
PAT-MOCK-0001175,EMR-MOCK-0001175,MOCK-1135-20050724-1175,Joko Wijaya,Laki-laki,2005-07-24 00:00:00,B,Cerai Mati,"Jl. Mawar No. 33, Bekasi Selatan",Bekasi,Jawa Barat,+62 859-1806-1175,joko.simanjuntak.1175@example.invalid,Asuransi Swasta,07-Jun-2021,Ya,Aktif
PAT-MOCK-0001176,EMR-MOCK-0001176,MOCK-9479-19730617-1176,Aisyah Utama,Perempuan,1973-06-17 00:00:00,O,Cerai Hidup,"Jl. Rajawali No. 57, Banyumanik",Semarang,Jawa Tengah,+62 865-8198-1176,aisyah.halim.1176@example.invalid,Corporate Guarantee,19-Jun-2021,Tidak,Aktif
PAT-MOCK-0001177,EMR-MOCK-0001177,MOCK-4437-20060514-1177,Sari Nasution,Perempuan,2006-05-14 00:00:00,B,Belum Menikah,"Jl. Flamboyan No. 78, Banyumanik",Semarang,Jawa Tengah,+62 889-3209-1177,sari.gunawan.1177@example.invalid,Asuransi Swasta,23-Jul-2019,Ya,Tidak Aktif
PAT-MOCK-0001178,EMR-MOCK-0001178,MOCK-4411-20000711-1178,Eko Hidayat,Laki-laki,2000-07-11 00:00:00,B,Menikah,"Jl. Cendana No. 99, Banyumanik",Semarang,Jawa Tengah,+62 865-1378-1178,eko.hartono.1178@example.invalid,BPJS Kesehatan,17-Apr-2023,Ya,Aktif
PAT-MOCK-0001179,EMR-MOCK-0001179,MOCK-6619-19651103-1179,Irfan Purnama,Laki-laki,1965-11-03 00:00:00,O,Cerai Hidup,"Jl. Cendana No. 2, Serpong",Tangerang Selatan,Banten,+62 882-9862-1179,irfan.lesmana.1179@example.invalid,Asuransi Swasta,26-Nov-2020,Ya,Aktif
PAT-MOCK-0001180,EMR-MOCK-0001180,MOCK-2245-19991026-1180,Bima Wijaya,Laki-laki,1999-10-26 00:00:00,A,Belum Menikah,"Jl. Flamboyan No. 64, Panakkukang",Makassar,Sulawesi Selatan,+62 889-2691-1180,bima.pratama.1180@example.invalid,BPJS Kesehatan,15-Nov-2019,Ya,Aktif
PAT-MOCK-0001181,EMR-MOCK-0001181,MOCK-5931-19850628-1181,Maya Lesmana,Perempuan,1985-06-28 00:00:00,O,Cerai Hidup,"Jl. Anggrek No. 74, Coblong",Bandung,Jawa Barat,+62 834-2948-1181,maya.saputra.1181@example.invalid,Asuransi Perusahaan,12-May-2019,Ya,Aktif
PAT-MOCK-0001182,EMR-MOCK-0001182,MOCK-7699-19671129-1182,Nabila Santoso,Perempuan,1967-11-29 00:00:00,B,Menikah,"Jl. Kenanga No. 101, Kebon Jeruk",Jakarta Barat,DKI Jakarta,+62 887-4317-1182,nabila.wijaya.1182@example.invalid,BPJS Kesehatan,26-Jul-2021,Ya,Aktif
PAT-MOCK-0001183,EMR-MOCK-0001183,MOCK-2146-19941022-1183,Fajar Utama,Laki-laki,1994-10-22 00:00:00,O,Belum Menikah,"Jl. Mawar No. 119, Bekasi Selatan",Bekasi,Jawa Barat,+62 828-9931-1183,fajar.santoso.1183@example.invalid,Corporate Guarantee,19-Dec-2022,Tidak,Aktif
PAT-MOCK-0001184,EMR-MOCK-0001184,MOCK-6723-19840726-1184,Bima Santoso,Laki-laki,1984-07-26 00:00:00,A,Cerai Mati,"Jl. Dahlia No. 169, Serpong",Tangerang Selatan,Banten,+62 821-7690-1184,bima.hidayat.1184@example.invalid,Corporate Guarantee,10-Dec-2021,Tidak,Aktif
PAT-MOCK-0001185,EMR-MOCK-0001185,MOCK-8815-19590819-1185,Aulia Nugraha,Perempuan,1959-08-19 00:00:00,O,Menikah,"Jl. Flamboyan No. 84, Banyumanik",Semarang,Jawa Tengah,+62 852-5386-1185,aulia.nugraha.1185@example.invalid,Corporate Guarantee,17-Aug-2021,Ya,Aktif
PAT-MOCK-0001186,EMR-MOCK-0001186,MOCK-2781-19831126-1186,Tiara Kusuma,Perempuan,1983-11-26 00:00:00,B,Belum Menikah,"Jl. Mawar No. 108, Banyumanik",Semarang,Jawa Tengah,+62 826-6864-1186,tiara.kusuma.1186@example.invalid,Pribadi,16-Sep-2020,Ya,Aktif
PAT-MOCK-0001187,EMR-MOCK-0001187,MOCK-5490-19580715-1187,Citra Purnama,Perempuan,1958-07-15 00:00:00,O,Menikah,"Jl. Merpati No. 14, Bogor Tengah",Bogor,Jawa Barat,+62 822-5203-1187,citra.setiawan.1187@example.invalid,Corporate Guarantee,26-Jun-2026,Ya,Aktif
PAT-MOCK-0001188,EMR-MOCK-0001188,MOCK-6524-19721009-1188,Bagas Saputra,Laki-laki,1972-10-09 00:00:00,B,Belum Menikah,"Jl. Melati No. 7, Coblong",Bandung,Jawa Barat,+62 861-1190-1188,bagas.permana.1188@example.invalid,Corporate Guarantee,09-Apr-2026,Ya,Aktif
PAT-MOCK-0001189,EMR-MOCK-0001189,MOCK-8230-20160703-1189,Farhan Purnama,Laki-laki,2016-07-03 00:00:00,A,Menikah,"Jl. Merpati No. 63, Bekasi Selatan",Bekasi,Jawa Barat,+62 824-3596-1189,farhan.ramadhan.1189@example.invalid,Asuransi Swasta,25-Jul-2020,Ya,Aktif
PAT-MOCK-0001190,EMR-MOCK-0001190,MOCK-9352-19600316-1190,Irfan Purnama,Laki-laki,1960-03-16 00:00:00,O,Menikah,"Jl. Merpati No. 132, Karawaci",Tangerang,Banten,+62 870-5341-1190,irfan.maulana.1190@example.invalid,Pribadi,04-Jul-2025,Ya,Aktif
PAT-MOCK-0001191,EMR-MOCK-0001191,MOCK-3131-19940926-1191,Aisyah Kusuma,Perempuan,1994-09-26 00:00:00,O,Cerai Hidup,"Jl. Anggrek No. 2, Coblong",Bandung,Jawa Barat,+62 877-2996-1191,aisyah.utama.1191@example.invalid,Corporate Guarantee,01-Dec-2018,Ya,Aktif
PAT-MOCK-0001192,EMR-MOCK-0001192,MOCK-8452-19780214-1192,Citra Maulana,Perempuan,1978-02-14 00:00:00,O,Menikah,"Jl. Cemara No. 99, Bekasi Selatan",Bekasi,Jawa Barat,+62 817-8729-1192,citra.purnama.1192@example.invalid,Pribadi,03-Oct-2021,Ya,Aktif
PAT-MOCK-0001193,EMR-MOCK-0001193,MOCK-6915-20030613-1193,Wulan Pratama,Perempuan,2003-06-13 00:00:00,B,Belum Menikah,"Jl. Merpati No. 26, Serpong",Tangerang Selatan,Banten,+62 825-7513-1193,wulan.siregar.1193@example.invalid,BPJS Kesehatan,10-Jul-2019,Ya,Aktif
PAT-MOCK-0001194,EMR-MOCK-0001194,MOCK-4249-19940519-1194,Sari Simanjuntak,Perempuan,1994-05-19 00:00:00,B,Cerai Mati,"Jl. Flamboyan No. 174, Panakkukang",Makassar,Sulawesi Selatan,+62 870-7562-1194,sari.nasution.1194@example.invalid,Asuransi Perusahaan,25-Apr-2018,Ya,Aktif
PAT-MOCK-0001195,EMR-MOCK-0001195,MOCK-6660-19591213-1195,Kartika Hidayat,Perempuan,1959-12-13 00:00:00,B,Cerai Mati,"Jl. Kenanga No. 141, Panakkukang",Makassar,Sulawesi Selatan,+62 835-6057-1195,kartika.simanjuntak.1195@example.invalid,Asuransi Swasta,26-Jul-2018,Tidak,Aktif
PAT-MOCK-0001196,EMR-MOCK-0001196,MOCK-7191-19980623-1196,Kartika Maulana,Perempuan,1998-06-23 00:00:00,AB,Cerai Hidup,"Jl. Flamboyan No. 62, Banyumanik",Semarang,Jawa Tengah,+62 845-8708-1196,kartika.halim.1196@example.invalid,BPJS Kesehatan,25-Aug-2021,Ya,Aktif
PAT-MOCK-0001197,EMR-MOCK-0001197,MOCK-7575-19500106-1197,Ahmad Wijaya,Laki-laki,1950-01-06 00:00:00,O,Cerai Hidup,"Jl. Cendana No. 96, Bogor Tengah",Bogor,Jawa Barat,+62 860-8151-1197,ahmad.gunawan.1197@example.invalid,Corporate Guarantee,19-Dec-2022,Ya,Aktif
PAT-MOCK-0001198,EMR-MOCK-0001198,MOCK-5568-19571217-1198,Bagas Permana,Laki-laki,1957-12-17 00:00:00,B,Cerai Mati,"Jl. Kenanga No. 48, Karawaci",Tangerang,Banten,+62 858-6152-1198,bagas.hartono.1198@example.invalid,Pribadi,10-May-2021,Ya,Aktif
PAT-MOCK-0001199,EMR-MOCK-0001199,MOCK-7568-20061009-1199,Dewi Halim,Perempuan,2006-10-09 00:00:00,O,Belum Menikah,"Jl. Rajawali No. 70, Banyumanik",Semarang,Jawa Tengah,+62 869-9459-1199,dewi.lesmana.1199@example.invalid,Corporate Guarantee,27-Apr-2024,Ya,Aktif
PAT-MOCK-0001200,EMR-MOCK-0001200,MOCK-6009-19530819-1200,Citra Permana,Perempuan,1953-08-19 00:00:00,B,Cerai Mati,"Jl. Merpati No. 101, Kebon Jeruk",Jakarta Barat,DKI Jakarta,+62 892-2042-1200,citra.pratama.1200@example.invalid,Pribadi,27-Jul-2018,Ya,Aktif
PAT-MOCK-0001201,EMR-MOCK-0001201,MOCK-1125-19481231-1201,Maya Permana,Perempuan,1948-12-31 00:00:00,O,Cerai Mati,"Jl. Mawar No. 109, Wonokromo",Surabaya,Jawa Timur,+62 836-9241-1201,maya.saputra.1201@example.invalid,BPJS Kesehatan,02-Nov-2018,Ya,Tidak Aktif
PAT-MOCK-0001202,EMR-MOCK-0001202,MOCK-7602-20230403-1202,Tiara Lesmana,Perempuan,2023-04-03 00:00:00,B,Menikah,"Jl. Flamboyan No. 145, Panakkukang",Makassar,Sulawesi Selatan,+62 824-9399-1202,tiara.wijaya.1202@example.invalid,Asuransi Perusahaan,04-Apr-2023,Ya,Aktif
PAT-MOCK-0001203,EMR-MOCK-0001203,MOCK-9536-20110427-1203,Bima Wijaya,Laki-laki,2011-04-27 00:00:00,O,Cerai Hidup,"Jl. Cendana No. 113, Kebayoran Baru",Jakarta Selatan,DKI Jakarta,+62 812-8931-1203,bima.santoso.1203@example.invalid,Corporate Guarantee,11-Sep-2020,Ya,Aktif
PAT-MOCK-0001204,EMR-MOCK-0001204,MOCK-8252-19680316-1204,Arya Siregar,Laki-laki,1968-03-16 00:00:00,B,Menikah,"Jl. Melati No. 161, Ilir Barat I",Palembang,Sumatera Selatan,+62 898-4260-1204,arya.hidayat.1204@example.invalid,Asuransi Perusahaan,17-Apr-2021,Ya,Aktif
PAT-MOCK-0001205,EMR-MOCK-0001205,MOCK-9566-19561215-1205,Joko Wijaya,Laki-laki,1956-12-15 00:00:00,AB,Menikah,"Jl. Anggrek No. 122, Wonokromo",Surabaya,Jawa Timur,+62 889-1431-1205,joko.nugraha.1205@example.invalid,Asuransi Swasta,16-Dec-2018,Ya,Aktif
PAT-MOCK-0001206,EMR-MOCK-0001206,MOCK-1269-19520320-1206,Yoga Siregar,Laki-laki,1952-03-20 00:00:00,A,Menikah,"Jl. Kenanga No. 144, Bogor Tengah",Bogor,Jawa Barat,+62 820-8079-1206,yoga.kusuma.1206@example.invalid,Asuransi Swasta,16-Jan-2022,Ya,Aktif
PAT-MOCK-0001207,EMR-MOCK-0001207,MOCK-7519-20091106-1207,Yoga Siregar,Laki-laki,2009-11-06 00:00:00,AB,Belum Menikah,"Jl. Dahlia No. 14, Denpasar Selatan",Denpasar,Bali,+62 842-8032-1207,yoga.setiawan.1207@example.invalid,Corporate Guarantee,08-Feb-2019,Ya,Aktif
PAT-MOCK-0001208,EMR-MOCK-0001208,MOCK-8785-19490610-1208,Arif Utama,Laki-laki,1949-06-10 00:00:00,B,Cerai Hidup,"Jl. Cendana No. 41, Medan Baru",Medan,Sumatera Utara,+62 883-7533-1208,arif.permana.1208@example.invalid,Pribadi,17-Apr-2021,Ya,Aktif
PAT-MOCK-0001209,EMR-MOCK-0001209,MOCK-1394-19910108-1209,Bima Siregar,Laki-laki,1991-01-08 00:00:00,AB,Cerai Mati,"Jl. Cemara No. 73, Medan Baru",Medan,Sumatera Utara,+62 885-3989-1209,bima.ramadhan.1209@example.invalid,Corporate Guarantee,21-May-2022,Ya,Aktif
PAT-MOCK-0001210,EMR-MOCK-0001210,MOCK-9324-20160623-1210,Tiara Hidayat,Perempuan,2016-06-23 00:00:00,B,Menikah,"Jl. Cendana No. 170, Bogor Tengah",Bogor,Jawa Barat,+62 874-9823-1210,tiara.maulana.1210@example.invalid,Pribadi,20-Jan-2026,Ya,Aktif
PAT-MOCK-0001211,EMR-MOCK-0001211,MOCK-7403-19510425-1211,Kartika Simanjuntak,Perempuan,1951-04-25 00:00:00,B,Belum Menikah,"Jl. Kenanga No. 125, Ilir Barat I",Palembang,Sumatera Selatan,+62 815-2629-1211,kartika.utama.1211@example.invalid,Asuransi Swasta,03-Sep-2023,Tidak,Aktif
PAT-MOCK-0001212,EMR-MOCK-0001212,MOCK-2107-19460825-1212,Arya Pratama,Laki-laki,1946-08-25 00:00:00,A,Menikah,"Jl. Kenanga No. 113, Wonokromo",Surabaya,Jawa Timur,+62 835-1180-1212,arya.purnama.1212@example.invalid,Pribadi,01-Apr-2018,Ya,Aktif
PAT-MOCK-0001213,EMR-MOCK-0001213,MOCK-6280-20071031-1213,Yoga Hidayat,Laki-laki,2007-10-31 00:00:00,B,Cerai Hidup,"Jl. Dahlia No. 130, Wonokromo",Surabaya,Jawa Timur,+62 875-7551-1213,yoga.siregar.1213@example.invalid,Corporate Guarantee,13-Dec-2018,Tidak,Aktif
PAT-MOCK-0001214,EMR-MOCK-0001214,MOCK-8380-20011015-1214,Danu Gunawan,Laki-laki,2001-10-15 00:00:00,O,Menikah,"Jl. Cendana No. 73, Bogor Tengah",Bogor,Jawa Barat,+62 864-1808-1214,danu.nasution.1214@example.invalid,BPJS Kesehatan,22-Jun-2019,Ya,Aktif
PAT-MOCK-0001215,EMR-MOCK-0001215,MOCK-7240-19810328-1215,Kartika Siregar,Perempuan,1981-03-28 00:00:00,B,Menikah,"Jl. Rajawali No. 175, Karawaci",Tangerang,Banten,+62 876-2966-1215,kartika.simanjuntak.1215@example.invalid,Asuransi Perusahaan,16-Aug-2021,Ya,Aktif
PAT-MOCK-0001216,EMR-MOCK-0001216,MOCK-6677-19461029-1216,Arif Gunawan,Laki-laki,1946-10-29 00:00:00,Belum diperiksa,Belum Menikah,"Jl. Rajawali No. 59, Coblong",Bandung,Jawa Barat,+62 817-5816-1216,arif.halim.1216@example.invalid,Corporate Guarantee,25-Oct-2020,Tidak,Aktif
PAT-MOCK-0001217,EMR-MOCK-0001217,MOCK-4180-19880331-1217,Fitri Nasution,Perempuan,1988-03-31 00:00:00,A,Belum Menikah,"Jl. Cemara No. 86, Medan Baru",Medan,Sumatera Utara,+62 812-9593-1217,fitri.gunawan.1217@example.invalid,Asuransi Perusahaan,04-Aug-2019,Ya,Aktif
PAT-MOCK-0001218,EMR-MOCK-0001218,MOCK-4467-19640323-1218,Danu Halim,Laki-laki,1964-03-23 00:00:00,O,Cerai Hidup,"Jl. Merpati No. 50, Karawaci",Tangerang,Banten,+62 866-3754-1218,danu.hartono.1218@example.invalid,Corporate Guarantee,20-Oct-2023,Ya,Aktif
PAT-MOCK-0001219,EMR-MOCK-0001219,MOCK-8021-19730424-1219,Ahmad Hidayat,Laki-laki,1973-04-24 00:00:00,O,Menikah,"Jl. Anggrek No. 156, Coblong",Bandung,Jawa Barat,+62 870-3684-1219,ahmad.lesmana.1219@example.invalid,Corporate Guarantee,14-Oct-2020,Ya,Aktif
PAT-MOCK-0001220,EMR-MOCK-0001220,MOCK-4828-20060408-1220,Arif Utama,Laki-laki,2006-04-08 00:00:00,O,Menikah,"Jl. Rajawali No. 44, Medan Baru",Medan,Sumatera Utara,+62 877-3680-1220,arif.pratama.1220@example.invalid,Corporate Guarantee,14-Feb-2020,Ya,Aktif
PAT-MOCK-0001221,EMR-MOCK-0001221,MOCK-9189-19691116-1221,Andi Saputra,Laki-laki,1969-11-16 00:00:00,O,Menikah,"Jl. Dahlia No. 147, Banyumanik",Semarang,Jawa Tengah,+62 859-3749-1221,andi.saputra.1221@example.invalid,Corporate Guarantee,10-Mar-2021,Ya,Aktif
PAT-MOCK-0001222,EMR-MOCK-0001222,MOCK-3164-19850623-1222,Intan Maulana,Perempuan,1985-06-23 00:00:00,A,Cerai Mati,"Jl. Rajawali No. 132, Karawaci",Tangerang,Banten,+62 835-4381-1222,intan.wijaya.1222@example.invalid,Pribadi,05-Apr-2023,Ya,Aktif
PAT-MOCK-0001223,EMR-MOCK-0001223,MOCK-3648-19740420-1223,Sekar Hidayat,Perempuan,1974-04-20 00:00:00,A,Menikah,"Jl. Dahlia No. 18, Wonokromo",Surabaya,Jawa Timur,+62 878-8253-1223,sekar.santoso.1223@example.invalid,Pribadi,09-Feb-2020,Ya,Aktif
PAT-MOCK-0001224,EMR-MOCK-0001224,MOCK-3981-19910313-1224,Dinda Maulana,Perempuan,1991-03-13 00:00:00,B,Cerai Mati,"Jl. Melati No. 7, Kebayoran Baru",Jakarta Selatan,DKI Jakarta,+62 895-2575-1224,dinda.hidayat.1224@example.invalid,Asuransi Perusahaan,13-Jan-2020,Tidak,Aktif
PAT-MOCK-0001225,EMR-MOCK-0001225,MOCK-6105-19600127-1225,Fitri Purnama,Perempuan,1960-01-27 00:00:00,O,Menikah,"Jl. Merpati No. 68, Denpasar Selatan",Denpasar,Bali,+62 832-6735-1225,fitri.nugraha.1225@example.invalid,Asuransi Perusahaan,19-Apr-2019,Ya,Aktif
PAT-MOCK-0001226,EMR-MOCK-0001226,MOCK-4843-19740331-1226,Farhan Hartono,Laki-laki,1974-03-31 00:00:00,O,Belum Menikah,"Jl. Cemara No. 155, Bekasi Selatan",Bekasi,Jawa Barat,+62 832-1468-1226,farhan.kusuma.1226@example.invalid,Pribadi,28-Mar-2023,Ya,Aktif
PAT-MOCK-0001227,EMR-MOCK-0001227,MOCK-8329-20040924-1227,Amelia Nasution,Perempuan,2004-09-24 00:00:00,O,Cerai Mati,"Jl. Kenanga No. 171, Panakkukang",Makassar,Sulawesi Selatan,+62 885-9752-1227,amelia.setiawan.1227@example.invalid,Asuransi Perusahaan,01-Aug-2020,Tidak,Aktif
PAT-MOCK-0001228,EMR-MOCK-0001228,MOCK-9775-20010205-1228,Bagas Siregar,Laki-laki,2001-02-05 00:00:00,O,Belum Menikah,"Jl. Mawar No. 37, Bekasi Selatan",Bekasi,Jawa Barat,+62 825-1785-1228,bagas.permana.1228@example.invalid,Asuransi Swasta,17-Jan-2021,Ya,Aktif
PAT-MOCK-0001229,EMR-MOCK-0001229,MOCK-6604-19760414-1229,Hendra Utama,Laki-laki,1976-04-14 00:00:00,B,Belum Menikah,"Jl. Mawar No. 2, Beji",Depok,Jawa Barat,+62 875-6149-1229,hendra.ramadhan.1229@example.invalid,Corporate Guarantee,29-Jun-2025,Ya,Aktif
PAT-MOCK-0001230,EMR-MOCK-0001230,MOCK-6867-19691226-1230,Dewi Pratama,Perempuan,1969-12-26 00:00:00,O,Cerai Hidup,"Jl. Melati No. 37, Medan Baru",Medan,Sumatera Utara,+62 829-7009-1230,dewi.maulana.1230@example.invalid,BPJS Kesehatan,15-Sep-2025,Ya,Aktif
PAT-MOCK-0001231,EMR-MOCK-0001231,MOCK-3932-20170222-1231,Citra Saputra,Perempuan,2017-02-22 00:00:00,AB,Cerai Hidup,"Jl. Rajawali No. 159, Ilir Barat I",Palembang,Sumatera Selatan,+62 862-3503-1231,citra.utama.1231@example.invalid,BPJS Kesehatan,09-Jul-2022,Ya,Aktif
PAT-MOCK-0001232,EMR-MOCK-0001232,MOCK-7581-19640106-1232,Amelia Simanjuntak,Perempuan,1964-01-06 00:00:00,B,Cerai Mati,"Jl. Melati No. 157, Banyumanik",Semarang,Jawa Tengah,+62 830-5197-1232,amelia.purnama.1232@example.invalid,Asuransi Perusahaan,06-Jan-2026,Ya,Aktif
PAT-MOCK-0001233,EMR-MOCK-0001233,MOCK-5705-19951106-1233,Tiara Nasution,Perempuan,1995-11-06 00:00:00,O,Menikah,"Jl. Cendana No. 83, Coblong",Bandung,Jawa Barat,+62 837-6537-1233,tiara.siregar.1233@example.invalid,Corporate Guarantee,24-Mar-2025,Ya,Aktif
PAT-MOCK-0001234,EMR-MOCK-0001234,MOCK-3211-19800215-1234,Fajar Hidayat,Laki-laki,1980-02-15 00:00:00,B,Cerai Mati,"Jl. Mawar No. 81, Medan Baru",Medan,Sumatera Utara,+62 840-9734-1234,fajar.nasution.1234@example.invalid,BPJS Kesehatan,20-Jan-2020,Tidak,Aktif
PAT-MOCK-0001235,EMR-MOCK-0001235,MOCK-2854-19850314-1235,Hendra Purnama,Laki-laki,1985-03-14 00:00:00,O,Cerai Hidup,"Jl. Cemara No. 136, Kebon Jeruk",Jakarta Barat,DKI Jakarta,+62 874-6987-1235,hendra.simanjuntak.1235@example.invalid,Asuransi Swasta,16-Sep-2023,Ya,Aktif
PAT-MOCK-0001236,EMR-MOCK-0001236,MOCK-4466-19490708-1236,Rani Purnama,Perempuan,1949-07-08 00:00:00,O,Belum Menikah,"Jl. Mawar No. 129, Denpasar Selatan",Denpasar,Bali,+62 824-1770-1236,rani.halim.1236@example.invalid,Pribadi,15-Apr-2026,Ya,Aktif
PAT-MOCK-0001237,EMR-MOCK-0001237,MOCK-5032-19870319-1237,Anindya Hartono,Perempuan,1987-03-19 00:00:00,O,Menikah,"Jl. Kenanga No. 141, Beji",Depok,Jawa Barat,+62 838-3486-1237,anindya.gunawan.1237@example.invalid,Corporate Guarantee,23-Sep-2024,Tidak,Aktif
PAT-MOCK-0001238,EMR-MOCK-0001238,MOCK-2818-19720610-1238,Dewi Halim,Perempuan,1972-06-10 00:00:00,B,Belum Menikah,"Jl. Mawar No. 13, Wonokromo",Surabaya,Jawa Timur,+62 844-6920-1238,dewi.hartono.1238@example.invalid,BPJS Kesehatan,19-Dec-2019,Tidak,Aktif
PAT-MOCK-0001239,EMR-MOCK-0001239,MOCK-2057-20120801-1239,Anindya Hartono,Perempuan,2012-08-01 00:00:00,O,Menikah,"Jl. Mawar No. 61, Karawaci",Tangerang,Banten,+62 843-6757-1239,anindya.lesmana.1239@example.invalid,Pribadi,31-Aug-2021,Tidak,Aktif
PAT-MOCK-0001240,EMR-MOCK-0001240,MOCK-9701-19490131-1240,Farhan Simanjuntak,Laki-laki,1949-01-31 00:00:00,A,Cerai Mati,"Jl. Kenanga No. 21, Kebon Jeruk",Jakarta Barat,DKI Jakarta,+62 811-2218-1240,farhan.pratama.1240@example.invalid,Pribadi,11-Jun-2018,Ya,Aktif
PAT-MOCK-0001241,EMR-MOCK-0001241,MOCK-3632-19541011-1241,Amelia Kusuma,Perempuan,1954-10-11 00:00:00,O,Menikah,"Jl. Rajawali No. 175, Kebayoran Baru",Jakarta Selatan,DKI Jakarta,+62 828-8959-1241,amelia.saputra.1241@example.invalid,Corporate Guarantee,14-Mar-2025,Ya,Aktif
PAT-MOCK-0001242,EMR-MOCK-0001242,MOCK-3838-19940706-1242,Galang Siregar,Laki-laki,1994-07-06 00:00:00,B,Cerai Hidup,"Jl. Anggrek No. 89, Wonokromo",Surabaya,Jawa Timur,+62 853-5591-1242,galang.wijaya.1242@example.invalid,Asuransi Swasta,24-Mar-2019,Ya,Aktif
PAT-MOCK-0001243,EMR-MOCK-0001243,MOCK-7783-20151020-1243,Dimas Halim,Laki-laki,2015-10-20 00:00:00,B,Belum Menikah,"Jl. Rajawali No. 66, Panakkukang",Makassar,Sulawesi Selatan,+62 817-8039-1243,dimas.santoso.1243@example.invalid,Asuransi Swasta,09-Jun-2021,Ya,Aktif
PAT-MOCK-0001244,EMR-MOCK-0001244,MOCK-3888-20220705-1244,Fitri Wijaya,Perempuan,2022-07-05 00:00:00,B,Menikah,"Jl. Cendana No. 94, Kebon Jeruk",Jakarta Barat,DKI Jakarta,+62 884-6413-1244,fitri.hidayat.1244@example.invalid,Pribadi,26-Dec-2024,Tidak,Aktif
PAT-MOCK-0001245,EMR-MOCK-0001245,MOCK-1552-20180327-1245,Dinda Hidayat,Perempuan,2018-03-27 00:00:00,AB,Cerai Mati,"Jl. Merpati No. 142, Panakkukang",Makassar,Sulawesi Selatan,+62 859-3605-1245,dinda.nugraha.1245@example.invalid,Pribadi,06-Dec-2018,Ya,Aktif
PAT-MOCK-0001246,EMR-MOCK-0001246,MOCK-9197-19900928-1246,Irfan Nasution,Laki-laki,1990-09-28 00:00:00,B,Cerai Hidup,"Jl. Mawar No. 62, Medan Baru",Medan,Sumatera Utara,+62 852-5870-1246,irfan.kusuma.1246@example.invalid,Pribadi,29-Sep-2022,Ya,Aktif
PAT-MOCK-0001247,EMR-MOCK-0001247,MOCK-3596-19740304-1247,Nabila Ramadhan,Perempuan,1974-03-04 00:00:00,A,Menikah,"Jl. Melati No. 38, Wonokromo",Surabaya,Jawa Timur,+62 824-1466-1247,nabila.setiawan.1247@example.invalid,Corporate Guarantee,27-Aug-2022,Tidak,Aktif
PAT-MOCK-0001248,EMR-MOCK-0001248,MOCK-1630-19460925-1248,Hendra Pratama,Laki-laki,1946-09-25 00:00:00,B,Cerai Hidup,"Jl. Cemara No. 174, Banyumanik",Semarang,Jawa Tengah,+62 830-5019-1248,hendra.permana.1248@example.invalid,Corporate Guarantee,05-Mar-2022,Tidak,Aktif
PAT-MOCK-0001249,EMR-MOCK-0001249,MOCK-3777-19520814-1249,Raka Purnama,Laki-laki,1952-08-14 00:00:00,O,Belum Menikah,"Jl. Cendana No. 166, Karawaci",Tangerang,Banten,+62 857-2498-1249,raka.ramadhan.1249@example.invalid,Asuransi Perusahaan,14-Dec-2023,Tidak,Aktif
PAT-MOCK-0001250,EMR-MOCK-0001250,MOCK-8476-20201104-1250,Fajar Wijaya,Laki-laki,2020-11-04 00:00:00,O,Cerai Hidup,"Jl. Cemara No. 97, Ilir Barat I",Palembang,Sumatera Selatan,+62 860-6384-1250,fajar.maulana.1250@example.invalid,Pribadi,05-Nov-2020,Ya,Aktif
PAT-MOCK-0001251,EMR-MOCK-0001251,MOCK-3815-19580912-1251,Arif Utama,Laki-laki,1958-09-12 00:00:00,Belum diperiksa,Cerai Hidup,"Jl. Cendana No. 155, Bogor Tengah",Bogor,Jawa Barat,+62 871-5497-1251,arif.utama.1251@example.invalid,Asuransi Perusahaan,06-Aug-2018,Tidak,Aktif
PAT-MOCK-0001252,EMR-MOCK-0001252,MOCK-4829-20200617-1252,Galang Purnama,Laki-laki,2020-06-17 00:00:00,A,Cerai Mati,"Jl. Melati No. 157, Coblong",Bandung,Jawa Barat,+62 827-6940-1252,galang.purnama.1252@example.invalid,Asuransi Perusahaan,20-Oct-2024,Ya,Aktif
PAT-MOCK-0001253,EMR-MOCK-0001253,MOCK-8310-19940424-1253,Citra Gunawan,Perempuan,1994-04-24 00:00:00,B,Cerai Hidup,"Jl. Dahlia No. 164, Medan Baru",Medan,Sumatera Utara,+62 850-9840-1253,citra.siregar.1253@example.invalid,Pribadi,21-May-2026,Ya,Aktif
PAT-MOCK-0001254,EMR-MOCK-0001254,MOCK-6249-19981104-1254,Dinda Saputra,Perempuan,1998-11-04 00:00:00,AB,Belum Menikah,"Jl. Mawar No. 66, Medan Baru",Medan,Sumatera Utara,+62 842-7629-1254,dinda.nasution.1254@example.invalid,Asuransi Perusahaan,02-Mar-2019,Tidak,Tidak Aktif
PAT-MOCK-0001255,EMR-MOCK-0001255,MOCK-4346-19590306-1255,Sari Saputra,Perempuan,1959-03-06 00:00:00,O,Belum Menikah,"Jl. Mawar No. 159, Kebayoran Baru",Jakarta Selatan,DKI Jakarta,+62 859-5145-1255,sari.simanjuntak.1255@example.invalid,Pribadi,09-Oct-2022,Ya,Aktif
PAT-MOCK-0001256,EMR-MOCK-0001256,MOCK-8990-20030305-1256,Bagas Hartono,Laki-laki,2003-03-05 00:00:00,O,Cerai Hidup,"Jl. Melati No. 101, Kebon Jeruk",Jakarta Barat,DKI Jakarta,+62 882-7812-1256,bagas.halim.1256@example.invalid,BPJS Kesehatan,15-Feb-2018,Tidak,Aktif
PAT-MOCK-0001257,EMR-MOCK-0001257,MOCK-9873-19550730-1257,Raka Nasution,Laki-laki,1955-07-30 00:00:00,A,Cerai Mati,"Jl. Kenanga No. 79, Duren Sawit",Jakarta Timur,DKI Jakarta,+62 866-1132-1257,raka.gunawan.1257@example.invalid,Asuransi Swasta,20-Sep-2022,Ya,Aktif
PAT-MOCK-0001258,EMR-MOCK-0001258,MOCK-8161-19731220-1258,Rangga Wijaya,Laki-laki,1973-12-20 00:00:00,O,Belum Menikah,"Jl. Melati No. 64, Wonokromo",Surabaya,Jawa Timur,+62 854-5115-1258,rangga.hartono.1258@example.invalid,Asuransi Swasta,31-Mar-2026,Ya,Aktif
PAT-MOCK-0001259,EMR-MOCK-0001259,MOCK-7125-19540913-1259,Bima Halim,Laki-laki,1954-09-13 00:00:00,O,Cerai Mati,"Jl. Melati No. 58, Kebayoran Baru",Jakarta Selatan,DKI Jakarta,+62 896-4248-1259,bima.lesmana.1259@example.invalid,Asuransi Swasta,27-Feb-2020,Ya,Aktif
PAT-MOCK-0001260,EMR-MOCK-0001260,MOCK-7779-20190605-1260,Joko Saputra,Laki-laki,2019-06-05 00:00:00,B,Cerai Mati,"Jl. Cendana No. 152, Panakkukang",Makassar,Sulawesi Selatan,+62 835-7954-1260,joko.pratama.1260@example.invalid,Asuransi Swasta,09-May-2024,Ya,Aktif
PAT-MOCK-0001261,EMR-MOCK-0001261,MOCK-1934-19730804-1261,Dewi Nasution,Perempuan,1973-08-04 00:00:00,O,Cerai Mati,"Jl. Mawar No. 113, Coblong",Bandung,Jawa Barat,+62 894-7439-1261,dewi.saputra.1261@example.invalid,Pribadi,01-Jul-2022,Tidak,Aktif
PAT-MOCK-0001262,EMR-MOCK-0001262,MOCK-3413-19500330-1262,Kartika Setiawan,Perempuan,1950-03-30 00:00:00,A,Menikah,"Jl. Cemara No. 2, Karawaci",Tangerang,Banten,+62 835-9791-1262,kartika.wijaya.1262@example.invalid,Asuransi Perusahaan,03-Feb-2023,Ya,Aktif
PAT-MOCK-0001263,EMR-MOCK-0001263,MOCK-1167-20170207-1263,Tiara Purnama,Perempuan,2017-02-07 00:00:00,B,Belum Menikah,"Jl. Dahlia No. 148, Duren Sawit",Jakarta Timur,DKI Jakarta,+62 885-3818-1263,tiara.santoso.1263@example.invalid,Asuransi Perusahaan,07-Jul-2021,Ya,Aktif
PAT-MOCK-0001264,EMR-MOCK-0001264,MOCK-4060-20120525-1264,Rizky Nasution,Laki-laki,2012-05-25 00:00:00,B,Cerai Hidup,"Jl. Mawar No. 116, Medan Baru",Medan,Sumatera Utara,+62 889-6190-1264,rizky.hidayat.1264@example.invalid,BPJS Kesehatan,25-May-2023,Ya,Tidak Aktif
PAT-MOCK-0001265,EMR-MOCK-0001265,MOCK-3042-20070727-1265,Rizky Nasution,Laki-laki,2007-07-27 00:00:00,A,Menikah,"Jl. Rajawali No. 117, Ilir Barat I",Palembang,Sumatera Selatan,+62 883-5600-1265,rizky.nugraha.1265@example.invalid,Pribadi,12-Jun-2021,Ya,Aktif
PAT-MOCK-0001266,EMR-MOCK-0001266,MOCK-5819-19910116-1266,Putri Nasution,Perempuan,1991-01-16 00:00:00,B,Belum Menikah,"Jl. Anggrek No. 29, Bogor Tengah",Bogor,Jawa Barat,+62 885-2036-1266,putri.kusuma.1266@example.invalid,Pribadi,11-Dec-2023,Ya,Aktif
PAT-MOCK-0001267,EMR-MOCK-0001267,MOCK-3832-19510916-1267,Wulan Siregar,Perempuan,1951-09-16 00:00:00,A,Cerai Hidup,"Jl. Flamboyan No. 174, Banyumanik",Semarang,Jawa Tengah,+62 899-3461-1267,wulan.setiawan.1267@example.invalid,Asuransi Perusahaan,16-Aug-2023,Ya,Aktif
PAT-MOCK-0001268,EMR-MOCK-0001268,MOCK-9197-19660704-1268,Ahmad Santoso,Laki-laki,1966-07-04 00:00:00,O,Cerai Hidup,"Jl. Cendana No. 163, Bekasi Selatan",Bekasi,Jawa Barat,+62 891-1389-1268,ahmad.permana.1268@example.invalid,Pribadi,14-Feb-2025,Ya,Aktif
PAT-MOCK-0001269,EMR-MOCK-0001269,MOCK-5777-20081118-1269,Anindya Simanjuntak,Perempuan,2008-11-18 00:00:00,A,Menikah,"Jl. Rajawali No. 48, Wonokromo",Surabaya,Jawa Timur,+62 867-9819-1269,anindya.ramadhan.1269@example.invalid,Asuransi Perusahaan,20-Oct-2023,Tidak,Aktif
PAT-MOCK-0001270,EMR-MOCK-0001270,MOCK-3734-19730317-1270,Rani Halim,Perempuan,1973-03-17 00:00:00,A,Belum Menikah,"Jl. Dahlia No. 153, Duren Sawit",Jakarta Timur,DKI Jakarta,+62 858-6485-1270,rani.maulana.1270@example.invalid,BPJS Kesehatan,17-Jul-2025,Ya,Aktif
PAT-MOCK-0001271,EMR-MOCK-0001271,MOCK-1623-20021025-1271,Citra Saputra,Perempuan,2002-10-25 00:00:00,O,Belum Menikah,"Jl. Cendana No. 144, Beji",Depok,Jawa Barat,+62 810-9660-1271,citra.utama.1271@example.invalid,Asuransi Perusahaan,13-Mar-2025,Ya,Aktif
PAT-MOCK-0001272,EMR-MOCK-0001272,MOCK-4222-19671224-1272,Sari Purnama,Perempuan,1967-12-24 00:00:00,A,Menikah,"Jl. Kenanga No. 45, Serpong",Tangerang Selatan,Banten,+62 853-6940-1272,sari.purnama.1272@example.invalid,Pribadi,10-Jan-2024,Ya,Aktif
PAT-MOCK-0001273,EMR-MOCK-0001273,MOCK-2464-19750214-1273,Aisyah Siregar,Perempuan,1975-02-14 00:00:00,A,Cerai Mati,"Jl. Cendana No. 44, Kebayoran Baru",Jakarta Selatan,DKI Jakarta,+62 856-1030-1273,aisyah.siregar.1273@example.invalid,BPJS Kesehatan,01-Dec-2025,Ya,Aktif
PAT-MOCK-0001274,EMR-MOCK-0001274,MOCK-7755-20150909-1274,Bima Pratama,Laki-laki,2015-09-09 00:00:00,B,Cerai Hidup,"Jl. Dahlia No. 177, Kebon Jeruk",Jakarta Barat,DKI Jakarta,+62 821-4095-1274,bima.nasution.1274@example.invalid,BPJS Kesehatan,26-Feb-2022,Ya,Aktif
PAT-MOCK-0001275,EMR-MOCK-0001275,MOCK-6809-19620408-1275,Rani Gunawan,Perempuan,1962-04-08 00:00:00,AB,Cerai Mati,"Jl. Merpati No. 31, Wonokromo",Surabaya,Jawa Timur,+62 895-3289-1275,rani.simanjuntak.1275@example.invalid,Corporate Guarantee,10-Jun-2025,Tidak,Aktif
PAT-MOCK-0001276,EMR-MOCK-0001276,MOCK-3822-19870408-1276,Aditya Maulana,Laki-laki,1987-04-08 00:00:00,A,Cerai Mati,"Jl. Flamboyan No. 107, Coblong",Bandung,Jawa Barat,+62 862-2863-1276,aditya.halim.1276@example.invalid,Asuransi Perusahaan,11-Mar-2020,Tidak,Aktif
PAT-MOCK-0001277,EMR-MOCK-0001277,MOCK-9877-19810420-1277,Dimas Siregar,Laki-laki,1981-04-20 00:00:00,B,Belum Menikah,"Jl. Merpati No. 141, Ilir Barat I",Palembang,Sumatera Selatan,+62 895-2170-1277,dimas.gunawan.1277@example.invalid,Pribadi,17-Oct-2025,Ya,Aktif
PAT-MOCK-0001278,EMR-MOCK-0001278,MOCK-6429-19700623-1278,Aulia Wijaya,Perempuan,1970-06-23 00:00:00,O,Menikah,"Jl. Flamboyan No. 111, Bekasi Selatan",Bekasi,Jawa Barat,+62 841-3143-1278,aulia.hartono.1278@example.invalid,Asuransi Perusahaan,16-Sep-2023,Tidak,Aktif
PAT-MOCK-0001279,EMR-MOCK-0001279,MOCK-2800-19820412-1279,Fitri Hidayat,Perempuan,1982-04-12 00:00:00,A,Menikah,"Jl. Dahlia No. 165, Bekasi Selatan",Bekasi,Jawa Barat,+62 871-3175-1279,fitri.lesmana.1279@example.invalid,BPJS Kesehatan,18-Mar-2023,Tidak,Tidak Aktif
PAT-MOCK-0001280,EMR-MOCK-0001280,MOCK-9103-19490909-1280,Lestari Hidayat,Perempuan,1949-09-09 00:00:00,AB,Menikah,"Jl. Kenanga No. 170, Banyumanik",Semarang,Jawa Tengah,+62 842-3924-1280,lestari.pratama.1280@example.invalid,Asuransi Perusahaan,28-Jul-2021,Tidak,Aktif
PAT-MOCK-0001281,EMR-MOCK-0001281,MOCK-3484-20221020-1281,Irfan Nugraha,Laki-laki,2022-10-20 00:00:00,B,Cerai Mati,"Jl. Mawar No. 17, Beji",Depok,Jawa Barat,+62 825-5264-1281,irfan.saputra.1281@example.invalid,BPJS Kesehatan,21-Oct-2022,Ya,Tidak Aktif
PAT-MOCK-0001282,EMR-MOCK-0001282,MOCK-4129-19501213-1282,Aisyah Gunawan,Perempuan,1950-12-13 00:00:00,Belum diperiksa,Cerai Hidup,"Jl. Cemara No. 85, Beji",Depok,Jawa Barat,+62 836-4403-1282,aisyah.wijaya.1282@example.invalid,Pribadi,18-Feb-2023,Ya,Aktif
PAT-MOCK-0001283,EMR-MOCK-0001283,MOCK-2596-20110316-1283,Eko Pratama,Laki-laki,2011-03-16 00:00:00,A,Cerai Hidup,"Jl. Melati No. 107, Wonokromo",Surabaya,Jawa Timur,+62 814-5388-1283,eko.santoso.1283@example.invalid,Corporate Guarantee,25-Nov-2019,Ya,Aktif
PAT-MOCK-0001284,EMR-MOCK-0001284,MOCK-6642-20180702-1284,Amelia Lesmana,Perempuan,2018-07-02 00:00:00,AB,Menikah,"Jl. Melati No. 138, Kebayoran Baru",Jakarta Selatan,DKI Jakarta,+62 881-4010-1284,amelia.hidayat.1284@example.invalid,Asuransi Swasta,21-Sep-2019,Ya,Aktif
PAT-MOCK-0001285,EMR-MOCK-0001285,MOCK-9174-19750906-1285,Bagas Wijaya,Laki-laki,1975-09-06 00:00:00,B,Menikah,"Jl. Dahlia No. 161, Denpasar Selatan",Denpasar,Bali,+62 867-7472-1285,bagas.nugraha.1285@example.invalid,Asuransi Perusahaan,14-Jan-2026,Tidak,Aktif
PAT-MOCK-0001286,EMR-MOCK-0001286,MOCK-7578-20090825-1286,Rani Pratama,Perempuan,2009-08-25 00:00:00,A,Belum Menikah,"Jl. Cendana No. 68, Ilir Barat I",Palembang,Sumatera Selatan,+62 877-3640-1286,rani.kusuma.1286@example.invalid,BPJS Kesehatan,03-Feb-2018,Ya,Aktif
PAT-MOCK-0001287,EMR-MOCK-0001287,MOCK-7713-19590216-1287,Rizky Saputra,Laki-laki,1959-02-16 00:00:00,B,Cerai Mati,"Jl. Merpati No. 178, Serpong",Tangerang Selatan,Banten,+62 829-7656-1287,rizky.setiawan.1287@example.invalid,Asuransi Swasta,13-Feb-2019,Ya,Aktif
PAT-MOCK-0001288,EMR-MOCK-0001288,MOCK-7651-19610621-1288,Andi Halim,Laki-laki,1961-06-21 00:00:00,O,Cerai Hidup,"Jl. Flamboyan No. 19, Denpasar Selatan",Denpasar,Bali,+62 850-8373-1288,andi.permana.1288@example.invalid,Corporate Guarantee,15-Sep-2020,Ya,Aktif
PAT-MOCK-0001289,EMR-MOCK-0001289,MOCK-4458-19821007-1289,Tiara Maulana,Perempuan,1982-10-07 00:00:00,AB,Cerai Hidup,"Jl. Melati No. 50, Banyumanik",Semarang,Jawa Tengah,+62 857-7435-1289,tiara.ramadhan.1289@example.invalid,BPJS Kesehatan,18-Apr-2023,Ya,Aktif
PAT-MOCK-0001290,EMR-MOCK-0001290,MOCK-8126-19811014-1290,Galang Pratama,Laki-laki,1981-10-14 00:00:00,A,Belum Menikah,"Jl. Anggrek No. 82, Serpong",Tangerang Selatan,Banten,+62 899-7731-1290,galang.maulana.1290@example.invalid,Asuransi Perusahaan,09-Nov-2019,Ya,Aktif
PAT-MOCK-0001291,EMR-MOCK-0001291,MOCK-8177-19681016-1291,Wulan Maulana,Perempuan,1968-10-16 00:00:00,O,Menikah,"Jl. Cemara No. 18, Beji",Depok,Jawa Barat,+62 842-9594-1291,wulan.utama.1291@example.invalid,Asuransi Swasta,27-Feb-2018,Tidak,Aktif
PAT-MOCK-0001292,EMR-MOCK-0001292,MOCK-8141-19631112-1292,Raka Permana,Laki-laki,1963-11-12 00:00:00,Belum diperiksa,Cerai Hidup,"Jl. Merpati No. 6, Wonokromo",Surabaya,Jawa Timur,+62 830-1532-1292,raka.purnama.1292@example.invalid,Corporate Guarantee,04-Jul-2024,Ya,Aktif
PAT-MOCK-0001293,EMR-MOCK-0001293,MOCK-9262-19690126-1293,Dimas Siregar,Laki-laki,1969-01-26 00:00:00,O,Cerai Hidup,"Jl. Rajawali No. 8, Wonokromo",Surabaya,Jawa Timur,+62 893-9277-1293,dimas.siregar.1293@example.invalid,Asuransi Swasta,12-Jul-2021,Ya,Aktif
PAT-MOCK-0001294,EMR-MOCK-0001294,MOCK-7034-19970524-1294,Putri Purnama,Perempuan,1997-05-24 00:00:00,AB,Belum Menikah,"Jl. Kenanga No. 25, Medan Baru",Medan,Sumatera Utara,+62 859-7472-1294,putri.nasution.1294@example.invalid,BPJS Kesehatan,24-May-2022,Ya,Aktif
PAT-MOCK-0001295,EMR-MOCK-0001295,MOCK-9470-19490421-1295,Farhan Nugraha,Laki-laki,1949-04-21 00:00:00,A,Cerai Mati,"Jl. Mawar No. 13, Panakkukang",Makassar,Sulawesi Selatan,+62 873-1105-1295,farhan.simanjuntak.1295@example.invalid,Corporate Guarantee,19-Jul-2026,Tidak,Aktif
PAT-MOCK-0001296,EMR-MOCK-0001296,MOCK-8281-19640221-1296,Tiara Setiawan,Perempuan,1964-02-21 00:00:00,A,Cerai Hidup,"Jl. Kenanga No. 36, Serpong",Tangerang Selatan,Banten,+62 864-5529-1296,tiara.halim.1296@example.invalid,BPJS Kesehatan,20-Oct-2025,Tidak,Aktif
PAT-MOCK-0001297,EMR-MOCK-0001297,MOCK-8939-19940120-1297,Lestari Siregar,Perempuan,1994-01-20 00:00:00,O,Cerai Mati,"Jl. Merpati No. 139, Denpasar Selatan",Denpasar,Bali,+62 884-5494-1297,lestari.gunawan.1297@example.invalid,Corporate Guarantee,04-Dec-2024,Ya,Aktif
PAT-MOCK-0001298,EMR-MOCK-0001298,MOCK-1860-20220430-1298,Rani Nugraha,Perempuan,2022-04-30 00:00:00,B,Menikah,"Jl. Anggrek No. 52, Banyumanik",Semarang,Jawa Tengah,+62 872-1814-1298,rani.hartono.1298@example.invalid,Asuransi Swasta,01-May-2022,Ya,Aktif
PAT-MOCK-0001299,EMR-MOCK-0001299,MOCK-2101-19810203-1299,Yoga Utama,Laki-laki,1981-02-03 00:00:00,O,Menikah,"Jl. Rajawali No. 79, Bekasi Selatan",Bekasi,Jawa Barat,+62 894-8538-1299,yoga.lesmana.1299@example.invalid,BPJS Kesehatan,21-Aug-2021,Ya,Aktif
PAT-MOCK-0001300,EMR-MOCK-0001300,MOCK-3032-19490508-1300,Arif Ramadhan,Laki-laki,1949-05-08 00:00:00,B,Menikah,"Jl. Mawar No. 156, Duren Sawit",Jakarta Timur,DKI Jakarta,+62 892-3915-1300,arif.pratama.1300@example.invalid,Asuransi Swasta,23-Jun-2023,Ya,Aktif
PAT-MOCK-0001301,EMR-MOCK-0001301,MOCK-7573-19910512-1301,Dimas Ramadhan,Laki-laki,1991-05-12 00:00:00,O,Menikah,"Jl. Kenanga No. 43, Medan Baru",Medan,Sumatera Utara,+62 818-6595-1301,dimas.saputra.1301@example.invalid,Pribadi,29-Aug-2024,Ya,Aktif
PAT-MOCK-0001302,EMR-MOCK-0001302,MOCK-5659-19920604-1302,Danu Halim,Laki-laki,1992-06-04 00:00:00,AB,Menikah,"Jl. Melati No. 66, Banyumanik",Semarang,Jawa Tengah,+62 865-2001-1302,danu.wijaya.1302@example.invalid,Asuransi Perusahaan,17-Jun-2026,Ya,Aktif
PAT-MOCK-0001303,EMR-MOCK-0001303,MOCK-2114-20070709-1303,Nadia Gunawan,Perempuan,2007-07-09 00:00:00,B,Cerai Hidup,"Jl. Mawar No. 163, Coblong",Bandung,Jawa Barat,+62 845-5812-1303,nadia.santoso.1303@example.invalid,Asuransi Swasta,21-Oct-2025,Ya,Aktif
PAT-MOCK-0001304,EMR-MOCK-0001304,MOCK-9582-19780403-1304,Wulan Purnama,Perempuan,1978-04-03 00:00:00,A,Menikah,"Jl. Rajawali No. 55, Kebayoran Baru",Jakarta Selatan,DKI Jakarta,+62 830-2182-1304,wulan.hidayat.1304@example.invalid,Corporate Guarantee,19-Sep-2023,Ya,Aktif
PAT-MOCK-0001305,EMR-MOCK-0001305,MOCK-8176-19980622-1305,Galang Gunawan,Laki-laki,1998-06-22 00:00:00,O,Cerai Hidup,"Jl. Rajawali No. 66, Wonokromo",Surabaya,Jawa Timur,+62 872-3151-1305,galang.nugraha.1305@example.invalid,BPJS Kesehatan,25-Jul-2022,Ya,Aktif
PAT-MOCK-0001306,EMR-MOCK-0001306,MOCK-9634-20200612-1306,Aisyah Halim,Perempuan,2020-06-12 00:00:00,Belum diperiksa,Cerai Hidup,"Jl. Anggrek No. 105, Kebon Jeruk",Jakarta Barat,DKI Jakarta,+62 839-2177-1306,aisyah.kusuma.1306@example.invalid,Asuransi Swasta,27-Feb-2023,Tidak,Aktif
PAT-MOCK-0001307,EMR-MOCK-0001307,MOCK-5441-19920228-1307,Sari Halim,Perempuan,1992-02-28 00:00:00,B,Belum Menikah,"Jl. Rajawali No. 3, Bekasi Selatan",Bekasi,Jawa Barat,+62 850-9807-1307,sari.setiawan.1307@example.invalid,Asuransi Swasta,05-Feb-2026,Ya,Aktif
PAT-MOCK-0001308,EMR-MOCK-0001308,MOCK-2462-19750304-1308,Danu Gunawan,Laki-laki,1975-03-04 00:00:00,O,Menikah,"Jl. Dahlia No. 155, Ilir Barat I",Palembang,Sumatera Selatan,+62 876-3863-1308,danu.permana.1308@example.invalid,Corporate Guarantee,08-Jun-2018,Ya,Aktif
PAT-MOCK-0001309,EMR-MOCK-0001309,MOCK-3810-19590416-1309,Danu Siregar,Laki-laki,1959-04-16 00:00:00,O,Cerai Hidup,"Jl. Anggrek No. 133, Serpong",Tangerang Selatan,Banten,+62 823-8709-1309,danu.ramadhan.1309@example.invalid,Asuransi Perusahaan,18-Jul-2024,Ya,Aktif
PAT-MOCK-0001310,EMR-MOCK-0001310,MOCK-1801-19970110-1310,Andi Siregar,Laki-laki,1997-01-10 00:00:00,O,Cerai Hidup,"Jl. Cemara No. 147, Kebayoran Baru",Jakarta Selatan,DKI Jakarta,+62 848-8405-1310,andi.maulana.1310@example.invalid,Asuransi Swasta,12-Feb-2019,Ya,Aktif
PAT-MOCK-0001311,EMR-MOCK-0001311,MOCK-1145-19800309-1311,Kartika Ramadhan,Perempuan,1980-03-09 00:00:00,B,Cerai Hidup,"Jl. Dahlia No. 113, Karawaci",Tangerang,Banten,+62 849-5282-1311,kartika.utama.1311@example.invalid,Corporate Guarantee,16-Feb-2024,Ya,Aktif
PAT-MOCK-0001312,EMR-MOCK-0001312,MOCK-6896-19520816-1312,Tiara Nugraha,Perempuan,1952-08-16 00:00:00,A,Belum Menikah,"Jl. Cendana No. 98, Coblong",Bandung,Jawa Barat,+62 856-1506-1312,tiara.purnama.1312@example.invalid,Asuransi Perusahaan,09-Aug-2025,Ya,Aktif
PAT-MOCK-0001313,EMR-MOCK-0001313,MOCK-4358-19800215-1313,Lestari Lesmana,Perempuan,1980-02-15 00:00:00,B,Cerai Mati,"Jl. Merpati No. 88, Bogor Tengah",Bogor,Jawa Barat,+62 891-8862-1313,lestari.siregar.1313@example.invalid,Asuransi Swasta,06-Apr-2026,Ya,Aktif
PAT-MOCK-0001314,EMR-MOCK-0001314,MOCK-5202-19540109-1314,Danu Maulana,Laki-laki,1954-01-09 00:00:00,O,Menikah,"Jl. Mawar No. 148, Medan Baru",Medan,Sumatera Utara,+62 851-8644-1314,danu.nasution.1314@example.invalid,Asuransi Perusahaan,13-Nov-2025,Ya,Aktif
PAT-MOCK-0001315,EMR-MOCK-0001315,MOCK-4485-19680420-1315,Rangga Wijaya,Laki-laki,1968-04-20 00:00:00,A,Belum Menikah,"Jl. Rajawali No. 58, Denpasar Selatan",Denpasar,Bali,+62 888-3936-1315,rangga.simanjuntak.1315@example.invalid,Asuransi Swasta,16-Jun-2026,Ya,Tidak Aktif
PAT-MOCK-0001316,EMR-MOCK-0001316,MOCK-8489-19630809-1316,Nabila Saputra,Perempuan,1963-08-09 00:00:00,A,Menikah,"Jl. Flamboyan No. 172, Beji",Depok,Jawa Barat,+62 834-4665-1316,nabila.halim.1316@example.invalid,Pribadi,27-Sep-2023,Ya,Aktif
PAT-MOCK-0001317,EMR-MOCK-0001317,MOCK-2905-19890418-1317,Dewi Siregar,Perempuan,1989-04-18 00:00:00,B,Cerai Mati,"Jl. Mawar No. 54, Kebayoran Baru",Jakarta Selatan,DKI Jakarta,+62 850-2040-1317,dewi.gunawan.1317@example.invalid,BPJS Kesehatan,03-Aug-2022,Ya,Aktif
PAT-MOCK-0001318,EMR-MOCK-0001318,MOCK-9962-19590529-1318,Nabila Siregar,Perempuan,1959-05-29 00:00:00,A,Cerai Mati,"Jl. Dahlia No. 94, Bekasi Selatan",Bekasi,Jawa Barat,+62 890-9480-1318,nabila.hartono.1318@example.invalid,Pribadi,06-May-2026,Ya,Aktif
PAT-MOCK-0001319,EMR-MOCK-0001319,MOCK-5128-19680125-1319,Nadia Pratama,Perempuan,1968-01-25 00:00:00,B,Cerai Mati,"Jl. Mawar No. 109, Bogor Tengah",Bogor,Jawa Barat,+62 890-3485-1319,nadia.lesmana.1319@example.invalid,BPJS Kesehatan,17-Aug-2022,Tidak,Aktif
PAT-MOCK-0001320,EMR-MOCK-0001320,MOCK-4928-19551105-1320,Eko Maulana,Laki-laki,1955-11-05 00:00:00,O,Cerai Hidup,"Jl. Cendana No. 77, Coblong",Bandung,Jawa Barat,+62 853-8734-1320,eko.pratama.1320@example.invalid,Asuransi Perusahaan,06-Jan-2025,Ya,Tidak Aktif
PAT-MOCK-0001321,EMR-MOCK-0001321,MOCK-6775-19880718-1321,Yoga Hartono,Laki-laki,1988-07-18 00:00:00,O,Belum Menikah,"Jl. Anggrek No. 79, Medan Baru",Medan,Sumatera Utara,+62 862-7454-1321,yoga.saputra.1321@example.invalid,Asuransi Perusahaan,21-Oct-2019,Ya,Aktif
PAT-MOCK-0001322,EMR-MOCK-0001322,MOCK-7346-19510324-1322,Arya Nugraha,Laki-laki,1951-03-24 00:00:00,B,Cerai Mati,"Jl. Anggrek No. 39, Coblong",Bandung,Jawa Barat,+62 875-3419-1322,arya.wijaya.1322@example.invalid,Asuransi Perusahaan,10-Mar-2024,Ya,Aktif
PAT-MOCK-0001323,EMR-MOCK-0001323,MOCK-1199-19580325-1323,Eko Setiawan,Laki-laki,1958-03-25 00:00:00,O,Menikah,"Jl. Merpati No. 166, Duren Sawit",Jakarta Timur,DKI Jakarta,+62 817-8895-1323,eko.santoso.1323@example.invalid,BPJS Kesehatan,13-Apr-2025,Tidak,Aktif
PAT-MOCK-0001324,EMR-MOCK-0001324,MOCK-8944-20170420-1324,Raka Halim,Laki-laki,2017-04-20 00:00:00,O,Cerai Hidup,"Jl. Rajawali No. 176, Coblong",Bandung,Jawa Barat,+62 888-3048-1324,raka.hidayat.1324@example.invalid,Asuransi Perusahaan,13-Aug-2019,Ya,Aktif
PAT-MOCK-0001325,EMR-MOCK-0001325,MOCK-7575-19951205-1325,Yoga Pratama,Laki-laki,1995-12-05 00:00:00,A,Menikah,"Jl. Merpati No. 22, Duren Sawit",Jakarta Timur,DKI Jakarta,+62 855-8964-1325,yoga.nugraha.1325@example.invalid,Asuransi Perusahaan,11-Jun-2024,Tidak,Aktif
PAT-MOCK-0001326,EMR-MOCK-0001326,MOCK-4330-20080214-1326,Dinda Halim,Perempuan,2008-02-14 00:00:00,O,Cerai Mati,"Jl. Cemara No. 63, Karawaci",Tangerang,Banten,+62 837-5234-1326,dinda.kusuma.1326@example.invalid,Asuransi Perusahaan,10-Jun-2021,Ya,Aktif
PAT-MOCK-0001327,EMR-MOCK-0001327,MOCK-8760-20160527-1327,Joko Lesmana,Laki-laki,2016-05-27 00:00:00,A,Cerai Hidup,"Jl. Cemara No. 172, Kebayoran Baru",Jakarta Selatan,DKI Jakarta,+62 864-8659-1327,joko.setiawan.1327@example.invalid,Asuransi Perusahaan,07-Jul-2024,Ya,Aktif
PAT-MOCK-0001328,EMR-MOCK-0001328,MOCK-2549-19511219-1328,Farhan Kusuma,Laki-laki,1951-12-19 00:00:00,O,Cerai Hidup,"Jl. Flamboyan No. 69, Duren Sawit",Jakarta Timur,DKI Jakarta,+62 826-6777-1328,farhan.permana.1328@example.invalid,Pribadi,01-Nov-2021,Ya,Aktif
PAT-MOCK-0001329,EMR-MOCK-0001329,MOCK-5903-19620504-1329,Arya Hartono,Laki-laki,1962-05-04 00:00:00,AB,Cerai Mati,"Jl. Mawar No. 129, Wonokromo",Surabaya,Jawa Timur,+62 883-4548-1329,arya.ramadhan.1329@example.invalid,Corporate Guarantee,29-Mar-2022,Tidak,Aktif
PAT-MOCK-0001330,EMR-MOCK-0001330,MOCK-5416-19710412-1330,Rangga Halim,Laki-laki,1971-04-12 00:00:00,A,Cerai Mati,"Jl. Kenanga No. 58, Karawaci",Tangerang,Banten,+62 833-7696-1330,rangga.maulana.1330@example.invalid,Corporate Guarantee,23-Feb-2026,Ya,Aktif
PAT-MOCK-0001331,EMR-MOCK-0001331,MOCK-4678-20120222-1331,Irfan Simanjuntak,Laki-laki,2012-02-22 00:00:00,O,Menikah,"Jl. Cendana No. 131, Kebon Jeruk",Jakarta Barat,DKI Jakarta,+62 858-6904-1331,irfan.utama.1331@example.invalid,Pribadi,11-Aug-2026,Ya,Aktif
PAT-MOCK-0001332,EMR-MOCK-0001332,MOCK-3411-19880519-1332,Putri Siregar,Perempuan,1988-05-19 00:00:00,A,Menikah,"Jl. Cendana No. 18, Medan Baru",Medan,Sumatera Utara,+62 849-4382-1332,putri.purnama.1332@example.invalid,Pribadi,27-Jan-2022,Ya,Aktif
PAT-MOCK-0001333,EMR-MOCK-0001333,MOCK-3712-19551105-1333,Aisyah Utama,Perempuan,1955-11-05 00:00:00,A,Menikah,"Jl. Kenanga No. 45, Kebon Jeruk",Jakarta Barat,DKI Jakarta,+62 817-7763-1333,aisyah.siregar.1333@example.invalid,Corporate Guarantee,06-Aug-2026,Tidak,Aktif
PAT-MOCK-0001334,EMR-MOCK-0001334,MOCK-8236-20200416-1334,Maya Nasution,Perempuan,2020-04-16 00:00:00,A,Belum Menikah,"Jl. Merpati No. 124, Karawaci",Tangerang,Banten,+62 848-8405-1334,maya.nasution.1334@example.invalid,Pribadi,17-Apr-2020,Tidak,Aktif
PAT-MOCK-0001335,EMR-MOCK-0001335,MOCK-5717-19731106-1335,Aulia Kusuma,Perempuan,1973-11-06 00:00:00,A,Belum Menikah,"Jl. Melati No. 80, Panakkukang",Makassar,Sulawesi Selatan,+62 823-5333-1335,aulia.simanjuntak.1335@example.invalid,Asuransi Swasta,18-Sep-2019,Ya,Aktif
PAT-MOCK-0001336,EMR-MOCK-0001336,MOCK-6362-20200528-1336,Dimas Permana,Laki-laki,2020-05-28 00:00:00,A,Cerai Hidup,"Jl. Mawar No. 81, Bogor Tengah",Bogor,Jawa Barat,+62 883-8006-1336,dimas.halim.1336@example.invalid,Asuransi Perusahaan,15-Jul-2023,Tidak,Aktif
PAT-MOCK-0001337,EMR-MOCK-0001337,MOCK-3608-20080825-1337,Intan Hidayat,Perempuan,2008-08-25 00:00:00,O,Cerai Mati,"Jl. Melati No. 113, Duren Sawit",Jakarta Timur,DKI Jakarta,+62 843-3931-1337,intan.gunawan.1337@example.invalid,BPJS Kesehatan,22-May-2026,Ya,Aktif
PAT-MOCK-0001338,EMR-MOCK-0001338,MOCK-9004-20060110-1338,Joko Pratama,Laki-laki,2006-01-10 00:00:00,A,Menikah,"Jl. Cemara No. 145, Kebayoran Baru",Jakarta Selatan,DKI Jakarta,+62 885-4672-1338,joko.hartono.1338@example.invalid,Corporate Guarantee,04-Mar-2020,Ya,Aktif
PAT-MOCK-0001339,EMR-MOCK-0001339,MOCK-7747-20080406-1339,Fajar Gunawan,Laki-laki,2008-04-06 00:00:00,AB,Belum Menikah,"Jl. Merpati No. 124, Beji",Depok,Jawa Barat,+62 897-1861-1339,fajar.lesmana.1339@example.invalid,BPJS Kesehatan,09-Feb-2021,Ya,Aktif
PAT-MOCK-0001340,EMR-MOCK-0001340,MOCK-1776-19940520-1340,Dinda Utama,Perempuan,1994-05-20 00:00:00,AB,Belum Menikah,"Jl. Cemara No. 67, Bogor Tengah",Bogor,Jawa Barat,+62 876-8094-1340,dinda.pratama.1340@example.invalid,Corporate Guarantee,12-Jan-2019,Ya,Aktif
PAT-MOCK-0001341,EMR-MOCK-0001341,MOCK-6516-19530403-1341,Arif Santoso,Laki-laki,1953-04-03 00:00:00,A,Belum Menikah,"Jl. Dahlia No. 99, Serpong",Tangerang Selatan,Banten,+62 810-9445-1341,arif.saputra.1341@example.invalid,Pribadi,03-Dec-2025,Ya,Aktif
PAT-MOCK-0001342,EMR-MOCK-0001342,MOCK-3538-19991113-1342,Raka Siregar,Laki-laki,1999-11-13 00:00:00,B,Cerai Mati,"Jl. Mawar No. 147, Beji",Depok,Jawa Barat,+62 877-6885-1342,raka.wijaya.1342@example.invalid,Asuransi Perusahaan,07-Oct-2022,Ya,Aktif
PAT-MOCK-0001343,EMR-MOCK-0001343,MOCK-6389-19810129-1343,Irfan Permana,Laki-laki,1981-01-29 00:00:00,O,Menikah,"Jl. Anggrek No. 87, Serpong",Tangerang Selatan,Banten,+62 887-1807-1343,irfan.santoso.1343@example.invalid,Asuransi Perusahaan,03-Jul-2019,Ya,Tidak Aktif
PAT-MOCK-0001344,EMR-MOCK-0001344,MOCK-6212-19611122-1344,Dinda Purnama,Perempuan,1961-11-22 00:00:00,A,Menikah,"Jl. Cemara No. 119, Serpong",Tangerang Selatan,Banten,+62 895-8234-1344,dinda.hidayat.1344@example.invalid,Asuransi Perusahaan,19-Nov-2023,Ya,Aktif
PAT-MOCK-0001345,EMR-MOCK-0001345,MOCK-3203-19510306-1345,Tiara Halim,Perempuan,1951-03-06 00:00:00,AB,Cerai Mati,"Jl. Melati No. 87, Ilir Barat I",Palembang,Sumatera Selatan,+62 834-9653-1345,tiara.nugraha.1345@example.invalid,Corporate Guarantee,06-Sep-2025,Ya,Aktif
PAT-MOCK-0001346,EMR-MOCK-0001346,MOCK-2960-19670516-1346,Sekar Ramadhan,Perempuan,1967-05-16 00:00:00,O,Cerai Mati,"Jl. Flamboyan No. 20, Beji",Depok,Jawa Barat,+62 856-4110-1346,sekar.kusuma.1346@example.invalid,Asuransi Perusahaan,10-Aug-2025,Ya,Aktif
PAT-MOCK-0001347,EMR-MOCK-0001347,MOCK-6873-19500906-1347,Putri Permana,Perempuan,1950-09-06 00:00:00,B,Belum Menikah,"Jl. Kenanga No. 76, Coblong",Bandung,Jawa Barat,+62 810-7502-1347,putri.setiawan.1347@example.invalid,BPJS Kesehatan,10-May-2025,Ya,Aktif
PAT-MOCK-0001348,EMR-MOCK-0001348,MOCK-8261-19960829-1348,Anindya Halim,Perempuan,1996-08-29 00:00:00,A,Belum Menikah,"Jl. Mawar No. 23, Panakkukang",Makassar,Sulawesi Selatan,+62 834-4630-1348,anindya.permana.1348@example.invalid,Asuransi Perusahaan,19-Aug-2026,Ya,Aktif
PAT-MOCK-0001349,EMR-MOCK-0001349,MOCK-1138-19500128-1349,Raka Hartono,Laki-laki,1950-01-28 00:00:00,O,Belum Menikah,"Jl. Cendana No. 112, Panakkukang",Makassar,Sulawesi Selatan,+62 873-8165-1349,raka.ramadhan.1349@example.invalid,Pribadi,03-Sep-2025,Ya,Aktif
PAT-MOCK-0001350,EMR-MOCK-0001350,MOCK-3365-20050222-1350,Fitri Gunawan,Perempuan,2005-02-22 00:00:00,O,Menikah,"Jl. Flamboyan No. 87, Serpong",Tangerang Selatan,Banten,+62 813-8181-1350,fitri.maulana.1350@example.invalid,Asuransi Perusahaan,05-Jun-2019,Ya,Aktif
PAT-MOCK-0001351,EMR-MOCK-0001351,MOCK-3953-20041019-1351,Aditya Permana,Laki-laki,2004-10-19 00:00:00,AB,Menikah,"Jl. Dahlia No. 99, Denpasar Selatan",Denpasar,Bali,+62 889-2051-1351,aditya.utama.1351@example.invalid,Pribadi,19-Nov-2024,Ya,Aktif
PAT-MOCK-0001352,EMR-MOCK-0001352,MOCK-6838-19840925-1352,Sekar Purnama,Perempuan,1984-09-25 00:00:00,B,Cerai Mati,"Jl. Merpati No. 113, Denpasar Selatan",Denpasar,Bali,+62 898-8939-1352,sekar.purnama.1352@example.invalid,BPJS Kesehatan,05-Jan-2023,Ya,Aktif
PAT-MOCK-0001353,EMR-MOCK-0001353,MOCK-3385-20060617-1353,Joko Hartono,Laki-laki,2006-06-17 00:00:00,B,Cerai Mati,"Jl. Mawar No. 139, Denpasar Selatan",Denpasar,Bali,+62 893-1696-1353,joko.siregar.1353@example.invalid,Corporate Guarantee,01-May-2022,Ya,Aktif
PAT-MOCK-0001354,EMR-MOCK-0001354,MOCK-5140-19620822-1354,Kartika Halim,Perempuan,1962-08-22 00:00:00,B,Cerai Mati,"Jl. Melati No. 124, Bogor Tengah",Bogor,Jawa Barat,+62 890-7392-1354,kartika.nasution.1354@example.invalid,Corporate Guarantee,06-May-2021,Ya,Aktif
PAT-MOCK-0001355,EMR-MOCK-0001355,MOCK-5944-20070702-1355,Intan Kusuma,Perempuan,2007-07-02 00:00:00,O,Menikah,"Jl. Cemara No. 60, Serpong",Tangerang Selatan,Banten,+62 869-7570-1355,intan.simanjuntak.1355@example.invalid,Asuransi Swasta,18-Jan-2022,Ya,Aktif
PAT-MOCK-0001356,EMR-MOCK-0001356,MOCK-2154-20080625-1356,Lestari Hartono,Perempuan,2008-06-25 00:00:00,O,Cerai Mati,"Jl. Mawar No. 147, Banyumanik",Semarang,Jawa Tengah,+62 821-2510-1356,lestari.halim.1356@example.invalid,Pribadi,12-Feb-2020,Tidak,Aktif
PAT-MOCK-0001357,EMR-MOCK-0001357,MOCK-2030-19470306-1357,Bagas Ramadhan,Laki-laki,1947-03-06 00:00:00,B,Cerai Mati,"Jl. Merpati No. 49, Kebon Jeruk",Jakarta Barat,DKI Jakarta,+62 875-4874-1357,bagas.gunawan.1357@example.invalid,Asuransi Perusahaan,18-Nov-2020,Ya,Aktif
PAT-MOCK-0001358,EMR-MOCK-0001358,MOCK-2153-19520101-1358,Aulia Hartono,Perempuan,1952-01-01 00:00:00,AB,Cerai Hidup,"Jl. Rajawali No. 50, Wonokromo",Surabaya,Jawa Timur,+62 891-5912-1358,aulia.hartono.1358@example.invalid,Corporate Guarantee,13-Nov-2018,Ya,Aktif
PAT-MOCK-0001359,EMR-MOCK-0001359,MOCK-5148-19740202-1359,Dimas Saputra,Laki-laki,1974-02-02 00:00:00,AB,Cerai Hidup,"Jl. Cendana No. 75, Banyumanik",Semarang,Jawa Tengah,+62 884-6250-1359,dimas.lesmana.1359@example.invalid,Pribadi,11-Jan-2022,Ya,Aktif
PAT-MOCK-0001360,EMR-MOCK-0001360,MOCK-5942-19841010-1360,Joko Halim,Laki-laki,1984-10-10 00:00:00,A,Cerai Mati,"Jl. Cendana No. 27, Medan Baru",Medan,Sumatera Utara,+62 889-5169-1360,joko.pratama.1360@example.invalid,Pribadi,14-Feb-2021,Ya,Aktif
PAT-MOCK-0001361,EMR-MOCK-0001361,MOCK-5575-19751208-1361,Lestari Lesmana,Perempuan,1975-12-08 00:00:00,O,Belum Menikah,"Jl. Anggrek No. 84, Denpasar Selatan",Denpasar,Bali,+62 853-1324-1361,lestari.saputra.1361@example.invalid,Corporate Guarantee,11-Feb-2022,Ya,Aktif
PAT-MOCK-0001362,EMR-MOCK-0001362,MOCK-6466-19901226-1362,Arif Lesmana,Laki-laki,1990-12-26 00:00:00,O,Menikah,"Jl. Rajawali No. 91, Medan Baru",Medan,Sumatera Utara,+62 893-7364-1362,arif.wijaya.1362@example.invalid,Pribadi,22-Jan-2019,Tidak,Aktif
PAT-MOCK-0001363,EMR-MOCK-0001363,MOCK-6619-20210206-1363,Yoga Santoso,Laki-laki,2021-02-06 00:00:00,B,Cerai Hidup,"Jl. Melati No. 55, Wonokromo",Surabaya,Jawa Timur,+62 865-2845-1363,yoga.santoso.1363@example.invalid,Pribadi,07-Aug-2024,Ya,Aktif
PAT-MOCK-0001364,EMR-MOCK-0001364,MOCK-3627-19880114-1364,Kartika Nasution,Perempuan,1988-01-14 00:00:00,O,Belum Menikah,"Jl. Rajawali No. 87, Banyumanik",Semarang,Jawa Tengah,+62 886-8292-1364,kartika.hidayat.1364@example.invalid,Asuransi Perusahaan,28-May-2021,Ya,Aktif
PAT-MOCK-0001365,EMR-MOCK-0001365,MOCK-7008-19610505-1365,Ahmad Setiawan,Laki-laki,1961-05-05 00:00:00,B,Menikah,"Jl. Merpati No. 75, Kebon Jeruk",Jakarta Barat,DKI Jakarta,+62 833-6756-1365,ahmad.nugraha.1365@example.invalid,Corporate Guarantee,12-Jul-2020,Ya,Aktif
PAT-MOCK-0001366,EMR-MOCK-0001366,MOCK-5678-19950706-1366,Aditya Halim,Laki-laki,1995-07-06 00:00:00,A,Belum Menikah,"Jl. Merpati No. 174, Panakkukang",Makassar,Sulawesi Selatan,+62 820-4422-1366,aditya.kusuma.1366@example.invalid,Asuransi Perusahaan,18-Aug-2022,Ya,Aktif
PAT-MOCK-0001367,EMR-MOCK-0001367,MOCK-5446-19790122-1367,Anindya Ramadhan,Perempuan,1979-01-22 00:00:00,B,Cerai Mati,"Jl. Anggrek No. 102, Beji",Depok,Jawa Barat,+62 815-3398-1367,anindya.setiawan.1367@example.invalid,Asuransi Perusahaan,29-Sep-2021,Ya,Aktif
PAT-MOCK-0001368,EMR-MOCK-0001368,MOCK-2054-19870929-1368,Wulan Wijaya,Perempuan,1987-09-29 00:00:00,O,Cerai Hidup,"Jl. Dahlia No. 44, Beji",Depok,Jawa Barat,+62 883-5838-1368,wulan.permana.1368@example.invalid,BPJS Kesehatan,03-Nov-2018,Ya,Tidak Aktif
PAT-MOCK-0001369,EMR-MOCK-0001369,MOCK-5106-19720512-1369,Bima Nugraha,Laki-laki,1972-05-12 00:00:00,O,Cerai Mati,"Jl. Kenanga No. 173, Karawaci",Tangerang,Banten,+62 877-1494-1369,bima.ramadhan.1369@example.invalid,Corporate Guarantee,24-Aug-2022,Ya,Aktif
PAT-MOCK-0001370,EMR-MOCK-0001370,MOCK-4011-19680730-1370,Aisyah Halim,Perempuan,1968-07-30 00:00:00,B,Cerai Mati,"Jl. Cendana No. 60, Kebayoran Baru",Jakarta Selatan,DKI Jakarta,+62 811-5625-1370,aisyah.maulana.1370@example.invalid,Asuransi Perusahaan,27-Sep-2019,Ya,Aktif
PAT-MOCK-0001371,EMR-MOCK-0001371,MOCK-2157-20010628-1371,Raka Permana,Laki-laki,2001-06-28 00:00:00,B,Cerai Mati,"Jl. Cemara No. 127, Medan Baru",Medan,Sumatera Utara,+62 865-8605-1371,raka.utama.1371@example.invalid,Pribadi,04-Aug-2020,Ya,Aktif
PAT-MOCK-0001372,EMR-MOCK-0001372,MOCK-2741-20181127-1372,Sekar Hartono,Perempuan,2018-11-27 00:00:00,O,Menikah,"Jl. Rajawali No. 113, Kebon Jeruk",Jakarta Barat,DKI Jakarta,+62 872-4685-1372,sekar.purnama.1372@example.invalid,Corporate Guarantee,15-Jun-2021,Ya,Aktif
PAT-MOCK-0001373,EMR-MOCK-0001373,MOCK-9694-20040528-1373,Sekar Maulana,Perempuan,2004-05-28 00:00:00,AB,Belum Menikah,"Jl. Melati No. 170, Panakkukang",Makassar,Sulawesi Selatan,+62 837-7218-1373,sekar.siregar.1373@example.invalid,BPJS Kesehatan,28-Oct-2019,Ya,Aktif
PAT-MOCK-0001374,EMR-MOCK-0001374,MOCK-8746-19701003-1374,Aulia Hartono,Perempuan,1970-10-03 00:00:00,O,Cerai Mati,"Jl. Dahlia No. 148, Coblong",Bandung,Jawa Barat,+62 836-6722-1374,aulia.nasution.1374@example.invalid,Asuransi Perusahaan,10-Jul-2026,Ya,Aktif
PAT-MOCK-0001375,EMR-MOCK-0001375,MOCK-4881-19630428-1375,Galang Ramadhan,Laki-laki,1963-04-28 00:00:00,B,Cerai Hidup,"Jl. Dahlia No. 1, Coblong",Bandung,Jawa Barat,+62 849-9764-1375,galang.simanjuntak.1375@example.invalid,Asuransi Perusahaan,21-Apr-2024,Ya,Aktif
PAT-MOCK-0001376,EMR-MOCK-0001376,MOCK-7441-19830515-1376,Kartika Purnama,Perempuan,1983-05-15 00:00:00,A,Cerai Mati,"Jl. Anggrek No. 175, Ilir Barat I",Palembang,Sumatera Selatan,+62 892-1499-1376,kartika.halim.1376@example.invalid,Asuransi Perusahaan,21-May-2025,Ya,Aktif
PAT-MOCK-0001377,EMR-MOCK-0001377,MOCK-5668-19601130-1377,Yoga Nasution,Laki-laki,1960-11-30 00:00:00,B,Cerai Hidup,"Jl. Cendana No. 92, Serpong",Tangerang Selatan,Banten,+62 840-7219-1377,yoga.gunawan.1377@example.invalid,Corporate Guarantee,22-Feb-2023,Tidak,Aktif
PAT-MOCK-0001378,EMR-MOCK-0001378,MOCK-7031-19510717-1378,Fitri Hartono,Perempuan,1951-07-17 00:00:00,A,Cerai Mati,"Jl. Kenanga No. 49, Karawaci",Tangerang,Banten,+62 870-6275-1378,fitri.hartono.1378@example.invalid,BPJS Kesehatan,04-Jun-2024,Ya,Aktif
PAT-MOCK-0001379,EMR-MOCK-0001379,MOCK-1995-19620304-1379,Andi Halim,Laki-laki,1962-03-04 00:00:00,B,Menikah,"Jl. Melati No. 86, Kebayoran Baru",Jakarta Selatan,DKI Jakarta,+62 858-6777-1379,andi.lesmana.1379@example.invalid,Pribadi,15-May-2023,Ya,Aktif
PAT-MOCK-0001380,EMR-MOCK-0001380,MOCK-6069-19890203-1380,Andi Wijaya,Laki-laki,1989-02-03 00:00:00,A,Menikah,"Jl. Flamboyan No. 168, Banyumanik",Semarang,Jawa Tengah,+62 816-1297-1380,andi.pratama.1380@example.invalid,BPJS Kesehatan,18-Jul-2021,Tidak,Aktif
PAT-MOCK-0001381,EMR-MOCK-0001381,MOCK-3166-20010429-1381,Citra Setiawan,Perempuan,2001-04-29 00:00:00,O,Menikah,"Jl. Mawar No. 20, Karawaci",Tangerang,Banten,+62 867-6810-1381,citra.saputra.1381@example.invalid,Corporate Guarantee,17-Oct-2020,Ya,Aktif
PAT-MOCK-0001382,EMR-MOCK-0001382,MOCK-1208-20040930-1382,Arif Nugraha,Laki-laki,2004-09-30 00:00:00,B,Cerai Mati,"Jl. Dahlia No. 5, Coblong",Bandung,Jawa Barat,+62 818-8728-1382,arif.wijaya.1382@example.invalid,Asuransi Swasta,03-Jun-2020,Ya,Aktif
PAT-MOCK-0001383,EMR-MOCK-0001383,MOCK-8312-19601021-1383,Tiara Utama,Perempuan,1960-10-21 00:00:00,B,Cerai Hidup,"Jl. Merpati No. 138, Bekasi Selatan",Bekasi,Jawa Barat,+62 810-7524-1383,tiara.santoso.1383@example.invalid,Asuransi Swasta,27-Feb-2021,Tidak,Aktif
PAT-MOCK-0001384,EMR-MOCK-0001384,MOCK-2834-19661031-1384,Tiara Lesmana,Perempuan,1966-10-31 00:00:00,O,Belum Menikah,"Jl. Anggrek No. 165, Panakkukang",Makassar,Sulawesi Selatan,+62 823-8938-1384,tiara.hidayat.1384@example.invalid,BPJS Kesehatan,05-Oct-2021,Ya,Aktif
PAT-MOCK-0001385,EMR-MOCK-0001385,MOCK-9822-19801014-1385,Tiara Maulana,Perempuan,1980-10-14 00:00:00,O,Menikah,"Jl. Dahlia No. 112, Serpong",Tangerang Selatan,Banten,+62 858-8473-1385,tiara.nugraha.1385@example.invalid,Asuransi Swasta,10-Jun-2019,Tidak,Aktif
PAT-MOCK-0001386,EMR-MOCK-0001386,MOCK-4909-19891203-1386,Aulia Hidayat,Perempuan,1989-12-03 00:00:00,A,Cerai Hidup,"Jl. Anggrek No. 51, Beji",Depok,Jawa Barat,+62 849-4154-1386,aulia.kusuma.1386@example.invalid,Corporate Guarantee,16-Nov-2023,Tidak,Aktif
PAT-MOCK-0001387,EMR-MOCK-0001387,MOCK-8360-19870225-1387,Nabila Nugraha,Perempuan,1987-02-25 00:00:00,AB,Cerai Mati,"Jl. Mawar No. 164, Banyumanik",Semarang,Jawa Tengah,+62 825-1680-1387,nabila.setiawan.1387@example.invalid,Pribadi,17-Sep-2020,Ya,Aktif
PAT-MOCK-0001388,EMR-MOCK-0001388,MOCK-8612-19981031-1388,Amelia Saputra,Perempuan,1998-10-31 00:00:00,O,Menikah,"Jl. Anggrek No. 19, Karawaci",Tangerang,Banten,+62 813-8690-1388,amelia.permana.1388@example.invalid,BPJS Kesehatan,05-Jun-2026,Ya,Aktif
PAT-MOCK-0001389,EMR-MOCK-0001389,MOCK-2158-19671128-1389,Citra Halim,Perempuan,1967-11-28 00:00:00,O,Cerai Hidup,"Jl. Mawar No. 62, Panakkukang",Makassar,Sulawesi Selatan,+62 847-9045-1389,citra.ramadhan.1389@example.invalid,Asuransi Perusahaan,09-Jul-2019,Ya,Aktif
PAT-MOCK-0001390,EMR-MOCK-0001390,MOCK-6558-19811221-1390,Arya Gunawan,Laki-laki,1981-12-21 00:00:00,O,Menikah,"Jl. Mawar No. 51, Duren Sawit",Jakarta Timur,DKI Jakarta,+62 836-5709-1390,arya.maulana.1390@example.invalid,Corporate Guarantee,05-Jul-2018,Ya,Tidak Aktif
PAT-MOCK-0001391,EMR-MOCK-0001391,MOCK-5849-19790724-1391,Galang Hartono,Laki-laki,1979-07-24 00:00:00,AB,Menikah,"Jl. Dahlia No. 33, Kebayoran Baru",Jakarta Selatan,DKI Jakarta,+62 812-4329-1391,galang.utama.1391@example.invalid,Asuransi Swasta,20-Jan-2018,Tidak,Aktif
PAT-MOCK-0001392,EMR-MOCK-0001392,MOCK-3510-19621012-1392,Joko Permana,Laki-laki,1962-10-12 00:00:00,O,Menikah,"Jl. Melati No. 33, Denpasar Selatan",Denpasar,Bali,+62 863-7187-1392,joko.purnama.1392@example.invalid,Corporate Guarantee,22-May-2025,Ya,Aktif
PAT-MOCK-0001393,EMR-MOCK-0001393,MOCK-5587-20110909-1393,Putri Saputra,Perempuan,2011-09-09 00:00:00,A,Cerai Hidup,"Jl. Melati No. 48, Bekasi Selatan",Bekasi,Jawa Barat,+62 882-6806-1393,putri.siregar.1393@example.invalid,Asuransi Perusahaan,02-Sep-2026,Ya,Aktif
PAT-MOCK-0001394,EMR-MOCK-0001394,MOCK-4279-19850924-1394,Joko Siregar,Laki-laki,1985-09-24 00:00:00,B,Cerai Mati,"Jl. Flamboyan No. 104, Duren Sawit",Jakarta Timur,DKI Jakarta,+62 820-1425-1394,joko.nasution.1394@example.invalid,Corporate Guarantee,26-Oct-2022,Tidak,Aktif
PAT-MOCK-0001395,EMR-MOCK-0001395,MOCK-8881-20120329-1395,Aulia Nugraha,Perempuan,2012-03-29 00:00:00,A,Cerai Hidup,"Jl. Flamboyan No. 28, Ilir Barat I",Palembang,Sumatera Selatan,+62 884-3042-1395,aulia.simanjuntak.1395@example.invalid,Pribadi,23-Dec-2023,Ya,Aktif
PAT-MOCK-0001396,EMR-MOCK-0001396,MOCK-9680-19580417-1396,Tiara Setiawan,Perempuan,1958-04-17 00:00:00,B,Belum Menikah,"Jl. Rajawali No. 74, Denpasar Selatan",Denpasar,Bali,+62 841-5567-1396,tiara.halim.1396@example.invalid,Corporate Guarantee,24-Jul-2021,Ya,Aktif
PAT-MOCK-0001397,EMR-MOCK-0001397,MOCK-5390-19630223-1397,Nadia Saputra,Perempuan,1963-02-23 00:00:00,AB,Menikah,"Jl. Melati No. 53, Kebon Jeruk",Jakarta Barat,DKI Jakarta,+62 839-2459-1397,nadia.gunawan.1397@example.invalid,Pribadi,15-Feb-2022,Ya,Aktif
PAT-MOCK-0001398,EMR-MOCK-0001398,MOCK-5594-19760620-1398,Arif Gunawan,Laki-laki,1976-06-20 00:00:00,AB,Cerai Hidup,"Jl. Cemara No. 53, Serpong",Tangerang Selatan,Banten,+62 849-2861-1398,arif.hartono.1398@example.invalid,Pribadi,20-Feb-2024,Ya,Aktif
PAT-MOCK-0001399,EMR-MOCK-0001399,MOCK-5794-19690829-1399,Aditya Nasution,Laki-laki,1969-08-29 00:00:00,B,Cerai Hidup,"Jl. Mawar No. 129, Beji",Depok,Jawa Barat,+62 839-5982-1399,aditya.lesmana.1399@example.invalid,Asuransi Perusahaan,02-Sep-2024,Tidak,Aktif
PAT-MOCK-0001400,EMR-MOCK-0001400,MOCK-1701-19851030-1400,Maya Hartono,Perempuan,1985-10-30 00:00:00,AB,Cerai Mati,"Jl. Flamboyan No. 44, Panakkukang",Makassar,Sulawesi Selatan,+62 840-9636-1400,maya.pratama.1400@example.invalid,Corporate Guarantee,11-Jun-2022,Ya,Aktif
PAT-MOCK-0001401,EMR-MOCK-0001401,MOCK-1611-19740108-1401,Putri Lesmana,Perempuan,1974-01-08 00:00:00,A,Belum Menikah,"Jl. Merpati No. 76, Panakkukang",Makassar,Sulawesi Selatan,+62 834-7467-1401,putri.saputra.1401@example.invalid,Pribadi,07-Nov-2022,Ya,Aktif
PAT-MOCK-0001402,EMR-MOCK-0001402,MOCK-7412-20120129-1402,Bagas Saputra,Laki-laki,2012-01-29 00:00:00,O,Cerai Mati,"Jl. Cemara No. 155, Panakkukang",Makassar,Sulawesi Selatan,+62 825-9699-1402,bagas.wijaya.1402@example.invalid,Corporate Guarantee,05-Nov-2025,Ya,Aktif
PAT-MOCK-0001403,EMR-MOCK-0001403,MOCK-8469-19470323-1403,Aditya Purnama,Laki-laki,1947-03-23 00:00:00,A,Menikah,"Jl. Melati No. 154, Panakkukang",Makassar,Sulawesi Selatan,+62 869-3347-1403,aditya.santoso.1403@example.invalid,Asuransi Perusahaan,03-Mar-2019,Ya,Aktif
PAT-MOCK-0001404,EMR-MOCK-0001404,MOCK-1357-19970807-1404,Farhan Santoso,Laki-laki,1997-08-07 00:00:00,B,Cerai Mati,"Jl. Dahlia No. 55, Bekasi Selatan",Bekasi,Jawa Barat,+62 846-5313-1404,farhan.hidayat.1404@example.invalid,Asuransi Perusahaan,14-Feb-2018,Ya,Aktif
PAT-MOCK-0001405,EMR-MOCK-0001405,MOCK-8090-20220613-1405,Aditya Pratama,Laki-laki,2022-06-13 00:00:00,B,Cerai Hidup,"Jl. Kenanga No. 16, Serpong",Tangerang Selatan,Banten,+62 872-8702-1405,aditya.nugraha.1405@example.invalid,BPJS Kesehatan,08-Jan-2023,Ya,Aktif
PAT-MOCK-0001406,EMR-MOCK-0001406,MOCK-5498-19600718-1406,Intan Siregar,Perempuan,1960-07-18 00:00:00,B,Cerai Hidup,"Jl. Flamboyan No. 22, Denpasar Selatan",Denpasar,Bali,+62 843-7208-1406,intan.kusuma.1406@example.invalid,BPJS Kesehatan,04-Jul-2019,Tidak,Aktif
PAT-MOCK-0001407,EMR-MOCK-0001407,MOCK-1166-19450703-1407,Arif Santoso,Laki-laki,1945-07-03 00:00:00,O,Belum Menikah,"Jl. Cemara No. 61, Serpong",Tangerang Selatan,Banten,+62 835-8771-1407,arif.setiawan.1407@example.invalid,Corporate Guarantee,29-Dec-2020,Ya,Aktif
PAT-MOCK-0001408,EMR-MOCK-0001408,MOCK-9293-19730525-1408,Maya Simanjuntak,Perempuan,1973-05-25 00:00:00,A,Cerai Mati,"Jl. Merpati No. 94, Banyumanik",Semarang,Jawa Tengah,+62 841-9323-1408,maya.permana.1408@example.invalid,Asuransi Perusahaan,23-Mar-2025,Ya,Aktif
PAT-MOCK-0001409,EMR-MOCK-0001409,MOCK-5712-19661226-1409,Amelia Simanjuntak,Perempuan,1966-12-26 00:00:00,AB,Cerai Hidup,"Jl. Cemara No. 159, Coblong",Bandung,Jawa Barat,+62 839-2386-1409,amelia.ramadhan.1409@example.invalid,Asuransi Swasta,23-Aug-2026,Tidak,Aktif
PAT-MOCK-0001410,EMR-MOCK-0001410,MOCK-1852-20051018-1410,Aulia Saputra,Perempuan,2005-10-18 00:00:00,A,Cerai Mati,"Jl. Flamboyan No. 145, Panakkukang",Makassar,Sulawesi Selatan,+62 865-9474-1410,aulia.maulana.1410@example.invalid,BPJS Kesehatan,29-May-2024,Tidak,Aktif
PAT-MOCK-0001411,EMR-MOCK-0001411,MOCK-6421-19590821-1411,Aditya Lesmana,Laki-laki,1959-08-21 00:00:00,A,Menikah,"Jl. Rajawali No. 175, Denpasar Selatan",Denpasar,Bali,+62 826-6171-1411,aditya.utama.1411@example.invalid,Pribadi,26-Jan-2023,Tidak,Aktif
PAT-MOCK-0001412,EMR-MOCK-0001412,MOCK-8019-19611103-1412,Kartika Setiawan,Perempuan,1961-11-03 00:00:00,A,Cerai Hidup,"Jl. Cendana No. 148, Karawaci",Tangerang,Banten,+62 884-6867-1412,kartika.purnama.1412@example.invalid,BPJS Kesehatan,10-Aug-2020,Tidak,Aktif
PAT-MOCK-0001413,EMR-MOCK-0001413,MOCK-9199-20150202-1413,Danu Purnama,Laki-laki,2015-02-02 00:00:00,B,Cerai Mati,"Jl. Cendana No. 109, Kebon Jeruk",Jakarta Barat,DKI Jakarta,+62 830-1012-1413,danu.siregar.1413@example.invalid,Asuransi Perusahaan,03-Sep-2024,Ya,Aktif
PAT-MOCK-0001414,EMR-MOCK-0001414,MOCK-2325-19911106-1414,Rizky Lesmana,Laki-laki,1991-11-06 00:00:00,O,Cerai Hidup,"Jl. Flamboyan No. 138, Bekasi Selatan",Bekasi,Jawa Barat,+62 815-2865-1414,rizky.nasution.1414@example.invalid,Asuransi Perusahaan,28-Jul-2024,Ya,Aktif
PAT-MOCK-0001415,EMR-MOCK-0001415,MOCK-1160-19910514-1415,Nabila Pratama,Perempuan,1991-05-14 00:00:00,B,Cerai Mati,"Jl. Dahlia No. 85, Serpong",Tangerang Selatan,Banten,+62 826-1472-1415,nabila.simanjuntak.1415@example.invalid,Asuransi Swasta,07-Mar-2023,Ya,Aktif
PAT-MOCK-0001416,EMR-MOCK-0001416,MOCK-7166-19501216-1416,Dinda Santoso,Perempuan,1950-12-16 00:00:00,AB,Menikah,"Jl. Melati No. 169, Wonokromo",Surabaya,Jawa Timur,+62 888-8615-1416,dinda.halim.1416@example.invalid,Pribadi,30-Jan-2026,Ya,Aktif
PAT-MOCK-0001417,EMR-MOCK-0001417,MOCK-7240-20001208-1417,Hendra Wijaya,Laki-laki,2000-12-08 00:00:00,O,Cerai Hidup,"Jl. Melati No. 98, Wonokromo",Surabaya,Jawa Timur,+62 827-9584-1417,hendra.gunawan.1417@example.invalid,Pribadi,22-May-2022,Tidak,Aktif
PAT-MOCK-0001418,EMR-MOCK-0001418,MOCK-2344-19831103-1418,Ahmad Lesmana,Laki-laki,1983-11-03 00:00:00,A,Menikah,"Jl. Rajawali No. 138, Kebayoran Baru",Jakarta Selatan,DKI Jakarta,+62 832-6084-1418,ahmad.hartono.1418@example.invalid,BPJS Kesehatan,20-Nov-2023,Ya,Aktif
PAT-MOCK-0001419,EMR-MOCK-0001419,MOCK-4078-19851203-1419,Arya Siregar,Laki-laki,1985-12-03 00:00:00,O,Cerai Hidup,"Jl. Melati No. 9, Bogor Tengah",Bogor,Jawa Barat,+62 852-3351-1419,arya.lesmana.1419@example.invalid,Asuransi Perusahaan,24-Feb-2020,Tidak,Aktif
PAT-MOCK-0001420,EMR-MOCK-0001420,MOCK-1156-19690404-1420,Wulan Ramadhan,Perempuan,1969-04-04 00:00:00,O,Cerai Mati,"Jl. Anggrek No. 64, Kebon Jeruk",Jakarta Barat,DKI Jakarta,+62 878-2810-1420,wulan.pratama.1420@example.invalid,Asuransi Swasta,19-Jan-2023,Tidak,Aktif
PAT-MOCK-0001421,EMR-MOCK-0001421,MOCK-3665-20070729-1421,Rangga Simanjuntak,Laki-laki,2007-07-29 00:00:00,Belum diperiksa,Belum Menikah,"Jl. Cemara No. 30, Duren Sawit",Jakarta Timur,DKI Jakarta,+62 836-9269-1421,rangga.saputra.1421@example.invalid,BPJS Kesehatan,24-Nov-2021,Ya,Aktif
PAT-MOCK-0001422,EMR-MOCK-0001422,MOCK-2729-20130202-1422,Amelia Nasution,Perempuan,2013-02-02 00:00:00,O,Cerai Mati,"Jl. Mawar No. 109, Kebon Jeruk",Jakarta Barat,DKI Jakarta,+62 858-1808-1422,amelia.wijaya.1422@example.invalid,Asuransi Perusahaan,16-Feb-2020,Ya,Aktif
PAT-MOCK-0001423,EMR-MOCK-0001423,MOCK-2181-19721113-1423,Dimas Santoso,Laki-laki,1972-11-13 00:00:00,B,Cerai Mati,"Jl. Dahlia No. 61, Bekasi Selatan",Bekasi,Jawa Barat,+62 814-3447-1423,dimas.santoso.1423@example.invalid,Asuransi Perusahaan,08-Jul-2018,Tidak,Aktif
PAT-MOCK-0001424,EMR-MOCK-0001424,MOCK-3811-19561209-1424,Nadia Purnama,Perempuan,1956-12-09 00:00:00,A,Cerai Hidup,"Jl. Anggrek No. 73, Wonokromo",Surabaya,Jawa Timur,+62 849-1437-1424,nadia.hidayat.1424@example.invalid,Asuransi Perusahaan,25-Jul-2024,Ya,Aktif
PAT-MOCK-0001425,EMR-MOCK-0001425,MOCK-1411-20180922-1425,Aulia Simanjuntak,Perempuan,2018-09-22 00:00:00,B,Cerai Mati,"Jl. Cemara No. 146, Serpong",Tangerang Selatan,Banten,+62 812-1481-1425,aulia.nugraha.1425@example.invalid,Asuransi Swasta,08-Aug-2019,Tidak,Aktif
PAT-MOCK-0001426,EMR-MOCK-0001426,MOCK-4771-19660719-1426,Kartika Ramadhan,Perempuan,1966-07-19 00:00:00,O,Belum Menikah,"Jl. Melati No. 79, Banyumanik",Semarang,Jawa Tengah,+62 835-3075-1426,kartika.kusuma.1426@example.invalid,Corporate Guarantee,26-Mar-2019,Ya,Aktif
PAT-MOCK-0001427,EMR-MOCK-0001427,MOCK-1833-19670706-1427,Tiara Wijaya,Perempuan,1967-07-06 00:00:00,B,Cerai Hidup,"Jl. Cendana No. 24, Banyumanik",Semarang,Jawa Tengah,+62 854-4106-1427,tiara.setiawan.1427@example.invalid,BPJS Kesehatan,20-Dec-2018,Tidak,Aktif
PAT-MOCK-0001428,EMR-MOCK-0001428,MOCK-8202-20031104-1428,Andi Ramadhan,Laki-laki,2003-11-04 00:00:00,O,Belum Menikah,"Jl. Anggrek No. 109, Medan Baru",Medan,Sumatera Utara,+62 845-4334-1428,andi.permana.1428@example.invalid,BPJS Kesehatan,30-Dec-2022,Ya,Aktif
PAT-MOCK-0001429,EMR-MOCK-0001429,MOCK-6608-19860521-1429,Joko Simanjuntak,Laki-laki,1986-05-21 00:00:00,B,Cerai Hidup,"Jl. Mawar No. 149, Bekasi Selatan",Bekasi,Jawa Barat,+62 889-9641-1429,joko.ramadhan.1429@example.invalid,Asuransi Swasta,16-Oct-2021,Ya,Aktif
PAT-MOCK-0001430,EMR-MOCK-0001430,MOCK-8631-20010115-1430,Lestari Siregar,Perempuan,2001-01-15 00:00:00,A,Cerai Hidup,"Jl. Cendana No. 72, Ilir Barat I",Palembang,Sumatera Selatan,+62 842-6281-1430,lestari.maulana.1430@example.invalid,Corporate Guarantee,04-Aug-2022,Ya,Tidak Aktif
PAT-MOCK-0001431,EMR-MOCK-0001431,MOCK-6112-19740704-1431,Tiara Utama,Perempuan,1974-07-04 00:00:00,A,Cerai Hidup,"Jl. Melati No. 164, Wonokromo",Surabaya,Jawa Timur,+62 811-7794-1431,tiara.utama.1431@example.invalid,Corporate Guarantee,08-May-2026,Ya,Aktif
PAT-MOCK-0001432,EMR-MOCK-0001432,MOCK-7534-19751227-1432,Aditya Hartono,Laki-laki,1975-12-27 00:00:00,O,Belum Menikah,"Jl. Kenanga No. 163, Kebon Jeruk",Jakarta Barat,DKI Jakarta,+62 826-2065-1432,aditya.purnama.1432@example.invalid,Asuransi Perusahaan,10-Jun-2022,Tidak,Aktif
PAT-MOCK-0001433,EMR-MOCK-0001433,MOCK-7886-19450322-1433,Irfan Lesmana,Laki-laki,1945-03-22 00:00:00,A,Belum Menikah,"Jl. Cemara No. 125, Bogor Tengah",Bogor,Jawa Barat,+62 877-9874-1433,irfan.siregar.1433@example.invalid,Asuransi Swasta,24-Nov-2023,Ya,Aktif
PAT-MOCK-0001434,EMR-MOCK-0001434,MOCK-9493-19660511-1434,Putri Kusuma,Perempuan,1966-05-11 00:00:00,O,Cerai Hidup,"Jl. Dahlia No. 101, Coblong",Bandung,Jawa Barat,+62 875-2655-1434,putri.nasution.1434@example.invalid,Pribadi,21-Mar-2021,Tidak,Aktif
PAT-MOCK-0001435,EMR-MOCK-0001435,MOCK-1301-19840225-1435,Wulan Kusuma,Perempuan,1984-02-25 00:00:00,A,Cerai Hidup,"Jl. Anggrek No. 61, Kebon Jeruk",Jakarta Barat,DKI Jakarta,+62 887-3026-1435,wulan.simanjuntak.1435@example.invalid,Asuransi Perusahaan,29-Nov-2023,Ya,Aktif
PAT-MOCK-0001436,EMR-MOCK-0001436,MOCK-1855-19481025-1436,Fajar Purnama,Laki-laki,1948-10-25 00:00:00,B,Belum Menikah,"Jl. Melati No. 135, Ilir Barat I",Palembang,Sumatera Selatan,+62 896-7035-1436,fajar.halim.1436@example.invalid,Asuransi Swasta,18-May-2019,Ya,Aktif
PAT-MOCK-0001437,EMR-MOCK-0001437,MOCK-1401-19690715-1437,Irfan Purnama,Laki-laki,1969-07-15 00:00:00,O,Belum Menikah,"Jl. Rajawali No. 145, Bogor Tengah",Bogor,Jawa Barat,+62 892-1609-1437,irfan.gunawan.1437@example.invalid,BPJS Kesehatan,21-May-2024,Ya,Aktif
PAT-MOCK-0001438,EMR-MOCK-0001438,MOCK-8452-19490108-1438,Bima Utama,Laki-laki,1949-01-08 00:00:00,A,Menikah,"Jl. Rajawali No. 157, Bekasi Selatan",Bekasi,Jawa Barat,+62 856-5479-1438,bima.hartono.1438@example.invalid,BPJS Kesehatan,22-May-2018,Ya,Aktif
PAT-MOCK-0001439,EMR-MOCK-0001439,MOCK-1136-20210306-1439,Dewi Maulana,Perempuan,2021-03-06 00:00:00,O,Cerai Mati,"Jl. Cendana No. 140, Bogor Tengah",Bogor,Jawa Barat,+62 882-9044-1439,dewi.lesmana.1439@example.invalid,Asuransi Swasta,07-Mar-2021,Tidak,Aktif
PAT-MOCK-0001440,EMR-MOCK-0001440,MOCK-7248-20101024-1440,Yoga Simanjuntak,Laki-laki,2010-10-24 00:00:00,B,Menikah,"Jl. Flamboyan No. 31, Medan Baru",Medan,Sumatera Utara,+62 860-9211-1440,yoga.pratama.1440@example.invalid,BPJS Kesehatan,09-May-2020,Tidak,Aktif
PAT-MOCK-0001441,EMR-MOCK-0001441,MOCK-1515-20170114-1441,Citra Kusuma,Perempuan,2017-01-14 00:00:00,O,Cerai Hidup,"Jl. Flamboyan No. 13, Karawaci",Tangerang,Banten,+62 889-4433-1441,citra.saputra.1441@example.invalid,Asuransi Swasta,28-Jun-2018,Ya,Aktif
PAT-MOCK-0001442,EMR-MOCK-0001442,MOCK-2422-20220825-1442,Raka Halim,Laki-laki,2022-08-25 00:00:00,B,Cerai Mati,"Jl. Rajawali No. 53, Karawaci",Tangerang,Banten,+62 875-6950-1442,raka.wijaya.1442@example.invalid,Asuransi Perusahaan,26-Aug-2022,Ya,Aktif
PAT-MOCK-0001443,EMR-MOCK-0001443,MOCK-6652-19800416-1443,Hendra Permana,Laki-laki,1980-04-16 00:00:00,O,Menikah,"Jl. Kenanga No. 49, Denpasar Selatan",Denpasar,Bali,+62 890-5117-1443,hendra.santoso.1443@example.invalid,BPJS Kesehatan,24-Jan-2019,Ya,Aktif
PAT-MOCK-0001444,EMR-MOCK-0001444,MOCK-5496-20021129-1444,Aditya Wijaya,Laki-laki,2002-11-29 00:00:00,B,Cerai Mati,"Jl. Mawar No. 175, Medan Baru",Medan,Sumatera Utara,+62 895-9176-1444,aditya.hidayat.1444@example.invalid,Corporate Guarantee,13-Mar-2021,Ya,Aktif
PAT-MOCK-0001445,EMR-MOCK-0001445,MOCK-9340-19960326-1445,Aisyah Nasution,Perempuan,1996-03-26 00:00:00,B,Menikah,"Jl. Melati No. 94, Bogor Tengah",Bogor,Jawa Barat,+62 839-1937-1445,aisyah.nugraha.1445@example.invalid,Corporate Guarantee,09-Nov-2019,Ya,Aktif
PAT-MOCK-0001446,EMR-MOCK-0001446,MOCK-2062-19960601-1446,Dimas Hartono,Laki-laki,1996-06-01 00:00:00,AB,Menikah,"Jl. Anggrek No. 149, Kebayoran Baru",Jakarta Selatan,DKI Jakarta,+62 898-1829-1446,dimas.kusuma.1446@example.invalid,Pribadi,25-Jun-2026,Ya,Aktif
PAT-MOCK-0001447,EMR-MOCK-0001447,MOCK-6408-19791211-1447,Intan Ramadhan,Perempuan,1979-12-11 00:00:00,B,Cerai Mati,"Jl. Mawar No. 176, Ilir Barat I",Palembang,Sumatera Selatan,+62 839-1048-1447,intan.setiawan.1447@example.invalid,Pribadi,19-Feb-2018,Ya,Aktif
PAT-MOCK-0001448,EMR-MOCK-0001448,MOCK-1136-19560610-1448,Aisyah Siregar,Perempuan,1956-06-10 00:00:00,B,Menikah,"Jl. Mawar No. 180, Beji",Depok,Jawa Barat,+62 890-4404-1448,aisyah.permana.1448@example.invalid,Pribadi,07-Jun-2026,Tidak,Aktif
PAT-MOCK-0001449,EMR-MOCK-0001449,MOCK-2130-20011001-1449,Sari Nasution,Perempuan,2001-10-01 00:00:00,B,Menikah,"Jl. Anggrek No. 71, Wonokromo",Surabaya,Jawa Timur,+62 871-8246-1449,sari.ramadhan.1449@example.invalid,BPJS Kesehatan,17-Dec-2021,Ya,Aktif
PAT-MOCK-0001450,EMR-MOCK-0001450,MOCK-7785-20180630-1450,Kartika Maulana,Perempuan,2018-06-30 00:00:00,B,Belum Menikah,"Jl. Cemara No. 87, Ilir Barat I",Palembang,Sumatera Selatan,+62 878-3047-1450,kartika.maulana.1450@example.invalid,Asuransi Perusahaan,14-Mar-2020,Ya,Aktif
PAT-MOCK-0001451,EMR-MOCK-0001451,MOCK-2985-19940801-1451,Dimas Santoso,Laki-laki,1994-08-01 00:00:00,O,Menikah,"Jl. Dahlia No. 36, Kebon Jeruk",Jakarta Barat,DKI Jakarta,+62 899-8388-1451,dimas.utama.1451@example.invalid,Pribadi,22-Feb-2022,Ya,Aktif
PAT-MOCK-0001452,EMR-MOCK-0001452,MOCK-6528-19740129-1452,Rangga Gunawan,Laki-laki,1974-01-29 00:00:00,A,Menikah,"Jl. Anggrek No. 20, Kebayoran Baru",Jakarta Selatan,DKI Jakarta,+62 831-4243-1452,rangga.purnama.1452@example.invalid,Corporate Guarantee,22-May-2026,Ya,Aktif
PAT-MOCK-0001453,EMR-MOCK-0001453,MOCK-3788-20210426-1453,Dinda Simanjuntak,Perempuan,2021-04-26 00:00:00,AB,Cerai Hidup,"Jl. Cendana No. 45, Kebayoran Baru",Jakarta Selatan,DKI Jakarta,+62 825-9151-1453,dinda.siregar.1453@example.invalid,Corporate Guarantee,27-Apr-2021,Tidak,Aktif
PAT-MOCK-0001454,EMR-MOCK-0001454,MOCK-3759-19590723-1454,Hendra Wijaya,Laki-laki,1959-07-23 00:00:00,A,Menikah,"Jl. Merpati No. 131, Panakkukang",Makassar,Sulawesi Selatan,+62 899-1117-1454,hendra.nasution.1454@example.invalid,Pribadi,10-Sep-2025,Ya,Aktif
PAT-MOCK-0001455,EMR-MOCK-0001455,MOCK-1405-19981228-1455,Kartika Lesmana,Perempuan,1998-12-28 00:00:00,B,Belum Menikah,"Jl. Flamboyan No. 93, Serpong",Tangerang Selatan,Banten,+62 881-3693-1455,kartika.simanjuntak.1455@example.invalid,Corporate Guarantee,16-Jun-2024,Ya,Aktif
PAT-MOCK-0001456,EMR-MOCK-0001456,MOCK-3723-20100412-1456,Raka Wijaya,Laki-laki,2010-04-12 00:00:00,O,Menikah,"Jl. Cemara No. 118, Bogor Tengah",Bogor,Jawa Barat,+62 878-2707-1456,raka.halim.1456@example.invalid,BPJS Kesehatan,18-Feb-2018,Ya,Aktif
PAT-MOCK-0001457,EMR-MOCK-0001457,MOCK-8899-20230513-1457,Tiara Nugraha,Perempuan,2023-05-13 00:00:00,A,Belum Menikah,"Jl. Dahlia No. 167, Duren Sawit",Jakarta Timur,DKI Jakarta,+62 840-6494-1457,tiara.gunawan.1457@example.invalid,BPJS Kesehatan,14-May-2023,Tidak,Aktif
PAT-MOCK-0001458,EMR-MOCK-0001458,MOCK-5110-19600120-1458,Wulan Ramadhan,Perempuan,1960-01-20 00:00:00,O,Belum Menikah,"Jl. Cendana No. 69, Banyumanik",Semarang,Jawa Tengah,+62 822-5141-1458,wulan.hartono.1458@example.invalid,Asuransi Swasta,20-Mar-2021,Ya,Aktif
PAT-MOCK-0001459,EMR-MOCK-0001459,MOCK-7677-19750630-1459,Hendra Saputra,Laki-laki,1975-06-30 00:00:00,O,Cerai Hidup,"Jl. Anggrek No. 102, Ilir Barat I",Palembang,Sumatera Selatan,+62 812-2185-1459,hendra.lesmana.1459@example.invalid,Asuransi Perusahaan,03-Jun-2019,Ya,Aktif
PAT-MOCK-0001460,EMR-MOCK-0001460,MOCK-6364-19650408-1460,Andi Saputra,Laki-laki,1965-04-08 00:00:00,A,Cerai Hidup,"Jl. Merpati No. 1, Serpong",Tangerang Selatan,Banten,+62 846-4543-1460,andi.pratama.1460@example.invalid,Corporate Guarantee,05-Mar-2018,Tidak,Aktif
PAT-MOCK-0001461,EMR-MOCK-0001461,MOCK-8751-19870616-1461,Eko Gunawan,Laki-laki,1987-06-16 00:00:00,A,Belum Menikah,"Jl. Anggrek No. 43, Denpasar Selatan",Denpasar,Bali,+62 882-9462-1461,eko.saputra.1461@example.invalid,Asuransi Swasta,22-Jun-2018,Ya,Aktif
PAT-MOCK-0001462,EMR-MOCK-0001462,MOCK-9580-20140212-1462,Intan Ramadhan,Perempuan,2014-02-12 00:00:00,A,Belum Menikah,"Jl. Merpati No. 7, Coblong",Bandung,Jawa Barat,+62 875-4483-1462,intan.wijaya.1462@example.invalid,Asuransi Perusahaan,18-May-2022,Ya,Aktif
PAT-MOCK-0001463,EMR-MOCK-0001463,MOCK-3139-19750818-1463,Amelia Maulana,Perempuan,1975-08-18 00:00:00,O,Cerai Mati,"Jl. Rajawali No. 58, Serpong",Tangerang Selatan,Banten,+62 877-7361-1463,amelia.santoso.1463@example.invalid,Corporate Guarantee,08-Aug-2020,Tidak,Aktif
PAT-MOCK-0001464,EMR-MOCK-0001464,MOCK-8270-19701123-1464,Bima Ramadhan,Laki-laki,1970-11-23 00:00:00,O,Belum Menikah,"Jl. Kenanga No. 16, Medan Baru",Medan,Sumatera Utara,+62 887-4335-1464,bima.hidayat.1464@example.invalid,Asuransi Swasta,03-Sep-2022,Ya,Tidak Aktif
PAT-MOCK-0001465,EMR-MOCK-0001465,MOCK-6498-19740308-1465,Hendra Gunawan,Laki-laki,1974-03-08 00:00:00,O,Cerai Hidup,"Jl. Cemara No. 30, Coblong",Bandung,Jawa Barat,+62 852-8343-1465,hendra.nugraha.1465@example.invalid,Asuransi Perusahaan,11-May-2020,Ya,Aktif
PAT-MOCK-0001466,EMR-MOCK-0001466,MOCK-4417-19720406-1466,Anindya Wijaya,Perempuan,1972-04-06 00:00:00,O,Menikah,"Jl. Mawar No. 98, Banyumanik",Semarang,Jawa Tengah,+62 899-4411-1466,anindya.kusuma.1466@example.invalid,Corporate Guarantee,18-Feb-2020,Ya,Aktif
PAT-MOCK-0001467,EMR-MOCK-0001467,MOCK-8399-20200314-1467,Wulan Kusuma,Perempuan,2020-03-14 00:00:00,O,Cerai Hidup,"Jl. Merpati No. 166, Beji",Depok,Jawa Barat,+62 866-7000-1467,wulan.setiawan.1467@example.invalid,Corporate Guarantee,11-Aug-2022,Ya,Aktif
PAT-MOCK-0001468,EMR-MOCK-0001468,MOCK-9992-19650206-1468,Joko Permana,Laki-laki,1965-02-06 00:00:00,B,Belum Menikah,"Jl. Flamboyan No. 66, Medan Baru",Medan,Sumatera Utara,+62 813-2683-1468,joko.permana.1468@example.invalid,Pribadi,01-Apr-2022,Tidak,Aktif
PAT-MOCK-0001469,EMR-MOCK-0001469,MOCK-3423-20050612-1469,Tiara Hartono,Perempuan,2005-06-12 00:00:00,Belum diperiksa,Menikah,"Jl. Dahlia No. 153, Beji",Depok,Jawa Barat,+62 813-1923-1469,tiara.ramadhan.1469@example.invalid,Corporate Guarantee,09-Dec-2023,Ya,Aktif
PAT-MOCK-0001470,EMR-MOCK-0001470,MOCK-9776-19590113-1470,Dinda Gunawan,Perempuan,1959-01-13 00:00:00,O,Cerai Hidup,"Jl. Kenanga No. 88, Kebayoran Baru",Jakarta Selatan,DKI Jakarta,+62 868-3940-1470,dinda.maulana.1470@example.invalid,Corporate Guarantee,15-Jul-2024,Ya,Aktif
PAT-MOCK-0001471,EMR-MOCK-0001471,MOCK-2498-20080229-1471,Raka Lesmana,Laki-laki,2008-02-29 00:00:00,A,Cerai Hidup,"Jl. Merpati No. 88, Ilir Barat I",Palembang,Sumatera Selatan,+62 868-2954-1471,raka.utama.1471@example.invalid,Asuransi Swasta,05-Dec-2023,Ya,Aktif
PAT-MOCK-0001472,EMR-MOCK-0001472,MOCK-3550-19701011-1472,Fitri Halim,Perempuan,1970-10-11 00:00:00,B,Belum Menikah,"Jl. Merpati No. 33, Wonokromo",Surabaya,Jawa Timur,+62 836-4521-1472,fitri.purnama.1472@example.invalid,Asuransi Perusahaan,07-Sep-2018,Ya,Aktif
PAT-MOCK-0001473,EMR-MOCK-0001473,MOCK-4903-19881123-1473,Aisyah Purnama,Perempuan,1988-11-23 00:00:00,B,Cerai Mati,"Jl. Mawar No. 50, Karawaci",Tangerang,Banten,+62 858-9225-1473,aisyah.siregar.1473@example.invalid,Asuransi Swasta,27-Jun-2020,Tidak,Aktif
PAT-MOCK-0001474,EMR-MOCK-0001474,MOCK-5683-19891206-1474,Lestari Wijaya,Perempuan,1989-12-06 00:00:00,B,Cerai Hidup,"Jl. Flamboyan No. 31, Karawaci",Tangerang,Banten,+62 834-6232-1474,lestari.nasution.1474@example.invalid,Asuransi Perusahaan,15-Jan-2021,Ya,Aktif
PAT-MOCK-0001475,EMR-MOCK-0001475,MOCK-9537-19521028-1475,Amelia Pratama,Perempuan,1952-10-28 00:00:00,B,Belum Menikah,"Jl. Cemara No. 160, Bogor Tengah",Bogor,Jawa Barat,+62 828-8609-1475,amelia.simanjuntak.1475@example.invalid,Asuransi Swasta,08-Nov-2022,Tidak,Aktif
PAT-MOCK-0001476,EMR-MOCK-0001476,MOCK-4006-19970914-1476,Anindya Nasution,Perempuan,1997-09-14 00:00:00,A,Menikah,"Jl. Merpati No. 156, Medan Baru",Medan,Sumatera Utara,+62 871-1777-1476,anindya.halim.1476@example.invalid,BPJS Kesehatan,07-Nov-2019,Tidak,Aktif
PAT-MOCK-0001477,EMR-MOCK-0001477,MOCK-9034-20211206-1477,Galang Santoso,Laki-laki,2021-12-06 00:00:00,O,Belum Menikah,"Jl. Kenanga No. 165, Beji",Depok,Jawa Barat,+62 894-2645-1477,galang.gunawan.1477@example.invalid,Pribadi,07-Dec-2021,Ya,Aktif
PAT-MOCK-0001478,EMR-MOCK-0001478,MOCK-7752-19630219-1478,Galang Wijaya,Laki-laki,1963-02-19 00:00:00,O,Cerai Hidup,"Jl. Mawar No. 81, Bekasi Selatan",Bekasi,Jawa Barat,+62 827-7533-1478,galang.hartono.1478@example.invalid,Corporate Guarantee,09-Aug-2022,Ya,Aktif
PAT-MOCK-0001479,EMR-MOCK-0001479,MOCK-5770-19590920-1479,Danu Nasution,Laki-laki,1959-09-20 00:00:00,B,Belum Menikah,"Jl. Rajawali No. 64, Kebayoran Baru",Jakarta Selatan,DKI Jakarta,+62 820-3552-1479,danu.lesmana.1479@example.invalid,Asuransi Swasta,17-Aug-2022,Ya,Aktif
PAT-MOCK-0001480,EMR-MOCK-0001480,MOCK-3046-19540817-1480,Maya Setiawan,Perempuan,1954-08-17 00:00:00,A,Menikah,"Jl. Cemara No. 87, Bogor Tengah",Bogor,Jawa Barat,+62 895-7625-1480,maya.pratama.1480@example.invalid,Corporate Guarantee,16-Jun-2024,Ya,Aktif
PAT-MOCK-0001481,EMR-MOCK-0001481,MOCK-6095-19980813-1481,Fajar Simanjuntak,Laki-laki,1998-08-13 00:00:00,O,Belum Menikah,"Jl. Cemara No. 114, Medan Baru",Medan,Sumatera Utara,+62 868-4105-1481,fajar.saputra.1481@example.invalid,Corporate Guarantee,06-Dec-2023,Ya,Aktif
PAT-MOCK-0001482,EMR-MOCK-0001482,MOCK-7295-19470902-1482,Aulia Maulana,Perempuan,1947-09-02 00:00:00,AB,Belum Menikah,"Jl. Cemara No. 155, Wonokromo",Surabaya,Jawa Timur,+62 814-6277-1482,aulia.wijaya.1482@example.invalid,BPJS Kesehatan,07-Aug-2021,Ya,Aktif
PAT-MOCK-0001483,EMR-MOCK-0001483,MOCK-4576-19640404-1483,Putri Simanjuntak,Perempuan,1964-04-04 00:00:00,B,Menikah,"Jl. Rajawali No. 147, Wonokromo",Surabaya,Jawa Timur,+62 870-1447-1483,putri.santoso.1483@example.invalid,Pribadi,06-Mar-2020,Tidak,Aktif
PAT-MOCK-0001484,EMR-MOCK-0001484,MOCK-6175-19450501-1484,Anindya Pratama,Perempuan,1945-05-01 00:00:00,AB,Cerai Hidup,"Jl. Cemara No. 132, Karawaci",Tangerang,Banten,+62 838-4727-1484,anindya.hidayat.1484@example.invalid,Corporate Guarantee,13-Jul-2025,Ya,Aktif
PAT-MOCK-0001485,EMR-MOCK-0001485,MOCK-9023-19800711-1485,Farhan Halim,Laki-laki,1980-07-11 00:00:00,O,Cerai Mati,"Jl. Merpati No. 143, Banyumanik",Semarang,Jawa Tengah,+62 845-3674-1485,farhan.nugraha.1485@example.invalid,BPJS Kesehatan,05-Sep-2025,Ya,Aktif
PAT-MOCK-0001486,EMR-MOCK-0001486,MOCK-6128-19660516-1486,Wulan Pratama,Perempuan,1966-05-16 00:00:00,O,Cerai Mati,"Jl. Mawar No. 139, Karawaci",Tangerang,Banten,+62 891-8873-1486,wulan.kusuma.1486@example.invalid,Pribadi,19-Mar-2019,Ya,Aktif
PAT-MOCK-0001487,EMR-MOCK-0001487,MOCK-1486-19600131-1487,Fajar Purnama,Laki-laki,1960-01-31 00:00:00,O,Belum Menikah,"Jl. Kenanga No. 127, Kebon Jeruk",Jakarta Barat,DKI Jakarta,+62 883-6915-1487,fajar.setiawan.1487@example.invalid,Pribadi,21-Jan-2024,Ya,Aktif
PAT-MOCK-0001488,EMR-MOCK-0001488,MOCK-1673-19550917-1488,Raka Hidayat,Laki-laki,1955-09-17 00:00:00,Belum diperiksa,Cerai Hidup,"Jl. Flamboyan No. 118, Bekasi Selatan",Bekasi,Jawa Barat,+62 852-3795-1488,raka.permana.1488@example.invalid,Corporate Guarantee,24-Jun-2022,Tidak,Aktif
PAT-MOCK-0001489,EMR-MOCK-0001489,MOCK-4873-20141231-1489,Raka Wijaya,Laki-laki,2014-12-31 00:00:00,A,Belum Menikah,"Jl. Mawar No. 131, Bogor Tengah",Bogor,Jawa Barat,+62 893-8130-1489,raka.ramadhan.1489@example.invalid,Corporate Guarantee,14-Jul-2020,Ya,Aktif
PAT-MOCK-0001490,EMR-MOCK-0001490,MOCK-5684-20000814-1490,Fitri Saputra,Perempuan,2000-08-14 00:00:00,O,Menikah,"Jl. Rajawali No. 37, Medan Baru",Medan,Sumatera Utara,+62 850-4727-1490,fitri.maulana.1490@example.invalid,Pribadi,23-Jul-2020,Ya,Aktif
PAT-MOCK-0001491,EMR-MOCK-0001491,MOCK-2132-19981128-1491,Hendra Pratama,Laki-laki,1998-11-28 00:00:00,A,Cerai Hidup,"Jl. Mawar No. 74, Ilir Barat I",Palembang,Sumatera Selatan,+62 860-9110-1491,hendra.utama.1491@example.invalid,Pribadi,24-Dec-2019,Ya,Aktif
PAT-MOCK-0001492,EMR-MOCK-0001492,MOCK-5375-19840922-1492,Intan Ramadhan,Perempuan,1984-09-22 00:00:00,O,Cerai Mati,"Jl. Cemara No. 70, Coblong",Bandung,Jawa Barat,+62 871-7548-1492,intan.purnama.1492@example.invalid,Pribadi,03-Jul-2020,Ya,Tidak Aktif
PAT-MOCK-0001493,EMR-MOCK-0001493,MOCK-8867-20210314-1493,Irfan Siregar,Laki-laki,2021-03-14 00:00:00,B,Menikah,"Jl. Cendana No. 118, Beji",Depok,Jawa Barat,+62 849-2793-1493,irfan.siregar.1493@example.invalid,BPJS Kesehatan,14-Mar-2025,Ya,Aktif
PAT-MOCK-0001494,EMR-MOCK-0001494,MOCK-6721-19830513-1494,Nadia Santoso,Perempuan,1983-05-13 00:00:00,AB,Belum Menikah,"Jl. Mawar No. 61, Medan Baru",Medan,Sumatera Utara,+62 859-5605-1494,nadia.nasution.1494@example.invalid,Asuransi Swasta,13-Mar-2026,Ya,Aktif
PAT-MOCK-0001495,EMR-MOCK-0001495,MOCK-8487-19981115-1495,Bima Nugraha,Laki-laki,1998-11-15 00:00:00,A,Cerai Mati,"Jl. Melati No. 69, Denpasar Selatan",Denpasar,Bali,+62 899-6553-1495,bima.simanjuntak.1495@example.invalid,BPJS Kesehatan,16-Nov-2025,Tidak,Aktif
PAT-MOCK-0001496,EMR-MOCK-0001496,MOCK-3990-20060911-1496,Lestari Hartono,Perempuan,2006-09-11 00:00:00,B,Cerai Hidup,"Jl. Cemara No. 164, Duren Sawit",Jakarta Timur,DKI Jakarta,+62 883-8865-1496,lestari.halim.1496@example.invalid,Corporate Guarantee,04-Jun-2022,Tidak,Aktif
PAT-MOCK-0001497,EMR-MOCK-0001497,MOCK-1241-19500309-1497,Sekar Ramadhan,Perempuan,1950-03-09 00:00:00,A,Belum Menikah,"Jl. Cemara No. 107, Beji",Depok,Jawa Barat,+62 855-9360-1497,sekar.gunawan.1497@example.invalid,BPJS Kesehatan,26-Aug-2022,Ya,Aktif
PAT-MOCK-0001498,EMR-MOCK-0001498,MOCK-6104-19460525-1498,Kartika Permana,Perempuan,1946-05-25 00:00:00,O,Cerai Mati,"Jl. Kenanga No. 41, Bekasi Selatan",Bekasi,Jawa Barat,+62 863-5193-1498,kartika.hartono.1498@example.invalid,Asuransi Swasta,20-Jun-2018,Ya,Aktif
PAT-MOCK-0001499,EMR-MOCK-0001499,MOCK-2086-19950804-1499,Eko Pratama,Laki-laki,1995-08-04 00:00:00,A,Cerai Mati,"Jl. Mawar No. 20, Medan Baru",Medan,Sumatera Utara,+62 853-7910-1499,eko.lesmana.1499@example.invalid,BPJS Kesehatan,31-May-2023,Tidak,Aktif
PAT-MOCK-0001500,EMR-MOCK-0001500,MOCK-4303-20220716-1500,Sari Gunawan,Perempuan,2022-07-16 00:00:00,A,Cerai Mati,"Jl. Anggrek No. 74, Duren Sawit",Jakarta Timur,DKI Jakarta,+62 887-3163-1500,sari.pratama.1500@example.invalid,BPJS Kesehatan,12-Jul-2023,Ya,Aktif
PAT-MOCK-0001501,EMR-MOCK-0001501,MOCK-5666-20061112-1501,Galang Hartono,Laki-laki,2006-11-12 00:00:00,O,Cerai Hidup,"Jl. Mawar No. 165, Kebayoran Baru",Jakarta Selatan,DKI Jakarta,+62 898-9939-1501,galang.saputra.1501@example.invalid,BPJS Kesehatan,23-Sep-2025,Tidak,Aktif
PAT-MOCK-0001502,EMR-MOCK-0001502,MOCK-9427-19750725-1502,Anindya Saputra,Perempuan,1975-07-25 00:00:00,O,Belum Menikah,"Jl. Melati No. 180, Serpong",Tangerang Selatan,Banten,+62 875-3842-1502,anindya.wijaya.1502@example.invalid,Asuransi Swasta,07-Feb-2023,Ya,Aktif
PAT-MOCK-0001503,EMR-MOCK-0001503,MOCK-6169-20080713-1503,Rani Nasution,Perempuan,2008-07-13 00:00:00,A,Belum Menikah,"Jl. Dahlia No. 94, Karawaci",Tangerang,Banten,+62 834-2012-1503,rani.santoso.1503@example.invalid,Asuransi Perusahaan,25-Jun-2025,Ya,Aktif
PAT-MOCK-0001504,EMR-MOCK-0001504,MOCK-6452-20220727-1504,Aisyah Halim,Perempuan,2022-07-27 00:00:00,O,Menikah,"Jl. Melati No. 143, Serpong",Tangerang Selatan,Banten,+62 825-2810-1504,aisyah.hidayat.1504@example.invalid,Asuransi Swasta,29-Jan-2024,Tidak,Aktif
PAT-MOCK-0001505,EMR-MOCK-0001505,MOCK-7697-20110211-1505,Eko Setiawan,Laki-laki,2011-02-11 00:00:00,O,Cerai Hidup,"Jl. Melati No. 104, Karawaci",Tangerang,Banten,+62 892-7580-1505,eko.nugraha.1505@example.invalid,Pribadi,13-Jul-2023,Ya,Aktif
PAT-MOCK-0001506,EMR-MOCK-0001506,MOCK-2963-19520129-1506,Aulia Halim,Perempuan,1952-01-29 00:00:00,AB,Belum Menikah,"Jl. Mawar No. 125, Wonokromo",Surabaya,Jawa Timur,+62 827-8672-1506,aulia.kusuma.1506@example.invalid,Pribadi,26-Oct-2020,Tidak,Tidak Aktif
PAT-MOCK-0001507,EMR-MOCK-0001507,MOCK-8194-19850816-1507,Aisyah Nugraha,Perempuan,1985-08-16 00:00:00,B,Cerai Mati,"Jl. Kenanga No. 80, Banyumanik",Semarang,Jawa Tengah,+62 838-2002-1507,aisyah.setiawan.1507@example.invalid,Pribadi,24-Feb-2026,Ya,Aktif
PAT-MOCK-0001508,EMR-MOCK-0001508,MOCK-9097-20150714-1508,Dinda Saputra,Perempuan,2015-07-14 00:00:00,O,Cerai Hidup,"Jl. Melati No. 88, Duren Sawit",Jakarta Timur,DKI Jakarta,+62 878-7788-1508,dinda.permana.1508@example.invalid,Pribadi,13-Jul-2024,Ya,Aktif
PAT-MOCK-0001509,EMR-MOCK-0001509,MOCK-6789-19780602-1509,Sekar Simanjuntak,Perempuan,1978-06-02 00:00:00,O,Menikah,"Jl. Anggrek No. 148, Kebayoran Baru",Jakarta Selatan,DKI Jakarta,+62 891-5829-1509,sekar.ramadhan.1509@example.invalid,Asuransi Swasta,17-Feb-2021,Tidak,Aktif
PAT-MOCK-0001510,EMR-MOCK-0001510,MOCK-9639-19810721-1510,Joko Pratama,Laki-laki,1981-07-21 00:00:00,A,Cerai Mati,"Jl. Melati No. 62, Banyumanik",Semarang,Jawa Tengah,+62 884-6143-1510,joko.maulana.1510@example.invalid,Corporate Guarantee,11-Dec-2020,Ya,Tidak Aktif
PAT-MOCK-0001511,EMR-MOCK-0001511,MOCK-9476-20191029-1511,Bima Permana,Laki-laki,2019-10-29 00:00:00,A,Cerai Hidup,"Jl. Cendana No. 10, Ilir Barat I",Palembang,Sumatera Selatan,+62 833-9797-1511,bima.utama.1511@example.invalid,Pribadi,27-Feb-2024,Ya,Aktif
PAT-MOCK-0001512,EMR-MOCK-0001512,MOCK-2292-20200707-1512,Bima Purnama,Laki-laki,2020-07-07 00:00:00,A,Menikah,"Jl. Rajawali No. 11, Kebon Jeruk",Jakarta Barat,DKI Jakarta,+62 829-7981-1512,bima.purnama.1512@example.invalid,Asuransi Perusahaan,25-Sep-2025,Tidak,Aktif
PAT-MOCK-0001513,EMR-MOCK-0001513,MOCK-7971-19990511-1513,Fajar Wijaya,Laki-laki,1999-05-11 00:00:00,B,Menikah,"Jl. Flamboyan No. 6, Medan Baru",Medan,Sumatera Utara,+62 881-2092-1513,fajar.siregar.1513@example.invalid,Asuransi Swasta,17-Jan-2025,Tidak,Aktif
PAT-MOCK-0001514,EMR-MOCK-0001514,MOCK-4521-19821118-1514,Dewi Utama,Perempuan,1982-11-18 00:00:00,O,Cerai Mati,"Jl. Melati No. 70, Duren Sawit",Jakarta Timur,DKI Jakarta,+62 895-4417-1514,dewi.nasution.1514@example.invalid,Corporate Guarantee,20-Apr-2022,Ya,Tidak Aktif
PAT-MOCK-0001515,EMR-MOCK-0001515,MOCK-3545-19881226-1515,Rizky Santoso,Laki-laki,1988-12-26 00:00:00,O,Menikah,"Jl. Anggrek No. 124, Serpong",Tangerang Selatan,Banten,+62 858-8220-1515,rizky.simanjuntak.1515@example.invalid,Asuransi Swasta,10-Jan-2024,Ya,Aktif
PAT-MOCK-0001516,EMR-MOCK-0001516,MOCK-9315-19570706-1516,Arya Halim,Laki-laki,1957-07-06 00:00:00,B,Cerai Hidup,"Jl. Rajawali No. 61, Duren Sawit",Jakarta Timur,DKI Jakarta,+62 876-3010-1516,arya.halim.1516@example.invalid,BPJS Kesehatan,29-May-2018,Ya,Aktif
PAT-MOCK-0001517,EMR-MOCK-0001517,MOCK-7940-20200905-1517,Bima Maulana,Laki-laki,2020-09-05 00:00:00,A,Belum Menikah,"Jl. Cendana No. 60, Denpasar Selatan",Denpasar,Bali,+62 859-6648-1517,bima.gunawan.1517@example.invalid,Asuransi Perusahaan,06-Sep-2020,Tidak,Aktif
PAT-MOCK-0001518,EMR-MOCK-0001518,MOCK-3399-20221211-1518,Fajar Hartono,Laki-laki,2022-12-11 00:00:00,O,Menikah,"Jl. Mawar No. 147, Ilir Barat I",Palembang,Sumatera Selatan,+62 858-7433-1518,fajar.hartono.1518@example.invalid,Pribadi,12-Dec-2022,Ya,Aktif
PAT-MOCK-0001519,EMR-MOCK-0001519,MOCK-6786-19770820-1519,Aulia Halim,Perempuan,1977-08-20 00:00:00,B,Belum Menikah,"Jl. Rajawali No. 24, Kebayoran Baru",Jakarta Selatan,DKI Jakarta,+62 827-5349-1519,aulia.lesmana.1519@example.invalid,Corporate Guarantee,17-Oct-2018,Tidak,Aktif
PAT-MOCK-0001520,EMR-MOCK-0001520,MOCK-3313-19620721-1520,Amelia Lesmana,Perempuan,1962-07-21 00:00:00,B,Cerai Mati,"Jl. Mawar No. 48, Wonokromo",Surabaya,Jawa Timur,+62 839-3151-1520,amelia.pratama.1520@example.invalid,Asuransi Swasta,22-Dec-2025,Ya,Aktif
PAT-MOCK-0001521,EMR-MOCK-0001521,MOCK-1237-20151218-1521,Wulan Gunawan,Perempuan,2015-12-18 00:00:00,O,Belum Menikah,"Jl. Rajawali No. 109, Wonokromo",Surabaya,Jawa Timur,+62 818-3604-1521,wulan.saputra.1521@example.invalid,Pribadi,01-Jun-2024,Ya,Aktif
PAT-MOCK-0001522,EMR-MOCK-0001522,MOCK-3978-20010211-1522,Bima Setiawan,Laki-laki,2001-02-11 00:00:00,O,Belum Menikah,"Jl. Anggrek No. 142, Duren Sawit",Jakarta Timur,DKI Jakarta,+62 831-1035-1522,bima.wijaya.1522@example.invalid,Asuransi Swasta,26-Jul-2022,Ya,Aktif
PAT-MOCK-0001523,EMR-MOCK-0001523,MOCK-3980-20230506-1523,Kartika Kusuma,Perempuan,2023-05-06 00:00:00,B,Belum Menikah,"Jl. Cemara No. 64, Kebayoran Baru",Jakarta Selatan,DKI Jakarta,+62 887-3803-1523,kartika.santoso.1523@example.invalid,BPJS Kesehatan,30-Oct-2024,Ya,Aktif
PAT-MOCK-0001524,EMR-MOCK-0001524,MOCK-4402-20040219-1524,Raka Setiawan,Laki-laki,2004-02-19 00:00:00,A,Cerai Mati,"Jl. Flamboyan No. 99, Beji",Depok,Jawa Barat,+62 888-3336-1524,raka.hidayat.1524@example.invalid,Asuransi Perusahaan,11-Feb-2021,Ya,Aktif
PAT-MOCK-0001525,EMR-MOCK-0001525,MOCK-6182-19791222-1525,Dewi Pratama,Perempuan,1979-12-22 00:00:00,O,Menikah,"Jl. Melati No. 145, Bogor Tengah",Bogor,Jawa Barat,+62 812-8120-1525,dewi.nugraha.1525@example.invalid,Pribadi,11-Sep-2024,Ya,Aktif
PAT-MOCK-0001526,EMR-MOCK-0001526,MOCK-9010-19781107-1526,Fajar Nugraha,Laki-laki,1978-11-07 00:00:00,O,Belum Menikah,"Jl. Cemara No. 132, Bekasi Selatan",Bekasi,Jawa Barat,+62 874-5849-1526,fajar.kusuma.1526@example.invalid,BPJS Kesehatan,15-Jan-2021,Ya,Aktif
PAT-MOCK-0001527,EMR-MOCK-0001527,MOCK-4357-20050929-1527,Tiara Wijaya,Perempuan,2005-09-29 00:00:00,AB,Cerai Mati,"Jl. Rajawali No. 56, Panakkukang",Makassar,Sulawesi Selatan,+62 851-6943-1527,tiara.setiawan.1527@example.invalid,Pribadi,13-Apr-2023,Ya,Aktif
PAT-MOCK-0001528,EMR-MOCK-0001528,MOCK-6794-20010831-1528,Bima Setiawan,Laki-laki,2001-08-31 00:00:00,O,Menikah,"Jl. Mawar No. 152, Panakkukang",Makassar,Sulawesi Selatan,+62 886-3676-1528,bima.permana.1528@example.invalid,Asuransi Perusahaan,18-Mar-2026,Ya,Tidak Aktif
PAT-MOCK-0001529,EMR-MOCK-0001529,MOCK-8859-20150630-1529,Yoga Wijaya,Laki-laki,2015-06-30 00:00:00,O,Cerai Mati,"Jl. Rajawali No. 167, Karawaci",Tangerang,Banten,+62 823-1996-1529,yoga.ramadhan.1529@example.invalid,Pribadi,01-Aug-2025,Ya,Aktif
PAT-MOCK-0001530,EMR-MOCK-0001530,MOCK-8680-19600724-1530,Dimas Nasution,Laki-laki,1960-07-24 00:00:00,A,Belum Menikah,"Jl. Cemara No. 5, Wonokromo",Surabaya,Jawa Timur,+62 857-1228-1530,dimas.maulana.1530@example.invalid,Pribadi,07-May-2019,Ya,Aktif
PAT-MOCK-0001531,EMR-MOCK-0001531,MOCK-4551-19540321-1531,Irfan Siregar,Laki-laki,1954-03-21 00:00:00,B,Belum Menikah,"Jl. Rajawali No. 44, Karawaci",Tangerang,Banten,+62 885-8353-1531,irfan.utama.1531@example.invalid,Asuransi Swasta,05-Mar-2020,Ya,Aktif
PAT-MOCK-0001532,EMR-MOCK-0001532,MOCK-5669-20091207-1532,Arif Kusuma,Laki-laki,2009-12-07 00:00:00,O,Cerai Mati,"Jl. Cemara No. 112, Serpong",Tangerang Selatan,Banten,+62 833-1225-1532,arif.purnama.1532@example.invalid,Asuransi Perusahaan,02-Apr-2022,Ya,Aktif
PAT-MOCK-0001533,EMR-MOCK-0001533,MOCK-1953-20230312-1533,Sekar Setiawan,Perempuan,2023-03-12 00:00:00,AB,Belum Menikah,"Jl. Melati No. 27, Bekasi Selatan",Bekasi,Jawa Barat,+62 840-2338-1533,sekar.siregar.1533@example.invalid,Pribadi,13-Mar-2023,Ya,Aktif
PAT-MOCK-0001534,EMR-MOCK-0001534,MOCK-9981-20100929-1534,Rani Lesmana,Perempuan,2010-09-29 00:00:00,O,Belum Menikah,"Jl. Merpati No. 172, Panakkukang",Makassar,Sulawesi Selatan,+62 824-9095-1534,rani.nasution.1534@example.invalid,Corporate Guarantee,29-Apr-2021,Ya,Aktif
PAT-MOCK-0001535,EMR-MOCK-0001535,MOCK-5856-19990419-1535,Yoga Halim,Laki-laki,1999-04-19 00:00:00,B,Cerai Hidup,"Jl. Melati No. 178, Denpasar Selatan",Denpasar,Bali,+62 878-4216-1535,yoga.simanjuntak.1535@example.invalid,Corporate Guarantee,03-Jun-2022,Ya,Aktif
PAT-MOCK-0001536,EMR-MOCK-0001536,MOCK-1461-20050718-1536,Maya Ramadhan,Perempuan,2005-07-18 00:00:00,B,Belum Menikah,"Jl. Mawar No. 49, Wonokromo",Surabaya,Jawa Timur,+62 828-2480-1536,maya.halim.1536@example.invalid,BPJS Kesehatan,14-Apr-2025,Tidak,Aktif
PAT-MOCK-0001537,EMR-MOCK-0001537,MOCK-2149-20040418-1537,Arif Gunawan,Laki-laki,2004-04-18 00:00:00,B,Menikah,"Jl. Merpati No. 63, Bogor Tengah",Bogor,Jawa Barat,+62 835-7660-1537,arif.gunawan.1537@example.invalid,Asuransi Swasta,09-Apr-2020,Tidak,Aktif
PAT-MOCK-0001538,EMR-MOCK-0001538,MOCK-3328-19460203-1538,Maya Nasution,Perempuan,1946-02-03 00:00:00,A,Cerai Hidup,"Jl. Rajawali No. 136, Duren Sawit",Jakarta Timur,DKI Jakarta,+62 814-9822-1538,maya.hartono.1538@example.invalid,Corporate Guarantee,06-Jul-2026,Ya,Aktif
PAT-MOCK-0001539,EMR-MOCK-0001539,MOCK-3454-20211210-1539,Amelia Hidayat,Perempuan,2021-12-10 00:00:00,A,Cerai Mati,"Jl. Melati No. 13, Bekasi Selatan",Bekasi,Jawa Barat,+62 898-9273-1539,amelia.lesmana.1539@example.invalid,Asuransi Swasta,11-Dec-2021,Tidak,Tidak Aktif
PAT-MOCK-0001540,EMR-MOCK-0001540,MOCK-2015-20221220-1540,Dewi Nasution,Perempuan,2022-12-20 00:00:00,O,Cerai Mati,"Jl. Anggrek No. 75, Banyumanik",Semarang,Jawa Tengah,+62 812-4197-1540,dewi.pratama.1540@example.invalid,BPJS Kesehatan,17-Jun-2025,Ya,Aktif
PAT-MOCK-0001541,EMR-MOCK-0001541,MOCK-4676-20201014-1541,Dimas Maulana,Laki-laki,2020-10-14 00:00:00,A,Cerai Hidup,"Jl. Dahlia No. 17, Wonokromo",Surabaya,Jawa Timur,+62 864-7350-1541,dimas.saputra.1541@example.invalid,BPJS Kesehatan,15-Oct-2020,Ya,Aktif
PAT-MOCK-0001542,EMR-MOCK-0001542,MOCK-5684-19890814-1542,Citra Permana,Perempuan,1989-08-14 00:00:00,A,Cerai Mati,"Jl. Dahlia No. 158, Kebayoran Baru",Jakarta Selatan,DKI Jakarta,+62 820-9288-1542,citra.wijaya.1542@example.invalid,Asuransi Swasta,21-Dec-2022,Ya,Aktif
PAT-MOCK-0001543,EMR-MOCK-0001543,MOCK-8040-19671014-1543,Wulan Nasution,Perempuan,1967-10-14 00:00:00,O,Cerai Hidup,"Jl. Dahlia No. 125, Wonokromo",Surabaya,Jawa Timur,+62 865-4560-1543,wulan.santoso.1543@example.invalid,Asuransi Perusahaan,31-Mar-2019,Ya,Aktif
PAT-MOCK-0001544,EMR-MOCK-0001544,MOCK-1563-19740719-1544,Raka Gunawan,Laki-laki,1974-07-19 00:00:00,O,Belum Menikah,"Jl. Mawar No. 141, Bekasi Selatan",Bekasi,Jawa Barat,+62 850-8712-1544,raka.hidayat.1544@example.invalid,BPJS Kesehatan,16-Nov-2020,Ya,Aktif
PAT-MOCK-0001545,EMR-MOCK-0001545,MOCK-8650-19611114-1545,Galang Hidayat,Laki-laki,1961-11-14 00:00:00,O,Cerai Hidup,"Jl. Flamboyan No. 74, Beji",Depok,Jawa Barat,+62 893-3296-1545,galang.nugraha.1545@example.invalid,BPJS Kesehatan,28-Jul-2023,Ya,Aktif
PAT-MOCK-0001546,EMR-MOCK-0001546,MOCK-3958-19610715-1546,Rangga Wijaya,Laki-laki,1961-07-15 00:00:00,B,Cerai Hidup,"Jl. Merpati No. 74, Bogor Tengah",Bogor,Jawa Barat,+62 818-1252-1546,rangga.kusuma.1546@example.invalid,Asuransi Perusahaan,14-Jan-2026,Tidak,Aktif
PAT-MOCK-0001547,EMR-MOCK-0001547,MOCK-1102-20160211-1547,Tiara Halim,Perempuan,2016-02-11 00:00:00,AB,Belum Menikah,"Jl. Melati No. 29, Medan Baru",Medan,Sumatera Utara,+62 836-1654-1547,tiara.setiawan.1547@example.invalid,Asuransi Swasta,19-Jul-2023,Ya,Aktif
PAT-MOCK-0001548,EMR-MOCK-0001548,MOCK-1917-19620714-1548,Dinda Nugraha,Perempuan,1962-07-14 00:00:00,B,Cerai Mati,"Jl. Merpati No. 23, Kebon Jeruk",Jakarta Barat,DKI Jakarta,+62 891-7843-1548,dinda.permana.1548@example.invalid,BPJS Kesehatan,09-Apr-2023,Ya,Aktif
PAT-MOCK-0001549,EMR-MOCK-0001549,MOCK-6115-19730129-1549,Nabila Ramadhan,Perempuan,1973-01-29 00:00:00,O,Menikah,"Jl. Cemara No. 103, Banyumanik",Semarang,Jawa Tengah,+62 877-4276-1549,nabila.ramadhan.1549@example.invalid,Asuransi Perusahaan,28-Nov-2025,Ya,Aktif
PAT-MOCK-0001550,EMR-MOCK-0001550,MOCK-8913-19970604-1550,Dimas Permana,Laki-laki,1997-06-04 00:00:00,Belum diperiksa,Cerai Mati,"Jl. Mawar No. 139, Panakkukang",Makassar,Sulawesi Selatan,+62 885-3826-1550,dimas.maulana.1550@example.invalid,Pribadi,28-May-2025,Ya,Aktif
PAT-MOCK-0001551,EMR-MOCK-0001551,MOCK-4306-19790209-1551,Tiara Simanjuntak,Perempuan,1979-02-09 00:00:00,B,Cerai Hidup,"Jl. Anggrek No. 16, Kebon Jeruk",Jakarta Barat,DKI Jakarta,+62 869-5120-1551,tiara.utama.1551@example.invalid,Asuransi Perusahaan,23-May-2021,Tidak,Aktif
PAT-MOCK-0001552,EMR-MOCK-0001552,MOCK-2887-19641117-1552,Aditya Nugraha,Laki-laki,1964-11-17 00:00:00,AB,Cerai Hidup,"Jl. Cendana No. 12, Panakkukang",Makassar,Sulawesi Selatan,+62 881-3298-1552,aditya.purnama.1552@example.invalid,Pribadi,27-Nov-2021,Ya,Aktif
PAT-MOCK-0001553,EMR-MOCK-0001553,MOCK-5579-19610213-1553,Citra Hartono,Perempuan,1961-02-13 00:00:00,A,Cerai Hidup,"Jl. Merpati No. 10, Wonokromo",Surabaya,Jawa Timur,+62 822-4860-1553,citra.siregar.1553@example.invalid,Corporate Guarantee,14-Apr-2026,Ya,Aktif
PAT-MOCK-0001554,EMR-MOCK-0001554,MOCK-7878-19660515-1554,Nabila Siregar,Perempuan,1966-05-15 00:00:00,O,Menikah,"Jl. Merpati No. 124, Panakkukang",Makassar,Sulawesi Selatan,+62 870-1942-1554,nabila.nasution.1554@example.invalid,Pribadi,08-May-2020,Tidak,Aktif
PAT-MOCK-0001555,EMR-MOCK-0001555,MOCK-6442-19480729-1555,Andi Santoso,Laki-laki,1948-07-29 00:00:00,O,Belum Menikah,"Jl. Flamboyan No. 168, Banyumanik",Semarang,Jawa Tengah,+62 891-8880-1555,andi.simanjuntak.1555@example.invalid,BPJS Kesehatan,03-Jun-2019,Tidak,Aktif
PAT-MOCK-0001556,EMR-MOCK-0001556,MOCK-1820-19570422-1556,Yoga Santoso,Laki-laki,1957-04-22 00:00:00,B,Cerai Hidup,"Jl. Rajawali No. 108, Medan Baru",Medan,Sumatera Utara,+62 854-1598-1556,yoga.halim.1556@example.invalid,Asuransi Swasta,24-Mar-2024,Tidak,Aktif
PAT-MOCK-0001557,EMR-MOCK-0001557,MOCK-7659-19880212-1557,Farhan Pratama,Laki-laki,1988-02-12 00:00:00,O,Cerai Hidup,"Jl. Anggrek No. 19, Denpasar Selatan",Denpasar,Bali,+62 872-4431-1557,farhan.gunawan.1557@example.invalid,Asuransi Swasta,13-Nov-2018,Ya,Aktif
PAT-MOCK-0001558,EMR-MOCK-0001558,MOCK-5273-20141112-1558,Irfan Purnama,Laki-laki,2014-11-12 00:00:00,A,Cerai Hidup,"Jl. Kenanga No. 50, Coblong",Bandung,Jawa Barat,+62 888-1533-1558,irfan.hartono.1558@example.invalid,Asuransi Swasta,21-Feb-2026,Ya,Aktif
PAT-MOCK-0001559,EMR-MOCK-0001559,MOCK-4746-19740415-1559,Yoga Lesmana,Laki-laki,1974-04-15 00:00:00,B,Menikah,"Jl. Cemara No. 6, Kebayoran Baru",Jakarta Selatan,DKI Jakarta,+62 839-1805-1559,yoga.lesmana.1559@example.invalid,BPJS Kesehatan,09-Aug-2018,Ya,Aktif
PAT-MOCK-0001560,EMR-MOCK-0001560,MOCK-1251-20241116-1560,Wulan Kusuma,Perempuan,2024-11-16 00:00:00,B,Menikah,"Jl. Mawar No. 147, Bekasi Selatan",Bekasi,Jawa Barat,+62 862-9818-1560,wulan.pratama.1560@example.invalid,Pribadi,26-May-2025,Ya,Aktif
PAT-MOCK-0001561,EMR-MOCK-0001561,MOCK-4161-19650104-1561,Rangga Gunawan,Laki-laki,1965-01-04 00:00:00,O,Cerai Hidup,"Jl. Rajawali No. 54, Karawaci",Tangerang,Banten,+62 858-7325-1561,rangga.saputra.1561@example.invalid,Asuransi Perusahaan,29-Nov-2023,Ya,Aktif
PAT-MOCK-0001562,EMR-MOCK-0001562,MOCK-2053-19890828-1562,Aulia Pratama,Perempuan,1989-08-28 00:00:00,O,Menikah,"Jl. Mawar No. 6, Denpasar Selatan",Denpasar,Bali,+62 864-5508-1562,aulia.wijaya.1562@example.invalid,BPJS Kesehatan,31-Oct-2025,Tidak,Aktif
PAT-MOCK-0001563,EMR-MOCK-0001563,MOCK-1255-20200704-1563,Tiara Utama,Perempuan,2020-07-04 00:00:00,Belum diperiksa,Menikah,"Jl. Anggrek No. 8, Bekasi Selatan",Bekasi,Jawa Barat,+62 867-1411-1563,tiara.santoso.1563@example.invalid,Asuransi Swasta,20-Jun-2024,Ya,Aktif
PAT-MOCK-0001564,EMR-MOCK-0001564,MOCK-2589-19670729-1564,Maya Kusuma,Perempuan,1967-07-29 00:00:00,B,Menikah,"Jl. Melati No. 64, Duren Sawit",Jakarta Timur,DKI Jakarta,+62 893-7192-1564,maya.hidayat.1564@example.invalid,Pribadi,21-Jun-2024,Ya,Aktif
PAT-MOCK-0001565,EMR-MOCK-0001565,MOCK-4321-19641105-1565,Nadia Santoso,Perempuan,1964-11-05 00:00:00,O,Belum Menikah,"Jl. Dahlia No. 91, Bekasi Selatan",Bekasi,Jawa Barat,+62 876-8513-1565,nadia.nugraha.1565@example.invalid,Pribadi,02-Dec-2019,Ya,Tidak Aktif
PAT-MOCK-0001566,EMR-MOCK-0001566,MOCK-2889-19790401-1566,Yoga Simanjuntak,Laki-laki,1979-04-01 00:00:00,B,Cerai Hidup,"Jl. Cendana No. 48, Banyumanik",Semarang,Jawa Tengah,+62 875-3551-1566,yoga.kusuma.1566@example.invalid,Asuransi Swasta,27-Jul-2023,Ya,Aktif
PAT-MOCK-0001567,EMR-MOCK-0001567,MOCK-9694-20070429-1567,Bagas Pratama,Laki-laki,2007-04-29 00:00:00,B,Menikah,"Jl. Melati No. 17, Coblong",Bandung,Jawa Barat,+62 866-6749-1567,bagas.setiawan.1567@example.invalid,Corporate Guarantee,26-Aug-2023,Tidak,Aktif
PAT-MOCK-0001568,EMR-MOCK-0001568,MOCK-2141-19620620-1568,Nabila Nugraha,Perempuan,1962-06-20 00:00:00,O,Cerai Hidup,"Jl. Cendana No. 84, Beji",Depok,Jawa Barat,+62 861-2384-1568,nabila.permana.1568@example.invalid,Asuransi Swasta,01-Feb-2024,Tidak,Aktif
PAT-MOCK-0001569,EMR-MOCK-0001569,MOCK-5391-20131208-1569,Dinda Santoso,Perempuan,2013-12-08 00:00:00,A,Belum Menikah,"Jl. Cendana No. 129, Banyumanik",Semarang,Jawa Tengah,+62 875-7218-1569,dinda.ramadhan.1569@example.invalid,Asuransi Swasta,02-Nov-2023,Tidak,Aktif
PAT-MOCK-0001570,EMR-MOCK-0001570,MOCK-4781-19830315-1570,Joko Hidayat,Laki-laki,1983-03-15 00:00:00,A,Belum Menikah,"Jl. Kenanga No. 52, Denpasar Selatan",Denpasar,Bali,+62 866-7606-1570,joko.maulana.1570@example.invalid,Asuransi Perusahaan,11-Jun-2025,Ya,Aktif
PAT-MOCK-0001571,EMR-MOCK-0001571,MOCK-2617-19531009-1571,Intan Halim,Perempuan,1953-10-09 00:00:00,B,Cerai Mati,"Jl. Rajawali No. 163, Kebon Jeruk",Jakarta Barat,DKI Jakarta,+62 871-9550-1571,intan.utama.1571@example.invalid,BPJS Kesehatan,30-May-2020,Ya,Aktif
PAT-MOCK-0001572,EMR-MOCK-0001572,MOCK-4595-19580101-1572,Sari Nasution,Perempuan,1958-01-01 00:00:00,B,Belum Menikah,"Jl. Rajawali No. 31, Serpong",Tangerang Selatan,Banten,+62 817-6873-1572,sari.purnama.1572@example.invalid,Asuransi Swasta,06-Oct-2020,Tidak,Aktif
PAT-MOCK-0001573,EMR-MOCK-0001573,MOCK-4961-20020915-1573,Farhan Maulana,Laki-laki,2002-09-15 00:00:00,O,Cerai Mati,"Jl. Merpati No. 57, Medan Baru",Medan,Sumatera Utara,+62 876-1514-1573,farhan.siregar.1573@example.invalid,Pribadi,30-May-2021,Ya,Aktif
PAT-MOCK-0001574,EMR-MOCK-0001574,MOCK-1345-19650511-1574,Danu Santoso,Laki-laki,1965-05-11 00:00:00,O,Menikah,"Jl. Kenanga No. 59, Banyumanik",Semarang,Jawa Tengah,+62 892-6699-1574,danu.nasution.1574@example.invalid,Corporate Guarantee,17-Jun-2026,Ya,Aktif
PAT-MOCK-0001575,EMR-MOCK-0001575,MOCK-8156-19840326-1575,Arya Nugraha,Laki-laki,1984-03-26 00:00:00,O,Belum Menikah,"Jl. Mawar No. 167, Coblong",Bandung,Jawa Barat,+62 811-3623-1575,arya.simanjuntak.1575@example.invalid,Corporate Guarantee,04-Sep-2022,Tidak,Aktif
PAT-MOCK-0001576,EMR-MOCK-0001576,MOCK-7909-20030408-1576,Putri Santoso,Perempuan,2003-04-08 00:00:00,O,Cerai Hidup,"Jl. Kenanga No. 66, Wonokromo",Surabaya,Jawa Timur,+62 817-9181-1576,putri.halim.1576@example.invalid,Asuransi Swasta,12-Apr-2026,Ya,Aktif
PAT-MOCK-0001577,EMR-MOCK-0001577,MOCK-7617-20071014-1577,Ahmad Simanjuntak,Laki-laki,2007-10-14 00:00:00,B,Belum Menikah,"Jl. Merpati No. 155, Beji",Depok,Jawa Barat,+62 834-6329-1577,ahmad.gunawan.1577@example.invalid,Asuransi Perusahaan,28-Jul-2025,Ya,Aktif
PAT-MOCK-0001578,EMR-MOCK-0001578,MOCK-4900-20151111-1578,Irfan Siregar,Laki-laki,2015-11-11 00:00:00,O,Belum Menikah,"Jl. Merpati No. 165, Panakkukang",Makassar,Sulawesi Selatan,+62 865-9437-1578,irfan.hartono.1578@example.invalid,Corporate Guarantee,30-Jan-2020,Tidak,Aktif
PAT-MOCK-0001579,EMR-MOCK-0001579,MOCK-2037-19610118-1579,Lestari Wijaya,Perempuan,1961-01-18 00:00:00,O,Menikah,"Jl. Flamboyan No. 89, Wonokromo",Surabaya,Jawa Timur,+62 851-8132-1579,lestari.lesmana.1579@example.invalid,BPJS Kesehatan,16-Jun-2022,Tidak,Aktif
PAT-MOCK-0001580,EMR-MOCK-0001580,MOCK-5868-20030312-1580,Nabila Simanjuntak,Perempuan,2003-03-12 00:00:00,A,Cerai Mati,"Jl. Mawar No. 112, Bekasi Selatan",Bekasi,Jawa Barat,+62 814-4247-1580,nabila.pratama.1580@example.invalid,Corporate Guarantee,06-May-2023,Ya,Aktif
PAT-MOCK-0001581,EMR-MOCK-0001581,MOCK-2974-19730417-1581,Citra Wijaya,Perempuan,1973-04-17 00:00:00,O,Belum Menikah,"Jl. Rajawali No. 74, Serpong",Tangerang Selatan,Banten,+62 877-1386-1581,citra.saputra.1581@example.invalid,Asuransi Swasta,13-May-2018,Ya,Aktif
PAT-MOCK-0001582,EMR-MOCK-0001582,MOCK-6215-19640714-1582,Citra Lesmana,Perempuan,1964-07-14 00:00:00,O,Cerai Mati,"Jl. Merpati No. 53, Serpong",Tangerang Selatan,Banten,+62 886-1721-1582,citra.wijaya.1582@example.invalid,Corporate Guarantee,01-Apr-2026,Tidak,Aktif
PAT-MOCK-0001583,EMR-MOCK-0001583,MOCK-5936-19560710-1583,Kartika Pratama,Perempuan,1956-07-10 00:00:00,B,Menikah,"Jl. Cendana No. 62, Panakkukang",Makassar,Sulawesi Selatan,+62 841-3222-1583,kartika.santoso.1583@example.invalid,BPJS Kesehatan,15-May-2020,Ya,Aktif
PAT-MOCK-0001584,EMR-MOCK-0001584,MOCK-2632-20110312-1584,Anindya Santoso,Perempuan,2011-03-12 00:00:00,A,Belum Menikah,"Jl. Cendana No. 11, Medan Baru",Medan,Sumatera Utara,+62 871-8531-1584,anindya.hidayat.1584@example.invalid,Asuransi Swasta,17-Jul-2020,Ya,Aktif
PAT-MOCK-0001585,EMR-MOCK-0001585,MOCK-2339-19651123-1585,Intan Purnama,Perempuan,1965-11-23 00:00:00,O,Belum Menikah,"Jl. Rajawali No. 118, Duren Sawit",Jakarta Timur,DKI Jakarta,+62 829-6171-1585,intan.nugraha.1585@example.invalid,Asuransi Perusahaan,10-Jan-2022,Tidak,Aktif
PAT-MOCK-0001586,EMR-MOCK-0001586,MOCK-9993-20240502-1586,Lestari Nasution,Perempuan,2024-05-02 00:00:00,B,Cerai Mati,"Jl. Mawar No. 71, Coblong",Bandung,Jawa Barat,+62 851-5681-1586,lestari.kusuma.1586@example.invalid,BPJS Kesehatan,17-Dec-2024,Ya,Aktif
PAT-MOCK-0001587,EMR-MOCK-0001587,MOCK-7083-20220308-1587,Nabila Purnama,Perempuan,2022-03-08 00:00:00,A,Cerai Hidup,"Jl. Anggrek No. 34, Duren Sawit",Jakarta Timur,DKI Jakarta,+62 834-6817-1587,nabila.setiawan.1587@example.invalid,Pribadi,20-Sep-2022,Ya,Aktif
PAT-MOCK-0001588,EMR-MOCK-0001588,MOCK-3136-19820812-1588,Anindya Halim,Perempuan,1982-08-12 00:00:00,O,Belum Menikah,"Jl. Flamboyan No. 41, Denpasar Selatan",Denpasar,Bali,+62 849-4685-1588,anindya.permana.1588@example.invalid,Pribadi,30-Mar-2018,Ya,Aktif
PAT-MOCK-0001589,EMR-MOCK-0001589,MOCK-9251-19830828-1589,Intan Maulana,Perempuan,1983-08-28 00:00:00,O,Belum Menikah,"Jl. Merpati No. 71, Panakkukang",Makassar,Sulawesi Selatan,+62 882-7476-1589,intan.ramadhan.1589@example.invalid,Pribadi,14-Oct-2021,Ya,Aktif
PAT-MOCK-0001590,EMR-MOCK-0001590,MOCK-4865-19781002-1590,Rani Ramadhan,Perempuan,1978-10-02 00:00:00,AB,Cerai Mati,"Jl. Mawar No. 18, Bekasi Selatan",Bekasi,Jawa Barat,+62 896-3727-1590,rani.maulana.1590@example.invalid,Corporate Guarantee,12-Jul-2018,Ya,Aktif
PAT-MOCK-0001591,EMR-MOCK-0001591,MOCK-6356-19961202-1591,Danu Lesmana,Laki-laki,1996-12-02 00:00:00,O,Cerai Hidup,"Jl. Dahlia No. 60, Ilir Barat I",Palembang,Sumatera Selatan,+62 847-2814-1591,danu.utama.1591@example.invalid,Asuransi Swasta,15-Dec-2022,Ya,Aktif
PAT-MOCK-0001592,EMR-MOCK-0001592,MOCK-6128-19980808-1592,Lestari Ramadhan,Perempuan,1998-08-08 00:00:00,B,Cerai Mati,"Jl. Flamboyan No. 105, Medan Baru",Medan,Sumatera Utara,+62 860-3640-1592,lestari.purnama.1592@example.invalid,BPJS Kesehatan,19-Apr-2024,Tidak,Aktif
PAT-MOCK-0001593,EMR-MOCK-0001593,MOCK-3728-20210406-1593,Tiara Simanjuntak,Perempuan,2021-04-06 00:00:00,A,Menikah,"Jl. Mawar No. 64, Karawaci",Tangerang,Banten,+62 889-9005-1593,tiara.siregar.1593@example.invalid,BPJS Kesehatan,05-Aug-2021,Tidak,Aktif
PAT-MOCK-0001594,EMR-MOCK-0001594,MOCK-7787-19580930-1594,Irfan Nasution,Laki-laki,1958-09-30 00:00:00,O,Cerai Hidup,"Jl. Mawar No. 94, Wonokromo",Surabaya,Jawa Timur,+62 864-2676-1594,irfan.nasution.1594@example.invalid,Asuransi Swasta,04-Dec-2024,Ya,Aktif
PAT-MOCK-0001595,EMR-MOCK-0001595,MOCK-3146-20061104-1595,Kartika Purnama,Perempuan,2006-11-04 00:00:00,O,Cerai Hidup,"Jl. Mawar No. 114, Medan Baru",Medan,Sumatera Utara,+62 861-6037-1595,kartika.simanjuntak.1595@example.invalid,Asuransi Perusahaan,13-Aug-2026,Ya,Aktif
PAT-MOCK-0001596,EMR-MOCK-0001596,MOCK-7746-19980831-1596,Dinda Nasution,Perempuan,1998-08-31 00:00:00,A,Cerai Hidup,"Jl. Anggrek No. 56, Bekasi Selatan",Bekasi,Jawa Barat,+62 846-9348-1596,dinda.halim.1596@example.invalid,BPJS Kesehatan,15-Aug-2022,Ya,Aktif
PAT-MOCK-0001597,EMR-MOCK-0001597,MOCK-7328-20040909-1597,Ahmad Hidayat,Laki-laki,2004-09-09 00:00:00,AB,Menikah,"Jl. Anggrek No. 44, Denpasar Selatan",Denpasar,Bali,+62 824-9595-1597,ahmad.gunawan.1597@example.invalid,Asuransi Perusahaan,05-May-2023,Ya,Aktif
PAT-MOCK-0001598,EMR-MOCK-0001598,MOCK-9004-19711016-1598,Anindya Hartono,Perempuan,1971-10-16 00:00:00,O,Menikah,"Jl. Anggrek No. 64, Coblong",Bandung,Jawa Barat,+62 863-6676-1598,anindya.hartono.1598@example.invalid,BPJS Kesehatan,06-Apr-2020,Ya,Aktif
PAT-MOCK-0001599,EMR-MOCK-0001599,MOCK-7627-19980729-1599,Lestari Ramadhan,Perempuan,1998-07-29 00:00:00,B,Cerai Mati,"Jl. Flamboyan No. 65, Medan Baru",Medan,Sumatera Utara,+62 832-7792-1599,lestari.lesmana.1599@example.invalid,Asuransi Swasta,07-Aug-2019,Ya,Aktif
PAT-MOCK-0001600,EMR-MOCK-0001600,MOCK-3942-19801201-1600,Aisyah Pratama,Perempuan,1980-12-01 00:00:00,O,Cerai Hidup,"Jl. Anggrek No. 96, Banyumanik",Semarang,Jawa Tengah,+62 844-5608-1600,aisyah.pratama.1600@example.invalid,Asuransi Swasta,06-Feb-2026,Ya,Aktif
PAT-MOCK-0001601,EMR-MOCK-0001601,MOCK-5876-19670127-1601,Wulan Santoso,Perempuan,1967-01-27 00:00:00,AB,Menikah,"Jl. Flamboyan No. 103, Coblong",Bandung,Jawa Barat,+62 833-9390-1601,wulan.saputra.1601@example.invalid,Corporate Guarantee,27-Jul-2025,Tidak,Aktif
PAT-MOCK-0001602,EMR-MOCK-0001602,MOCK-7695-19770702-1602,Amelia Simanjuntak,Perempuan,1977-07-02 00:00:00,O,Belum Menikah,"Jl. Flamboyan No. 22, Kebon Jeruk",Jakarta Barat,DKI Jakarta,+62 852-6171-1602,amelia.wijaya.1602@example.invalid,Corporate Guarantee,18-Nov-2019,Ya,Aktif
PAT-MOCK-0001603,EMR-MOCK-0001603,MOCK-2427-19540517-1603,Intan Hartono,Perempuan,1954-05-17 00:00:00,O,Belum Menikah,"Jl. Anggrek No. 129, Medan Baru",Medan,Sumatera Utara,+62 869-8042-1603,intan.santoso.1603@example.invalid,Corporate Guarantee,05-Oct-2024,Ya,Aktif
PAT-MOCK-0001604,EMR-MOCK-0001604,MOCK-1163-20130329-1604,Citra Kusuma,Perempuan,2013-03-29 00:00:00,AB,Menikah,"Jl. Merpati No. 22, Kebayoran Baru",Jakarta Selatan,DKI Jakarta,+62 852-5655-1604,citra.hidayat.1604@example.invalid,Corporate Guarantee,20-Jul-2020,Ya,Tidak Aktif
PAT-MOCK-0001605,EMR-MOCK-0001605,MOCK-1127-20080211-1605,Farhan Santoso,Laki-laki,2008-02-11 00:00:00,B,Belum Menikah,"Jl. Cendana No. 5, Ilir Barat I",Palembang,Sumatera Selatan,+62 870-6635-1605,farhan.nugraha.1605@example.invalid,Pribadi,23-Jun-2019,Tidak,Aktif
PAT-MOCK-0001606,EMR-MOCK-0001606,MOCK-5557-20050503-1606,Arif Halim,Laki-laki,2005-05-03 00:00:00,A,Menikah,"Jl. Cendana No. 115, Banyumanik",Semarang,Jawa Tengah,+62 873-7346-1606,arif.kusuma.1606@example.invalid,BPJS Kesehatan,31-Jan-2022,Ya,Aktif
PAT-MOCK-0001607,EMR-MOCK-0001607,MOCK-5417-19910123-1607,Dewi Setiawan,Perempuan,1991-01-23 00:00:00,O,Menikah,"Jl. Dahlia No. 126, Coblong",Bandung,Jawa Barat,+62 855-9691-1607,dewi.setiawan.1607@example.invalid,BPJS Kesehatan,17-Jul-2025,Ya,Aktif
PAT-MOCK-0001608,EMR-MOCK-0001608,MOCK-6800-19530308-1608,Galang Saputra,Laki-laki,1953-03-08 00:00:00,B,Menikah,"Jl. Cemara No. 90, Panakkukang",Makassar,Sulawesi Selatan,+62 818-6962-1608,galang.permana.1608@example.invalid,Pribadi,26-Feb-2021,Ya,Aktif
PAT-MOCK-0001609,EMR-MOCK-0001609,MOCK-1284-19990826-1609,Dewi Halim,Perempuan,1999-08-26 00:00:00,O,Cerai Mati,"Jl. Cendana No. 72, Duren Sawit",Jakarta Timur,DKI Jakarta,+62 839-5750-1609,dewi.ramadhan.1609@example.invalid,Asuransi Swasta,15-Jan-2020,Ya,Aktif
PAT-MOCK-0001610,EMR-MOCK-0001610,MOCK-9375-19911229-1610,Andi Kusuma,Laki-laki,1991-12-29 00:00:00,Belum diperiksa,Cerai Mati,"Jl. Rajawali No. 82, Banyumanik",Semarang,Jawa Tengah,+62 832-5506-1610,andi.maulana.1610@example.invalid,Asuransi Perusahaan,02-Nov-2019,Tidak,Aktif
PAT-MOCK-0001611,EMR-MOCK-0001611,MOCK-6178-19490223-1611,Citra Santoso,Perempuan,1949-02-23 00:00:00,O,Belum Menikah,"Jl. Anggrek No. 74, Banyumanik",Semarang,Jawa Tengah,+62 851-9983-1611,citra.utama.1611@example.invalid,BPJS Kesehatan,09-May-2021,Ya,Aktif
PAT-MOCK-0001612,EMR-MOCK-0001612,MOCK-1337-19580406-1612,Raka Purnama,Laki-laki,1958-04-06 00:00:00,O,Menikah,"Jl. Anggrek No. 10, Beji",Depok,Jawa Barat,+62 849-6626-1612,raka.purnama.1612@example.invalid,Pribadi,27-Mar-2024,Ya,Aktif
PAT-MOCK-0001613,EMR-MOCK-0001613,MOCK-4964-20170420-1613,Maya Nugraha,Perempuan,2017-04-20 00:00:00,O,Cerai Hidup,"Jl. Cemara No. 162, Duren Sawit",Jakarta Timur,DKI Jakarta,+62 838-3344-1613,maya.siregar.1613@example.invalid,Pribadi,03-Apr-2020,Ya,Aktif
PAT-MOCK-0001614,EMR-MOCK-0001614,MOCK-9753-19450325-1614,Andi Permana,Laki-laki,1945-03-25 00:00:00,A,Cerai Hidup,"Jl. Dahlia No. 44, Beji",Depok,Jawa Barat,+62 851-2916-1614,andi.nasution.1614@example.invalid,Asuransi Perusahaan,16-Apr-2025,Ya,Tidak Aktif
PAT-MOCK-0001615,EMR-MOCK-0001615,MOCK-4779-19480508-1615,Dimas Utama,Laki-laki,1948-05-08 00:00:00,B,Cerai Mati,"Jl. Dahlia No. 37, Kebayoran Baru",Jakarta Selatan,DKI Jakarta,+62 896-7862-1615,dimas.simanjuntak.1615@example.invalid,Asuransi Perusahaan,15-Jul-2021,Ya,Aktif
PAT-MOCK-0001616,EMR-MOCK-0001616,MOCK-6360-20120910-1616,Ahmad Siregar,Laki-laki,2012-09-10 00:00:00,O,Cerai Hidup,"Jl. Melati No. 153, Karawaci",Tangerang,Banten,+62 898-6464-1616,ahmad.halim.1616@example.invalid,Corporate Guarantee,31-Jul-2022,Ya,Aktif
PAT-MOCK-0001617,EMR-MOCK-0001617,MOCK-4378-20100906-1617,Eko Setiawan,Laki-laki,2010-09-06 00:00:00,O,Menikah,"Jl. Merpati No. 125, Duren Sawit",Jakarta Timur,DKI Jakarta,+62 877-9088-1617,eko.gunawan.1617@example.invalid,Pribadi,16-Sep-2019,Ya,Aktif
PAT-MOCK-0001618,EMR-MOCK-0001618,MOCK-4729-19990702-1618,Putri Lesmana,Perempuan,1999-07-02 00:00:00,O,Cerai Hidup,"Jl. Flamboyan No. 3, Medan Baru",Medan,Sumatera Utara,+62 831-9486-1618,putri.hartono.1618@example.invalid,Corporate Guarantee,07-Sep-2023,Ya,Aktif
PAT-MOCK-0001619,EMR-MOCK-0001619,MOCK-2526-19571128-1619,Joko Permana,Laki-laki,1957-11-28 00:00:00,A,Cerai Mati,"Jl. Flamboyan No. 130, Panakkukang",Makassar,Sulawesi Selatan,+62 816-3813-1619,joko.lesmana.1619@example.invalid,BPJS Kesehatan,15-Feb-2022,Ya,Aktif
PAT-MOCK-0001620,EMR-MOCK-0001620,MOCK-5092-19820614-1620,Arya Santoso,Laki-laki,1982-06-14 00:00:00,A,Cerai Mati,"Jl. Rajawali No. 91, Kebayoran Baru",Jakarta Selatan,DKI Jakarta,+62 838-8753-1620,arya.pratama.1620@example.invalid,BPJS Kesehatan,30-Jun-2024,Ya,Aktif
PAT-MOCK-0001621,EMR-MOCK-0001621,MOCK-5622-20051030-1621,Amelia Siregar,Perempuan,2005-10-30 00:00:00,O,Cerai Hidup,"Jl. Rajawali No. 38, Denpasar Selatan",Denpasar,Bali,+62 863-5989-1621,amelia.saputra.1621@example.invalid,BPJS Kesehatan,24-May-2021,Ya,Aktif
PAT-MOCK-0001622,EMR-MOCK-0001622,MOCK-5640-19960802-1622,Hendra Utama,Laki-laki,1996-08-02 00:00:00,B,Belum Menikah,"Jl. Cemara No. 154, Banyumanik",Semarang,Jawa Tengah,+62 880-2083-1622,hendra.wijaya.1622@example.invalid,Asuransi Swasta,19-Oct-2020,Ya,Aktif
PAT-MOCK-0001623,EMR-MOCK-0001623,MOCK-8044-19561007-1623,Ahmad Siregar,Laki-laki,1956-10-07 00:00:00,O,Menikah,"Jl. Rajawali No. 160, Denpasar Selatan",Denpasar,Bali,+62 836-8429-1623,ahmad.santoso.1623@example.invalid,Corporate Guarantee,27-Apr-2025,Tidak,Aktif
PAT-MOCK-0001624,EMR-MOCK-0001624,MOCK-3470-20190104-1624,Arif Simanjuntak,Laki-laki,2019-01-04 00:00:00,B,Cerai Hidup,"Jl. Anggrek No. 116, Medan Baru",Medan,Sumatera Utara,+62 817-7009-1624,arif.hidayat.1624@example.invalid,Pribadi,09-Jan-2022,Ya,Aktif
PAT-MOCK-0001625,EMR-MOCK-0001625,MOCK-3751-19590113-1625,Yoga Wijaya,Laki-laki,1959-01-13 00:00:00,Belum diperiksa,Belum Menikah,"Jl. Cendana No. 60, Medan Baru",Medan,Sumatera Utara,+62 849-4661-1625,yoga.nugraha.1625@example.invalid,Asuransi Perusahaan,09-Apr-2021,Ya,Aktif
PAT-MOCK-0001626,EMR-MOCK-0001626,MOCK-3825-20140414-1626,Fitri Hartono,Perempuan,2014-04-14 00:00:00,O,Cerai Hidup,"Jl. Dahlia No. 149, Medan Baru",Medan,Sumatera Utara,+62 825-5453-1626,fitri.kusuma.1626@example.invalid,BPJS Kesehatan,27-Apr-2026,Ya,Aktif
PAT-MOCK-0001627,EMR-MOCK-0001627,MOCK-6136-19720212-1627,Arya Nugraha,Laki-laki,1972-02-12 00:00:00,A,Cerai Mati,"Jl. Kenanga No. 50, Bogor Tengah",Bogor,Jawa Barat,+62 821-8236-1627,arya.setiawan.1627@example.invalid,Corporate Guarantee,06-May-2023,Ya,Aktif
PAT-MOCK-0001628,EMR-MOCK-0001628,MOCK-5376-19611027-1628,Dinda Setiawan,Perempuan,1961-10-27 00:00:00,O,Cerai Mati,"Jl. Melati No. 117, Medan Baru",Medan,Sumatera Utara,+62 866-6270-1628,dinda.permana.1628@example.invalid,Corporate Guarantee,20-Apr-2022,Ya,Aktif
PAT-MOCK-0001629,EMR-MOCK-0001629,MOCK-6860-20200823-1629,Bagas Maulana,Laki-laki,2020-08-23 00:00:00,A,Belum Menikah,"Jl. Dahlia No. 175, Banyumanik",Semarang,Jawa Tengah,+62 827-1412-1629,bagas.ramadhan.1629@example.invalid,Corporate Guarantee,10-Jul-2025,Tidak,Aktif
PAT-MOCK-0001630,EMR-MOCK-0001630,MOCK-5398-19770830-1630,Rizky Maulana,Laki-laki,1977-08-30 00:00:00,B,Cerai Mati,"Jl. Merpati No. 29, Bogor Tengah",Bogor,Jawa Barat,+62 853-7121-1630,rizky.maulana.1630@example.invalid,Corporate Guarantee,07-Mar-2019,Ya,Aktif
PAT-MOCK-0001631,EMR-MOCK-0001631,MOCK-1315-19910204-1631,Nadia Nugraha,Perempuan,1991-02-04 00:00:00,A,Cerai Mati,"Jl. Kenanga No. 101, Beji",Depok,Jawa Barat,+62 879-4757-1631,nadia.utama.1631@example.invalid,Asuransi Perusahaan,09-Jul-2019,Ya,Aktif
PAT-MOCK-0001632,EMR-MOCK-0001632,MOCK-7814-20150109-1632,Rangga Hidayat,Laki-laki,2015-01-09 00:00:00,B,Belum Menikah,"Jl. Cendana No. 140, Beji",Depok,Jawa Barat,+62 826-7900-1632,rangga.purnama.1632@example.invalid,BPJS Kesehatan,07-Jul-2025,Ya,Aktif
PAT-MOCK-0001633,EMR-MOCK-0001633,MOCK-8359-19911209-1633,Putri Hidayat,Perempuan,1991-12-09 00:00:00,B,Cerai Mati,"Jl. Mawar No. 51, Ilir Barat I",Palembang,Sumatera Selatan,+62 882-8760-1633,putri.siregar.1633@example.invalid,Pribadi,13-Mar-2026,Tidak,Aktif
PAT-MOCK-0001634,EMR-MOCK-0001634,MOCK-7805-19540523-1634,Rizky Hartono,Laki-laki,1954-05-23 00:00:00,B,Cerai Hidup,"Jl. Kenanga No. 162, Serpong",Tangerang Selatan,Banten,+62 865-2230-1634,rizky.nasution.1634@example.invalid,Asuransi Swasta,27-Jun-2024,Ya,Aktif
PAT-MOCK-0001635,EMR-MOCK-0001635,MOCK-2725-20000323-1635,Andi Setiawan,Laki-laki,2000-03-23 00:00:00,A,Menikah,"Jl. Rajawali No. 32, Serpong",Tangerang Selatan,Banten,+62 894-4253-1635,andi.simanjuntak.1635@example.invalid,Asuransi Perusahaan,15-Nov-2020,Ya,Aktif
PAT-MOCK-0001636,EMR-MOCK-0001636,MOCK-1390-19850625-1636,Anindya Hartono,Perempuan,1985-06-25 00:00:00,O,Menikah,"Jl. Mawar No. 76, Bogor Tengah",Bogor,Jawa Barat,+62 898-4785-1636,anindya.halim.1636@example.invalid,BPJS Kesehatan,12-Apr-2021,Ya,Aktif
PAT-MOCK-0001637,EMR-MOCK-0001637,MOCK-4880-20180312-1637,Nabila Lesmana,Perempuan,2018-03-12 00:00:00,O,Belum Menikah,"Jl. Flamboyan No. 1, Duren Sawit",Jakarta Timur,DKI Jakarta,+62 882-2255-1637,nabila.gunawan.1637@example.invalid,Pribadi,01-Mar-2022,Ya,Aktif
PAT-MOCK-0001638,EMR-MOCK-0001638,MOCK-9691-20190223-1638,Yoga Pratama,Laki-laki,2019-02-23 00:00:00,B,Cerai Hidup,"Jl. Rajawali No. 17, Karawaci",Tangerang,Banten,+62 850-5409-1638,yoga.hartono.1638@example.invalid,Asuransi Perusahaan,05-Sep-2022,Ya,Aktif
PAT-MOCK-0001639,EMR-MOCK-0001639,MOCK-9824-20150815-1639,Amelia Maulana,Perempuan,2015-08-15 00:00:00,A,Cerai Mati,"Jl. Cendana No. 141, Medan Baru",Medan,Sumatera Utara,+62 898-9407-1639,amelia.lesmana.1639@example.invalid,Corporate Guarantee,19-Jul-2018,Ya,Aktif
PAT-MOCK-0001640,EMR-MOCK-0001640,MOCK-5666-19521105-1640,Rani Permana,Perempuan,1952-11-05 00:00:00,O,Belum Menikah,"Jl. Rajawali No. 8, Coblong",Bandung,Jawa Barat,+62 845-8603-1640,rani.pratama.1640@example.invalid,Asuransi Perusahaan,29-Dec-2023,Ya,Aktif
PAT-MOCK-0001641,EMR-MOCK-0001641,MOCK-6145-19871112-1641,Dimas Gunawan,Laki-laki,1987-11-12 00:00:00,A,Belum Menikah,"Jl. Merpati No. 53, Beji",Depok,Jawa Barat,+62 840-1384-1641,dimas.saputra.1641@example.invalid,Asuransi Swasta,18-Sep-2020,Ya,Aktif
PAT-MOCK-0001642,EMR-MOCK-0001642,MOCK-5378-19521012-1642,Rizky Saputra,Laki-laki,1952-10-12 00:00:00,B,Cerai Mati,"Jl. Cendana No. 158, Denpasar Selatan",Denpasar,Bali,+62 860-6095-1642,rizky.wijaya.1642@example.invalid,Pribadi,02-Jun-2025,Tidak,Aktif
PAT-MOCK-0001643,EMR-MOCK-0001643,MOCK-6980-19840616-1643,Lestari Siregar,Perempuan,1984-06-16 00:00:00,A,Belum Menikah,"Jl. Dahlia No. 175, Coblong",Bandung,Jawa Barat,+62 868-6158-1643,lestari.santoso.1643@example.invalid,Corporate Guarantee,25-Nov-2023,Ya,Aktif
PAT-MOCK-0001644,EMR-MOCK-0001644,MOCK-7925-19900927-1644,Arif Halim,Laki-laki,1990-09-27 00:00:00,A,Belum Menikah,"Jl. Flamboyan No. 144, Denpasar Selatan",Denpasar,Bali,+62 889-9983-1644,arif.hidayat.1644@example.invalid,Asuransi Swasta,28-Dec-2018,Ya,Aktif
PAT-MOCK-0001645,EMR-MOCK-0001645,MOCK-8075-20040823-1645,Bagas Nasution,Laki-laki,2004-08-23 00:00:00,A,Menikah,"Jl. Mawar No. 102, Beji",Depok,Jawa Barat,+62 875-4530-1645,bagas.nugraha.1645@example.invalid,Corporate Guarantee,30-May-2020,Tidak,Aktif
PAT-MOCK-0001646,EMR-MOCK-0001646,MOCK-7488-19520703-1646,Arya Utama,Laki-laki,1952-07-03 00:00:00,AB,Cerai Mati,"Jl. Merpati No. 146, Panakkukang",Makassar,Sulawesi Selatan,+62 892-2831-1646,arya.kusuma.1646@example.invalid,Asuransi Swasta,24-Jun-2023,Ya,Aktif
PAT-MOCK-0001647,EMR-MOCK-0001647,MOCK-4655-19910603-1647,Sari Santoso,Perempuan,1991-06-03 00:00:00,A,Cerai Hidup,"Jl. Dahlia No. 172, Panakkukang",Makassar,Sulawesi Selatan,+62 836-1549-1647,sari.setiawan.1647@example.invalid,Asuransi Swasta,28-Nov-2019,Ya,Aktif
PAT-MOCK-0001648,EMR-MOCK-0001648,MOCK-3882-19831127-1648,Raka Nasution,Laki-laki,1983-11-27 00:00:00,A,Cerai Hidup,"Jl. Kenanga No. 119, Panakkukang",Makassar,Sulawesi Selatan,+62 862-8672-1648,raka.permana.1648@example.invalid,Pribadi,02-Mar-2024,Ya,Aktif
PAT-MOCK-0001649,EMR-MOCK-0001649,MOCK-1700-20070424-1649,Dinda Hartono,Perempuan,2007-04-24 00:00:00,AB,Belum Menikah,"Jl. Cendana No. 137, Duren Sawit",Jakarta Timur,DKI Jakarta,+62 882-1211-1649,dinda.ramadhan.1649@example.invalid,Pribadi,12-Oct-2019,Ya,Aktif
PAT-MOCK-0001650,EMR-MOCK-0001650,MOCK-8661-20100125-1650,Rani Lesmana,Perempuan,2010-01-25 00:00:00,O,Menikah,"Jl. Cemara No. 151, Karawaci",Tangerang,Banten,+62 831-6343-1650,rani.maulana.1650@example.invalid,BPJS Kesehatan,06-Apr-2026,Ya,Aktif
PAT-MOCK-0001651,EMR-MOCK-0001651,MOCK-9661-19750718-1651,Dinda Kusuma,Perempuan,1975-07-18 00:00:00,O,Cerai Mati,"Jl. Melati No. 87, Ilir Barat I",Palembang,Sumatera Selatan,+62 872-7736-1651,dinda.utama.1651@example.invalid,Corporate Guarantee,18-Dec-2022,Tidak,Aktif
PAT-MOCK-0001652,EMR-MOCK-0001652,MOCK-6626-19970907-1652,Raka Santoso,Laki-laki,1997-09-07 00:00:00,B,Cerai Hidup,"Jl. Anggrek No. 168, Karawaci",Tangerang,Banten,+62 862-3213-1652,raka.purnama.1652@example.invalid,Asuransi Swasta,19-Nov-2024,Ya,Aktif
PAT-MOCK-0001653,EMR-MOCK-0001653,MOCK-6708-19531109-1653,Joko Utama,Laki-laki,1953-11-09 00:00:00,O,Cerai Hidup,"Jl. Flamboyan No. 154, Kebayoran Baru",Jakarta Selatan,DKI Jakarta,+62 830-4963-1653,joko.siregar.1653@example.invalid,Corporate Guarantee,11-Mar-2024,Tidak,Aktif
PAT-MOCK-0001654,EMR-MOCK-0001654,MOCK-8779-19511024-1654,Amelia Kusuma,Perempuan,1951-10-24 00:00:00,A,Cerai Hidup,"Jl. Kenanga No. 137, Serpong",Tangerang Selatan,Banten,+62 895-4711-1654,amelia.nasution.1654@example.invalid,BPJS Kesehatan,11-May-2022,Ya,Aktif
PAT-MOCK-0001655,EMR-MOCK-0001655,MOCK-3377-20020301-1655,Maya Halim,Perempuan,2002-03-01 00:00:00,AB,Belum Menikah,"Jl. Kenanga No. 47, Bogor Tengah",Bogor,Jawa Barat,+62 827-1550-1655,maya.simanjuntak.1655@example.invalid,Asuransi Perusahaan,03-Feb-2018,Ya,Aktif
PAT-MOCK-0001656,EMR-MOCK-0001656,MOCK-9951-19600623-1656,Aulia Utama,Perempuan,1960-06-23 00:00:00,A,Menikah,"Jl. Melati No. 164, Ilir Barat I",Palembang,Sumatera Selatan,+62 840-2494-1656,aulia.halim.1656@example.invalid,Corporate Guarantee,07-Sep-2019,Tidak,Aktif
PAT-MOCK-0001657,EMR-MOCK-0001657,MOCK-4360-19561003-1657,Citra Ramadhan,Perempuan,1956-10-03 00:00:00,B,Cerai Mati,"Jl. Rajawali No. 180, Medan Baru",Medan,Sumatera Utara,+62 826-4829-1657,citra.gunawan.1657@example.invalid,BPJS Kesehatan,07-Sep-2021,Ya,Aktif
PAT-MOCK-0001658,EMR-MOCK-0001658,MOCK-6236-19651127-1658,Lestari Permana,Perempuan,1965-11-27 00:00:00,O,Cerai Hidup,"Jl. Melati No. 59, Bekasi Selatan",Bekasi,Jawa Barat,+62 829-3340-1658,lestari.hartono.1658@example.invalid,Asuransi Swasta,29-Jun-2023,Ya,Aktif
PAT-MOCK-0001659,EMR-MOCK-0001659,MOCK-9447-19840908-1659,Wulan Siregar,Perempuan,1984-09-08 00:00:00,O,Cerai Mati,"Jl. Cemara No. 143, Serpong",Tangerang Selatan,Banten,+62 839-2784-1659,wulan.lesmana.1659@example.invalid,Asuransi Perusahaan,10-May-2023,Tidak,Aktif
PAT-MOCK-0001660,EMR-MOCK-0001660,MOCK-5750-19660709-1660,Yoga Hartono,Laki-laki,1966-07-09 00:00:00,B,Cerai Mati,"Jl. Rajawali No. 65, Karawaci",Tangerang,Banten,+62 858-6718-1660,yoga.pratama.1660@example.invalid,Asuransi Swasta,30-Sep-2021,Ya,Aktif
PAT-MOCK-0001661,EMR-MOCK-0001661,MOCK-6803-19980911-1661,Dewi Halim,Perempuan,1998-09-11 00:00:00,A,Cerai Mati,"Jl. Rajawali No. 137, Beji",Depok,Jawa Barat,+62 876-3829-1661,dewi.saputra.1661@example.invalid,Asuransi Perusahaan,21-Jul-2018,Ya,Aktif
PAT-MOCK-0001662,EMR-MOCK-0001662,MOCK-5540-19601212-1662,Sekar Permana,Perempuan,1960-12-12 00:00:00,B,Belum Menikah,"Jl. Rajawali No. 131, Kebayoran Baru",Jakarta Selatan,DKI Jakarta,+62 810-5508-1662,sekar.wijaya.1662@example.invalid,Pribadi,16-Jun-2025,Ya,Aktif
PAT-MOCK-0001663,EMR-MOCK-0001663,MOCK-1995-19830908-1663,Dimas Siregar,Laki-laki,1983-09-08 00:00:00,B,Cerai Mati,"Jl. Cemara No. 178, Banyumanik",Semarang,Jawa Tengah,+62 891-7912-1663,dimas.santoso.1663@example.invalid,Pribadi,10-Sep-2024,Tidak,Aktif
PAT-MOCK-0001664,EMR-MOCK-0001664,MOCK-8860-20231021-1664,Irfan Lesmana,Laki-laki,2023-10-21 00:00:00,B,Cerai Hidup,"Jl. Dahlia No. 153, Kebayoran Baru",Jakarta Selatan,DKI Jakarta,+62 894-3337-1664,irfan.hidayat.1664@example.invalid,Corporate Guarantee,22-Oct-2023,Ya,Aktif
PAT-MOCK-0001665,EMR-MOCK-0001665,MOCK-4709-19831128-1665,Dewi Permana,Perempuan,1983-11-28 00:00:00,O,Belum Menikah,"Jl. Melati No. 20, Ilir Barat I",Palembang,Sumatera Selatan,+62 868-3920-1665,dewi.nugraha.1665@example.invalid,Pribadi,06-Oct-2023,Ya,Aktif
PAT-MOCK-0001666,EMR-MOCK-0001666,MOCK-1363-19471126-1666,Irfan Gunawan,Laki-laki,1947-11-26 00:00:00,O,Belum Menikah,"Jl. Mawar No. 72, Serpong",Tangerang Selatan,Banten,+62 842-3069-1666,irfan.kusuma.1666@example.invalid,Asuransi Swasta,09-May-2026,Ya,Aktif
PAT-MOCK-0001667,EMR-MOCK-0001667,MOCK-3387-19680217-1667,Yoga Pratama,Laki-laki,1968-02-17 00:00:00,O,Cerai Hidup,"Jl. Merpati No. 57, Wonokromo",Surabaya,Jawa Timur,+62 871-5974-1667,yoga.setiawan.1667@example.invalid,Pribadi,30-Dec-2020,Ya,Aktif
PAT-MOCK-0001668,EMR-MOCK-0001668,MOCK-5780-20230125-1668,Dewi Hartono,Perempuan,2023-01-25 00:00:00,B,Cerai Mati,"Jl. Melati No. 57, Bekasi Selatan",Bekasi,Jawa Barat,+62 858-2945-1668,dewi.permana.1668@example.invalid,BPJS Kesehatan,26-Jan-2023,Ya,Aktif
PAT-MOCK-0001669,EMR-MOCK-0001669,MOCK-8438-20240704-1669,Joko Santoso,Laki-laki,2024-07-04 00:00:00,B,Menikah,"Jl. Cendana No. 4, Ilir Barat I",Palembang,Sumatera Selatan,+62 854-9130-1669,joko.ramadhan.1669@example.invalid,BPJS Kesehatan,26-Jan-2026,Ya,Aktif
PAT-MOCK-0001670,EMR-MOCK-0001670,MOCK-3964-20200508-1670,Andi Maulana,Laki-laki,2020-05-08 00:00:00,A,Menikah,"Jl. Flamboyan No. 59, Serpong",Tangerang Selatan,Banten,+62 867-2011-1670,andi.maulana.1670@example.invalid,BPJS Kesehatan,09-May-2020,Tidak,Aktif
PAT-MOCK-0001671,EMR-MOCK-0001671,MOCK-2495-19760111-1671,Arif Halim,Laki-laki,1976-01-11 00:00:00,A,Cerai Mati,"Jl. Flamboyan No. 80, Bekasi Selatan",Bekasi,Jawa Barat,+62 886-6325-1671,arif.utama.1671@example.invalid,Pribadi,15-Sep-2018,Tidak,Aktif
PAT-MOCK-0001672,EMR-MOCK-0001672,MOCK-1850-20050228-1672,Joko Wijaya,Laki-laki,2005-02-28 00:00:00,O,Belum Menikah,"Jl. Merpati No. 32, Denpasar Selatan",Denpasar,Bali,+62 855-8962-1672,joko.purnama.1672@example.invalid,Corporate Guarantee,01-Dec-2019,Tidak,Aktif
PAT-MOCK-0001673,EMR-MOCK-0001673,MOCK-5321-20031101-1673,Intan Kusuma,Perempuan,2003-11-01 00:00:00,O,Belum Menikah,"Jl. Cendana No. 89, Ilir Barat I",Palembang,Sumatera Selatan,+62 861-3554-1673,intan.siregar.1673@example.invalid,BPJS Kesehatan,21-Dec-2024,Ya,Aktif
PAT-MOCK-0001674,EMR-MOCK-0001674,MOCK-1157-19491204-1674,Danu Hartono,Laki-laki,1949-12-04 00:00:00,A,Cerai Hidup,"Jl. Anggrek No. 102, Medan Baru",Medan,Sumatera Utara,+62 889-7620-1674,danu.nasution.1674@example.invalid,Asuransi Swasta,24-Sep-2023,Ya,Aktif
PAT-MOCK-0001675,EMR-MOCK-0001675,MOCK-1850-19950624-1675,Rangga Nasution,Laki-laki,1995-06-24 00:00:00,O,Belum Menikah,"Jl. Melati No. 107, Medan Baru",Medan,Sumatera Utara,+62 882-8831-1675,rangga.simanjuntak.1675@example.invalid,Pribadi,24-Apr-2024,Ya,Aktif
PAT-MOCK-0001676,EMR-MOCK-0001676,MOCK-1793-20030425-1676,Aditya Simanjuntak,Laki-laki,2003-04-25 00:00:00,Belum diperiksa,Menikah,"Jl. Mawar No. 131, Karawaci",Tangerang,Banten,+62 822-2625-1676,aditya.halim.1676@example.invalid,Pribadi,09-Sep-2023,Ya,Aktif
PAT-MOCK-0001677,EMR-MOCK-0001677,MOCK-7115-19961126-1677,Rangga Ramadhan,Laki-laki,1996-11-26 00:00:00,O,Cerai Hidup,"Jl. Merpati No. 103, Karawaci",Tangerang,Banten,+62 879-4006-1677,rangga.gunawan.1677@example.invalid,BPJS Kesehatan,20-Jan-2023,Ya,Aktif
PAT-MOCK-0001678,EMR-MOCK-0001678,MOCK-9355-19721021-1678,Yoga Kusuma,Laki-laki,1972-10-21 00:00:00,AB,Belum Menikah,"Jl. Mawar No. 128, Beji",Depok,Jawa Barat,+62 868-3018-1678,yoga.hartono.1678@example.invalid,Asuransi Perusahaan,24-Apr-2021,Ya,Aktif
PAT-MOCK-0001679,EMR-MOCK-0001679,MOCK-5961-19450411-1679,Aditya Pratama,Laki-laki,1945-04-11 00:00:00,O,Menikah,"Jl. Kenanga No. 67, Karawaci",Tangerang,Banten,+62 890-1105-1679,aditya.lesmana.1679@example.invalid,Asuransi Perusahaan,28-Jun-2026,Tidak,Aktif
PAT-MOCK-0001680,EMR-MOCK-0001680,MOCK-3785-19460107-1680,Fajar Kusuma,Laki-laki,1946-01-07 00:00:00,AB,Belum Menikah,"Jl. Merpati No. 75, Beji",Depok,Jawa Barat,+62 880-5035-1680,fajar.pratama.1680@example.invalid,Asuransi Swasta,11-Jun-2020,Tidak,Aktif
PAT-MOCK-0001681,EMR-MOCK-0001681,MOCK-6002-20010501-1681,Tiara Hidayat,Perempuan,2001-05-01 00:00:00,O,Belum Menikah,"Jl. Anggrek No. 13, Kebayoran Baru",Jakarta Selatan,DKI Jakarta,+62 891-5915-1681,tiara.saputra.1681@example.invalid,Corporate Guarantee,15-Jan-2020,Ya,Aktif
PAT-MOCK-0001682,EMR-MOCK-0001682,MOCK-6807-19630812-1682,Dewi Setiawan,Perempuan,1963-08-12 00:00:00,O,Cerai Hidup,"Jl. Kenanga No. 131, Bogor Tengah",Bogor,Jawa Barat,+62 897-5619-1682,dewi.wijaya.1682@example.invalid,Pribadi,06-Sep-2025,Ya,Aktif
PAT-MOCK-0001683,EMR-MOCK-0001683,MOCK-9525-19840720-1683,Galang Setiawan,Laki-laki,1984-07-20 00:00:00,B,Cerai Hidup,"Jl. Cemara No. 88, Bogor Tengah",Bogor,Jawa Barat,+62 886-1497-1683,galang.santoso.1683@example.invalid,Pribadi,25-Jan-2022,Tidak,Aktif
PAT-MOCK-0001684,EMR-MOCK-0001684,MOCK-5846-19610108-1684,Putri Simanjuntak,Perempuan,1961-01-08 00:00:00,O,Belum Menikah,"Jl. Melati No. 18, Bogor Tengah",Bogor,Jawa Barat,+62 826-1287-1684,putri.hidayat.1684@example.invalid,Asuransi Swasta,11-Aug-2022,Ya,Aktif
PAT-MOCK-0001685,EMR-MOCK-0001685,MOCK-1669-20181103-1685,Rani Kusuma,Perempuan,2018-11-03 00:00:00,AB,Cerai Mati,"Jl. Kenanga No. 55, Denpasar Selatan",Denpasar,Bali,+62 897-6671-1685,rani.nugraha.1685@example.invalid,Pribadi,18-Sep-2021,Tidak,Aktif
PAT-MOCK-0001686,EMR-MOCK-0001686,MOCK-9598-20240418-1686,Dewi Purnama,Perempuan,2024-04-18 00:00:00,B,Cerai Mati,"Jl. Cemara No. 76, Bogor Tengah",Bogor,Jawa Barat,+62 894-8797-1686,dewi.kusuma.1686@example.invalid,Asuransi Perusahaan,19-Apr-2024,Ya,Aktif
PAT-MOCK-0001687,EMR-MOCK-0001687,MOCK-7280-19800106-1687,Wulan Pratama,Perempuan,1980-01-06 00:00:00,Belum diperiksa,Cerai Hidup,"Jl. Anggrek No. 98, Panakkukang",Makassar,Sulawesi Selatan,+62 885-2660-1687,wulan.setiawan.1687@example.invalid,Pribadi,10-Aug-2025,Ya,Aktif
PAT-MOCK-0001688,EMR-MOCK-0001688,MOCK-3336-19891016-1688,Rangga Siregar,Laki-laki,1989-10-16 00:00:00,A,Belum Menikah,"Jl. Dahlia No. 129, Denpasar Selatan",Denpasar,Bali,+62 898-4365-1688,rangga.permana.1688@example.invalid,Asuransi Perusahaan,19-Jul-2022,Tidak,Aktif
PAT-MOCK-0001689,EMR-MOCK-0001689,MOCK-2352-19790111-1689,Aditya Simanjuntak,Laki-laki,1979-01-11 00:00:00,B,Menikah,"Jl. Cemara No. 14, Coblong",Bandung,Jawa Barat,+62 885-2584-1689,aditya.ramadhan.1689@example.invalid,BPJS Kesehatan,22-Apr-2024,Ya,Aktif
PAT-MOCK-0001690,EMR-MOCK-0001690,MOCK-2799-19710604-1690,Eko Maulana,Laki-laki,1971-06-04 00:00:00,B,Belum Menikah,"Jl. Kenanga No. 22, Duren Sawit",Jakarta Timur,DKI Jakarta,+62 831-2402-1690,eko.maulana.1690@example.invalid,Asuransi Perusahaan,29-Jan-2026,Ya,Aktif
PAT-MOCK-0001691,EMR-MOCK-0001691,MOCK-8773-19800722-1691,Rizky Kusuma,Laki-laki,1980-07-22 00:00:00,B,Menikah,"Jl. Rajawali No. 176, Denpasar Selatan",Denpasar,Bali,+62 893-9473-1691,rizky.utama.1691@example.invalid,Corporate Guarantee,15-Jun-2023,Ya,Aktif
PAT-MOCK-0001692,EMR-MOCK-0001692,MOCK-1406-19631010-1692,Dewi Utama,Perempuan,1963-10-10 00:00:00,O,Cerai Hidup,"Jl. Flamboyan No. 59, Beji",Depok,Jawa Barat,+62 834-1341-1692,dewi.purnama.1692@example.invalid,Asuransi Perusahaan,01-Apr-2024,Tidak,Aktif
PAT-MOCK-0001693,EMR-MOCK-0001693,MOCK-1553-20071006-1693,Kartika Simanjuntak,Perempuan,2007-10-06 00:00:00,O,Cerai Hidup,"Jl. Mawar No. 146, Panakkukang",Makassar,Sulawesi Selatan,+62 833-8558-1693,kartika.siregar.1693@example.invalid,Asuransi Perusahaan,06-Jun-2019,Ya,Aktif
PAT-MOCK-0001694,EMR-MOCK-0001694,MOCK-2145-19980821-1694,Aisyah Siregar,Perempuan,1998-08-21 00:00:00,A,Cerai Mati,"Jl. Melati No. 39, Ilir Barat I",Palembang,Sumatera Selatan,+62 833-2423-1694,aisyah.nasution.1694@example.invalid,BPJS Kesehatan,28-Feb-2025,Tidak,Aktif
PAT-MOCK-0001695,EMR-MOCK-0001695,MOCK-4681-20120414-1695,Andi Setiawan,Laki-laki,2012-04-14 00:00:00,A,Cerai Hidup,"Jl. Flamboyan No. 35, Kebayoran Baru",Jakarta Selatan,DKI Jakarta,+62 876-1894-1695,andi.simanjuntak.1695@example.invalid,Corporate Guarantee,31-Jul-2026,Ya,Aktif
PAT-MOCK-0001696,EMR-MOCK-0001696,MOCK-3566-19790411-1696,Rangga Purnama,Laki-laki,1979-04-11 00:00:00,B,Cerai Mati,"Jl. Merpati No. 41, Panakkukang",Makassar,Sulawesi Selatan,+62 880-6521-1696,rangga.halim.1696@example.invalid,Pribadi,28-May-2020,Ya,Aktif
PAT-MOCK-0001697,EMR-MOCK-0001697,MOCK-7798-19620826-1697,Joko Saputra,Laki-laki,1962-08-26 00:00:00,O,Cerai Mati,"Jl. Rajawali No. 160, Coblong",Bandung,Jawa Barat,+62 890-1586-1697,joko.gunawan.1697@example.invalid,Asuransi Perusahaan,25-Dec-2025,Ya,Aktif
PAT-MOCK-0001698,EMR-MOCK-0001698,MOCK-1254-19691007-1698,Arya Nasution,Laki-laki,1969-10-07 00:00:00,B,Belum Menikah,"Jl. Cemara No. 118, Panakkukang",Makassar,Sulawesi Selatan,+62 882-6180-1698,arya.hartono.1698@example.invalid,BPJS Kesehatan,11-Jan-2021,Ya,Aktif
PAT-MOCK-0001699,EMR-MOCK-0001699,MOCK-9397-19760209-1699,Aulia Hidayat,Perempuan,1976-02-09 00:00:00,B,Cerai Mati,"Jl. Flamboyan No. 103, Ilir Barat I",Palembang,Sumatera Selatan,+62 816-9273-1699,aulia.lesmana.1699@example.invalid,Asuransi Perusahaan,09-Nov-2025,Ya,Aktif
PAT-MOCK-0001700,EMR-MOCK-0001700,MOCK-4465-20200229-1700,Arya Gunawan,Laki-laki,2020-02-29 00:00:00,B,Menikah,"Jl. Anggrek No. 5, Karawaci",Tangerang,Banten,+62 826-2965-1700,arya.pratama.1700@example.invalid,BPJS Kesehatan,20-Jan-2022,Ya,Aktif
PAT-MOCK-0001701,EMR-MOCK-0001701,MOCK-3604-19560210-1701,Dimas Gunawan,Laki-laki,1956-02-10 00:00:00,B,Cerai Hidup,"Jl. Kenanga No. 121, Panakkukang",Makassar,Sulawesi Selatan,+62 865-8166-1701,dimas.saputra.1701@example.invalid,Asuransi Swasta,11-Aug-2019,Tidak,Aktif
PAT-MOCK-0001702,EMR-MOCK-0001702,MOCK-2027-19720920-1702,Rani Simanjuntak,Perempuan,1972-09-20 00:00:00,O,Cerai Mati,"Jl. Cemara No. 22, Bogor Tengah",Bogor,Jawa Barat,+62 895-4450-1702,rani.wijaya.1702@example.invalid,Corporate Guarantee,24-Oct-2023,Ya,Aktif
PAT-MOCK-0001703,EMR-MOCK-0001703,MOCK-2333-19821104-1703,Arya Nasution,Laki-laki,1982-11-04 00:00:00,O,Cerai Mati,"Jl. Rajawali No. 168, Serpong",Tangerang Selatan,Banten,+62 858-2101-1703,arya.santoso.1703@example.invalid,Asuransi Swasta,25-Aug-2018,Tidak,Aktif
PAT-MOCK-0001704,EMR-MOCK-0001704,MOCK-9124-20160203-1704,Galang Purnama,Laki-laki,2016-02-03 00:00:00,O,Belum Menikah,"Jl. Flamboyan No. 174, Panakkukang",Makassar,Sulawesi Selatan,+62 817-3258-1704,galang.hidayat.1704@example.invalid,Asuransi Swasta,14-Jul-2023,Ya,Aktif
PAT-MOCK-0001705,EMR-MOCK-0001705,MOCK-1460-20110712-1705,Rangga Maulana,Laki-laki,2011-07-12 00:00:00,A,Menikah,"Jl. Flamboyan No. 63, Karawaci",Tangerang,Banten,+62 831-1463-1705,rangga.nugraha.1705@example.invalid,Pribadi,10-Aug-2022,Ya,Aktif
PAT-MOCK-0001706,EMR-MOCK-0001706,MOCK-9863-19700414-1706,Bima Simanjuntak,Laki-laki,1970-04-14 00:00:00,O,Menikah,"Jl. Cemara No. 36, Beji",Depok,Jawa Barat,+62 857-8002-1706,bima.kusuma.1706@example.invalid,Corporate Guarantee,11-Sep-2021,Ya,Aktif
PAT-MOCK-0001707,EMR-MOCK-0001707,MOCK-7034-19500503-1707,Sari Hartono,Perempuan,1950-05-03 00:00:00,B,Belum Menikah,"Jl. Mawar No. 79, Denpasar Selatan",Denpasar,Bali,+62 837-4106-1707,sari.setiawan.1707@example.invalid,Asuransi Perusahaan,13-Jun-2021,Tidak,Aktif
PAT-MOCK-0001708,EMR-MOCK-0001708,MOCK-2504-20201020-1708,Nabila Nasution,Perempuan,2020-10-20 00:00:00,O,Belum Menikah,"Jl. Cemara No. 110, Denpasar Selatan",Denpasar,Bali,+62 833-5699-1708,nabila.permana.1708@example.invalid,Asuransi Perusahaan,25-May-2023,Ya,Aktif
PAT-MOCK-0001709,EMR-MOCK-0001709,MOCK-4386-19880712-1709,Danu Hartono,Laki-laki,1988-07-12 00:00:00,AB,Belum Menikah,"Jl. Cendana No. 32, Wonokromo",Surabaya,Jawa Timur,+62 831-8471-1709,danu.ramadhan.1709@example.invalid,Corporate Guarantee,10-May-2024,Ya,Aktif
PAT-MOCK-0001710,EMR-MOCK-0001710,MOCK-3061-20070207-1710,Danu Nugraha,Laki-laki,2007-02-07 00:00:00,Belum diperiksa,Cerai Hidup,"Jl. Rajawali No. 73, Beji",Depok,Jawa Barat,+62 894-9848-1710,danu.maulana.1710@example.invalid,Corporate Guarantee,02-May-2020,Ya,Aktif
PAT-MOCK-0001711,EMR-MOCK-0001711,MOCK-8305-19790104-1711,Aulia Kusuma,Perempuan,1979-01-04 00:00:00,B,Belum Menikah,"Jl. Melati No. 31, Karawaci",Tangerang,Banten,+62 864-5462-1711,aulia.utama.1711@example.invalid,BPJS Kesehatan,05-Oct-2020,Tidak,Aktif
PAT-MOCK-0001712,EMR-MOCK-0001712,MOCK-8701-19990406-1712,Rani Halim,Perempuan,1999-04-06 00:00:00,A,Belum Menikah,"Jl. Flamboyan No. 14, Wonokromo",Surabaya,Jawa Timur,+62 871-5181-1712,rani.purnama.1712@example.invalid,Pribadi,20-Aug-2025,Tidak,Aktif
PAT-MOCK-0001713,EMR-MOCK-0001713,MOCK-8363-19650726-1713,Irfan Gunawan,Laki-laki,1965-07-26 00:00:00,A,Cerai Mati,"Jl. Cendana No. 111, Medan Baru",Medan,Sumatera Utara,+62 827-6433-1713,irfan.siregar.1713@example.invalid,BPJS Kesehatan,04-Dec-2018,Ya,Aktif
PAT-MOCK-0001714,EMR-MOCK-0001714,MOCK-9209-20130409-1714,Wulan Ramadhan,Perempuan,2013-04-09 00:00:00,A,Cerai Hidup,"Jl. Flamboyan No. 124, Karawaci",Tangerang,Banten,+62 875-7652-1714,wulan.nasution.1714@example.invalid,Asuransi Swasta,14-Jan-2026,Tidak,Aktif
PAT-MOCK-0001715,EMR-MOCK-0001715,MOCK-1551-19770318-1715,Aulia Siregar,Perempuan,1977-03-18 00:00:00,A,Belum Menikah,"Jl. Dahlia No. 142, Duren Sawit",Jakarta Timur,DKI Jakarta,+62 823-1330-1715,aulia.simanjuntak.1715@example.invalid,Asuransi Swasta,27-Sep-2022,Ya,Aktif
PAT-MOCK-0001716,EMR-MOCK-0001716,MOCK-5440-19920825-1716,Intan Permana,Perempuan,1992-08-25 00:00:00,O,Cerai Hidup,"Jl. Merpati No. 26, Duren Sawit",Jakarta Timur,DKI Jakarta,+62 834-8418-1716,intan.halim.1716@example.invalid,Corporate Guarantee,30-Jan-2020,Ya,Aktif
PAT-MOCK-0001717,EMR-MOCK-0001717,MOCK-1784-19681003-1717,Sekar Hidayat,Perempuan,1968-10-03 00:00:00,B,Belum Menikah,"Jl. Dahlia No. 148, Bekasi Selatan",Bekasi,Jawa Barat,+62 843-8037-1717,sekar.gunawan.1717@example.invalid,Corporate Guarantee,12-Apr-2022,Ya,Aktif
PAT-MOCK-0001718,EMR-MOCK-0001718,MOCK-4631-19980726-1718,Rani Simanjuntak,Perempuan,1998-07-26 00:00:00,O,Menikah,"Jl. Flamboyan No. 137, Wonokromo",Surabaya,Jawa Timur,+62 845-6070-1718,rani.hartono.1718@example.invalid,Asuransi Swasta,28-Aug-2022,Ya,Aktif
PAT-MOCK-0001719,EMR-MOCK-0001719,MOCK-8844-20060807-1719,Hendra Siregar,Laki-laki,2006-08-07 00:00:00,B,Menikah,"Jl. Merpati No. 176, Kebon Jeruk",Jakarta Barat,DKI Jakarta,+62 870-3832-1719,hendra.lesmana.1719@example.invalid,Asuransi Perusahaan,15-Mar-2022,Tidak,Aktif
PAT-MOCK-0001720,EMR-MOCK-0001720,MOCK-7494-20020924-1720,Bima Pratama,Laki-laki,2002-09-24 00:00:00,O,Menikah,"Jl. Kenanga No. 146, Panakkukang",Makassar,Sulawesi Selatan,+62 831-8631-1720,bima.pratama.1720@example.invalid,Corporate Guarantee,05-Jul-2023,Ya,Aktif
PAT-MOCK-0001721,EMR-MOCK-0001721,MOCK-1681-20180609-1721,Raka Ramadhan,Laki-laki,2018-06-09 00:00:00,O,Cerai Hidup,"Jl. Dahlia No. 56, Coblong",Bandung,Jawa Barat,+62 895-5801-1721,raka.saputra.1721@example.invalid,Pribadi,05-Mar-2021,Ya,Aktif
PAT-MOCK-0001722,EMR-MOCK-0001722,MOCK-8784-19731112-1722,Ahmad Kusuma,Laki-laki,1973-11-12 00:00:00,O,Cerai Hidup,"Jl. Cemara No. 149, Panakkukang",Makassar,Sulawesi Selatan,+62 893-7700-1722,ahmad.wijaya.1722@example.invalid,Corporate Guarantee,25-Apr-2020,Tidak,Aktif
PAT-MOCK-0001723,EMR-MOCK-0001723,MOCK-7384-20180108-1723,Putri Maulana,Perempuan,2018-01-08 00:00:00,B,Cerai Hidup,"Jl. Flamboyan No. 91, Serpong",Tangerang Selatan,Banten,+62 853-9298-1723,putri.santoso.1723@example.invalid,Asuransi Swasta,08-Oct-2025,Tidak,Aktif
PAT-MOCK-0001724,EMR-MOCK-0001724,MOCK-2716-20100605-1724,Arif Pratama,Laki-laki,2010-06-05 00:00:00,A,Cerai Hidup,"Jl. Cendana No. 63, Banyumanik",Semarang,Jawa Tengah,+62 847-9941-1724,arif.hidayat.1724@example.invalid,Corporate Guarantee,19-Aug-2021,Ya,Aktif
PAT-MOCK-0001725,EMR-MOCK-0001725,MOCK-9029-20210301-1725,Dewi Lesmana,Perempuan,2021-03-01 00:00:00,B,Menikah,"Jl. Merpati No. 83, Bogor Tengah",Bogor,Jawa Barat,+62 893-9540-1725,dewi.nugraha.1725@example.invalid,Asuransi Perusahaan,18-Aug-2023,Ya,Aktif
PAT-MOCK-0001726,EMR-MOCK-0001726,MOCK-9792-19630126-1726,Nabila Maulana,Perempuan,1963-01-26 00:00:00,O,Cerai Mati,"Jl. Melati No. 3, Serpong",Tangerang Selatan,Banten,+62 874-5216-1726,nabila.kusuma.1726@example.invalid,Pribadi,26-Feb-2024,Ya,Aktif
PAT-MOCK-0001727,EMR-MOCK-0001727,MOCK-7662-19880625-1727,Andi Maulana,Laki-laki,1988-06-25 00:00:00,O,Cerai Hidup,"Jl. Anggrek No. 79, Ilir Barat I",Palembang,Sumatera Selatan,+62 840-8714-1727,andi.setiawan.1727@example.invalid,Asuransi Perusahaan,31-May-2019,Ya,Aktif
PAT-MOCK-0001728,EMR-MOCK-0001728,MOCK-9541-20240831-1728,Dewi Purnama,Perempuan,2024-08-31 00:00:00,B,Cerai Hidup,"Jl. Anggrek No. 68, Kebayoran Baru",Jakarta Selatan,DKI Jakarta,+62 899-3262-1728,dewi.permana.1728@example.invalid,Pribadi,01-Sep-2024,Ya,Aktif
PAT-MOCK-0001729,EMR-MOCK-0001729,MOCK-1138-19490926-1729,Wulan Halim,Perempuan,1949-09-26 00:00:00,Belum diperiksa,Menikah,"Jl. Cendana No. 161, Wonokromo",Surabaya,Jawa Timur,+62 816-6228-1729,wulan.ramadhan.1729@example.invalid,Asuransi Perusahaan,03-Dec-2018,Ya,Aktif
PAT-MOCK-0001730,EMR-MOCK-0001730,MOCK-8644-19561216-1730,Andi Ramadhan,Laki-laki,1956-12-16 00:00:00,A,Menikah,"Jl. Kenanga No. 68, Kebayoran Baru",Jakarta Selatan,DKI Jakarta,+62 844-2605-1730,andi.maulana.1730@example.invalid,Asuransi Swasta,23-Nov-2019,Ya,Aktif
PAT-MOCK-0001731,EMR-MOCK-0001731,MOCK-2215-19861026-1731,Bima Simanjuntak,Laki-laki,1986-10-26 00:00:00,O,Menikah,"Jl. Kenanga No. 110, Serpong",Tangerang Selatan,Banten,+62 841-7822-1731,bima.utama.1731@example.invalid,Asuransi Swasta,09-Aug-2026,Ya,Aktif
PAT-MOCK-0001732,EMR-MOCK-0001732,MOCK-9780-19830605-1732,Dewi Simanjuntak,Perempuan,1983-06-05 00:00:00,O,Cerai Hidup,"Jl. Dahlia No. 116, Coblong",Bandung,Jawa Barat,+62 850-6725-1732,dewi.purnama.1732@example.invalid,Pribadi,16-Jun-2024,Tidak,Aktif
PAT-MOCK-0001733,EMR-MOCK-0001733,MOCK-8059-19701202-1733,Aisyah Utama,Perempuan,1970-12-02 00:00:00,O,Cerai Mati,"Jl. Merpati No. 31, Kebayoran Baru",Jakarta Selatan,DKI Jakarta,+62 832-8886-1733,aisyah.siregar.1733@example.invalid,Pribadi,02-Sep-2019,Ya,Aktif
PAT-MOCK-0001734,EMR-MOCK-0001734,MOCK-6017-19980801-1734,Fajar Setiawan,Laki-laki,1998-08-01 00:00:00,O,Belum Menikah,"Jl. Flamboyan No. 145, Beji",Depok,Jawa Barat,+62 851-2403-1734,fajar.nasution.1734@example.invalid,Asuransi Swasta,08-Aug-2025,Tidak,Aktif
PAT-MOCK-0001735,EMR-MOCK-0001735,MOCK-4785-19960503-1735,Dimas Permana,Laki-laki,1996-05-03 00:00:00,O,Menikah,"Jl. Kenanga No. 18, Duren Sawit",Jakarta Timur,DKI Jakarta,+62 819-2561-1735,dimas.simanjuntak.1735@example.invalid,BPJS Kesehatan,24-Sep-2020,Ya,Aktif
PAT-MOCK-0001736,EMR-MOCK-0001736,MOCK-8424-19460316-1736,Irfan Simanjuntak,Laki-laki,1946-03-16 00:00:00,B,Menikah,"Jl. Anggrek No. 69, Denpasar Selatan",Denpasar,Bali,+62 860-5234-1736,irfan.halim.1736@example.invalid,Asuransi Perusahaan,30-Jul-2024,Tidak,Aktif
PAT-MOCK-0001737,EMR-MOCK-0001737,MOCK-6794-19470112-1737,Arif Nasution,Laki-laki,1947-01-12 00:00:00,O,Menikah,"Jl. Kenanga No. 50, Denpasar Selatan",Denpasar,Bali,+62 810-3401-1737,arif.gunawan.1737@example.invalid,Corporate Guarantee,22-Apr-2019,Ya,Aktif
PAT-MOCK-0001738,EMR-MOCK-0001738,MOCK-4600-20201221-1738,Sari Ramadhan,Perempuan,2020-12-21 00:00:00,O,Menikah,"Jl. Dahlia No. 143, Bogor Tengah",Bogor,Jawa Barat,+62 893-8394-1738,sari.hartono.1738@example.invalid,BPJS Kesehatan,22-Dec-2020,Ya,Aktif
PAT-MOCK-0001739,EMR-MOCK-0001739,MOCK-5470-20201023-1739,Sari Santoso,Perempuan,2020-10-23 00:00:00,B,Belum Menikah,"Jl. Mawar No. 39, Kebayoran Baru",Jakarta Selatan,DKI Jakarta,+62 893-6816-1739,sari.lesmana.1739@example.invalid,BPJS Kesehatan,24-Oct-2020,Tidak,Aktif
PAT-MOCK-0001740,EMR-MOCK-0001740,MOCK-1662-19701012-1740,Farhan Nasution,Laki-laki,1970-10-12 00:00:00,AB,Menikah,"Jl. Flamboyan No. 119, Serpong",Tangerang Selatan,Banten,+62 861-4759-1740,farhan.pratama.1740@example.invalid,Asuransi Swasta,11-Jul-2022,Tidak,Aktif
PAT-MOCK-0001741,EMR-MOCK-0001741,MOCK-5741-20000110-1741,Kartika Pratama,Perempuan,2000-01-10 00:00:00,O,Cerai Mati,"Jl. Mawar No. 30, Ilir Barat I",Palembang,Sumatera Selatan,+62 883-5214-1741,kartika.saputra.1741@example.invalid,BPJS Kesehatan,06-Oct-2025,Ya,Aktif
PAT-MOCK-0001742,EMR-MOCK-0001742,MOCK-4622-19810303-1742,Bagas Nasution,Laki-laki,1981-03-03 00:00:00,O,Menikah,"Jl. Cemara No. 55, Ilir Barat I",Palembang,Sumatera Selatan,+62 873-2924-1742,bagas.wijaya.1742@example.invalid,Corporate Guarantee,30-Jan-2018,Tidak,Aktif
PAT-MOCK-0001743,EMR-MOCK-0001743,MOCK-5364-19800501-1743,Joko Pratama,Laki-laki,1980-05-01 00:00:00,O,Cerai Hidup,"Jl. Anggrek No. 141, Banyumanik",Semarang,Jawa Tengah,+62 846-7255-1743,joko.santoso.1743@example.invalid,Corporate Guarantee,14-Aug-2020,Ya,Aktif
PAT-MOCK-0001744,EMR-MOCK-0001744,MOCK-4651-19650811-1744,Rangga Utama,Laki-laki,1965-08-11 00:00:00,O,Belum Menikah,"Jl. Anggrek No. 42, Banyumanik",Semarang,Jawa Tengah,+62 853-8968-1744,rangga.hidayat.1744@example.invalid,Pribadi,21-Sep-2019,Ya,Aktif
PAT-MOCK-0001745,EMR-MOCK-0001745,MOCK-6203-19881025-1745,Aditya Permana,Laki-laki,1988-10-25 00:00:00,A,Cerai Mati,"Jl. Anggrek No. 108, Coblong",Bandung,Jawa Barat,+62 882-6936-1745,aditya.nugraha.1745@example.invalid,Asuransi Swasta,24-Apr-2024,Tidak,Aktif
PAT-MOCK-0001746,EMR-MOCK-0001746,MOCK-2573-20011226-1746,Dimas Hidayat,Laki-laki,2001-12-26 00:00:00,O,Belum Menikah,"Jl. Cendana No. 6, Beji",Depok,Jawa Barat,+62 872-3091-1746,dimas.kusuma.1746@example.invalid,Pribadi,23-Jan-2021,Ya,Tidak Aktif
PAT-MOCK-0001747,EMR-MOCK-0001747,MOCK-1312-19660731-1747,Aulia Nugraha,Perempuan,1966-07-31 00:00:00,B,Menikah,"Jl. Merpati No. 25, Karawaci",Tangerang,Banten,+62 863-8778-1747,aulia.setiawan.1747@example.invalid,Pribadi,30-Dec-2019,Ya,Aktif
PAT-MOCK-0001748,EMR-MOCK-0001748,MOCK-2556-20150724-1748,Sekar Permana,Perempuan,2015-07-24 00:00:00,A,Menikah,"Jl. Cendana No. 131, Karawaci",Tangerang,Banten,+62 848-8293-1748,sekar.permana.1748@example.invalid,Corporate Guarantee,06-Jan-2024,Ya,Aktif
PAT-MOCK-0001749,EMR-MOCK-0001749,MOCK-6047-20021207-1749,Citra Pratama,Perempuan,2002-12-07 00:00:00,B,Menikah,"Jl. Flamboyan No. 107, Medan Baru",Medan,Sumatera Utara,+62 859-3079-1749,citra.ramadhan.1749@example.invalid,BPJS Kesehatan,21-Aug-2019,Ya,Aktif
PAT-MOCK-0001750,EMR-MOCK-0001750,MOCK-1136-19581121-1750,Intan Halim,Perempuan,1958-11-21 00:00:00,O,Menikah,"Jl. Dahlia No. 92, Coblong",Bandung,Jawa Barat,+62 832-5547-1750,intan.maulana.1750@example.invalid,Asuransi Perusahaan,27-Aug-2026,Ya,Aktif
PAT-MOCK-0001751,EMR-MOCK-0001751,MOCK-4615-19700927-1751,Citra Simanjuntak,Perempuan,1970-09-27 00:00:00,O,Cerai Hidup,"Jl. Dahlia No. 75, Medan Baru",Medan,Sumatera Utara,+62 817-3584-1751,citra.utama.1751@example.invalid,Asuransi Swasta,17-Nov-2025,Ya,Aktif
PAT-MOCK-0001752,EMR-MOCK-0001752,MOCK-8042-20100828-1752,Kartika Siregar,Perempuan,2010-08-28 00:00:00,B,Cerai Mati,"Jl. Merpati No. 39, Banyumanik",Semarang,Jawa Tengah,+62 847-3890-1752,kartika.purnama.1752@example.invalid,Pribadi,31-Jul-2023,Ya,Aktif
PAT-MOCK-0001753,EMR-MOCK-0001753,MOCK-4024-19610601-1753,Anindya Nasution,Perempuan,1961-06-01 00:00:00,B,Menikah,"Jl. Cemara No. 33, Kebayoran Baru",Jakarta Selatan,DKI Jakarta,+62 833-8711-1753,anindya.siregar.1753@example.invalid,Pribadi,30-Jun-2025,Ya,Aktif
PAT-MOCK-0001754,EMR-MOCK-0001754,MOCK-4602-20231006-1754,Aisyah Wijaya,Perempuan,2023-10-06 00:00:00,B,Menikah,"Jl. Merpati No. 24, Coblong",Bandung,Jawa Barat,+62 822-8135-1754,aisyah.nasution.1754@example.invalid,Asuransi Swasta,07-Oct-2023,Tidak,Aktif
PAT-MOCK-0001755,EMR-MOCK-0001755,MOCK-1445-19580918-1755,Sekar Pratama,Perempuan,1958-09-18 00:00:00,O,Cerai Mati,"Jl. Merpati No. 13, Banyumanik",Semarang,Jawa Tengah,+62 877-8089-1755,sekar.simanjuntak.1755@example.invalid,Pribadi,13-May-2026,Ya,Aktif
PAT-MOCK-0001756,EMR-MOCK-0001756,MOCK-3301-19641209-1756,Aisyah Maulana,Perempuan,1964-12-09 00:00:00,AB,Belum Menikah,"Jl. Rajawali No. 123, Coblong",Bandung,Jawa Barat,+62 898-5675-1756,aisyah.halim.1756@example.invalid,BPJS Kesehatan,08-Jan-2020,Ya,Aktif
PAT-MOCK-0001757,EMR-MOCK-0001757,MOCK-1139-20210408-1757,Wulan Nasution,Perempuan,2021-04-08 00:00:00,O,Menikah,"Jl. Merpati No. 106, Karawaci",Tangerang,Banten,+62 890-5700-1757,wulan.gunawan.1757@example.invalid,Corporate Guarantee,06-Feb-2026,Ya,Aktif
PAT-MOCK-0001758,EMR-MOCK-0001758,MOCK-7194-19591104-1758,Dinda Saputra,Perempuan,1959-11-04 00:00:00,O,Cerai Mati,"Jl. Rajawali No. 1, Medan Baru",Medan,Sumatera Utara,+62 894-8513-1758,dinda.hartono.1758@example.invalid,Asuransi Swasta,21-May-2019,Ya,Aktif
PAT-MOCK-0001759,EMR-MOCK-0001759,MOCK-5593-19721110-1759,Dewi Hartono,Perempuan,1972-11-10 00:00:00,B,Cerai Mati,"Jl. Kenanga No. 146, Duren Sawit",Jakarta Timur,DKI Jakarta,+62 881-3955-1759,dewi.lesmana.1759@example.invalid,Asuransi Perusahaan,13-Feb-2018,Ya,Aktif
PAT-MOCK-0001760,EMR-MOCK-0001760,MOCK-8067-20010702-1760,Farhan Kusuma,Laki-laki,2001-07-02 00:00:00,O,Menikah,"Jl. Rajawali No. 113, Bogor Tengah",Bogor,Jawa Barat,+62 827-9469-1760,farhan.pratama.1760@example.invalid,Corporate Guarantee,10-May-2020,Ya,Aktif
PAT-MOCK-0001761,EMR-MOCK-0001761,MOCK-1871-20111223-1761,Yoga Hidayat,Laki-laki,2011-12-23 00:00:00,AB,Cerai Mati,"Jl. Kenanga No. 142, Panakkukang",Makassar,Sulawesi Selatan,+62 839-3401-1761,yoga.saputra.1761@example.invalid,Pribadi,24-Sep-2022,Ya,Aktif
PAT-MOCK-0001762,EMR-MOCK-0001762,MOCK-3664-20230119-1762,Intan Santoso,Perempuan,2023-01-19 00:00:00,A,Menikah,"Jl. Mawar No. 129, Ilir Barat I",Palembang,Sumatera Selatan,+62 868-6485-1762,intan.wijaya.1762@example.invalid,Corporate Guarantee,20-Jan-2023,Ya,Aktif
PAT-MOCK-0001763,EMR-MOCK-0001763,MOCK-6363-19940221-1763,Farhan Santoso,Laki-laki,1994-02-21 00:00:00,A,Belum Menikah,"Jl. Kenanga No. 3, Beji",Depok,Jawa Barat,+62 879-3725-1763,farhan.santoso.1763@example.invalid,Asuransi Swasta,21-Mar-2022,Ya,Aktif
PAT-MOCK-0001764,EMR-MOCK-0001764,MOCK-8495-19981007-1764,Sari Nasution,Perempuan,1998-10-07 00:00:00,B,Cerai Mati,"Jl. Merpati No. 55, Kebayoran Baru",Jakarta Selatan,DKI Jakarta,+62 831-6242-1764,sari.hidayat.1764@example.invalid,BPJS Kesehatan,01-Oct-2021,Ya,Aktif
PAT-MOCK-0001765,EMR-MOCK-0001765,MOCK-2901-20210730-1765,Joko Kusuma,Laki-laki,2021-07-30 00:00:00,O,Belum Menikah,"Jl. Rajawali No. 120, Kebayoran Baru",Jakarta Selatan,DKI Jakarta,+62 845-4339-1765,joko.nugraha.1765@example.invalid,BPJS Kesehatan,04-Jun-2022,Ya,Aktif
PAT-MOCK-0001766,EMR-MOCK-0001766,MOCK-3962-19920205-1766,Hendra Hidayat,Laki-laki,1992-02-05 00:00:00,A,Belum Menikah,"Jl. Rajawali No. 57, Serpong",Tangerang Selatan,Banten,+62 850-6289-1766,hendra.kusuma.1766@example.invalid,Asuransi Perusahaan,20-Jun-2020,Ya,Aktif
PAT-MOCK-0001767,EMR-MOCK-0001767,MOCK-7672-19760815-1767,Kartika Nasution,Perempuan,1976-08-15 00:00:00,O,Menikah,"Jl. Flamboyan No. 50, Duren Sawit",Jakarta Timur,DKI Jakarta,+62 894-1604-1767,kartika.setiawan.1767@example.invalid,Asuransi Swasta,24-Sep-2022,Ya,Aktif
PAT-MOCK-0001768,EMR-MOCK-0001768,MOCK-3023-20100521-1768,Dimas Hidayat,Laki-laki,2010-05-21 00:00:00,A,Cerai Hidup,"Jl. Cemara No. 98, Beji",Depok,Jawa Barat,+62 873-8793-1768,dimas.permana.1768@example.invalid,Corporate Guarantee,06-Sep-2019,Ya,Aktif
PAT-MOCK-0001769,EMR-MOCK-0001769,MOCK-7450-19991012-1769,Irfan Simanjuntak,Laki-laki,1999-10-12 00:00:00,B,Belum Menikah,"Jl. Rajawali No. 29, Serpong",Tangerang Selatan,Banten,+62 884-1232-1769,irfan.ramadhan.1769@example.invalid,BPJS Kesehatan,15-Nov-2022,Ya,Aktif
PAT-MOCK-0001770,EMR-MOCK-0001770,MOCK-2051-19980918-1770,Lestari Lesmana,Perempuan,1998-09-18 00:00:00,O,Belum Menikah,"Jl. Flamboyan No. 176, Bogor Tengah",Bogor,Jawa Barat,+62 895-9295-1770,lestari.maulana.1770@example.invalid,Asuransi Swasta,13-Jun-2022,Tidak,Aktif
PAT-MOCK-0001771,EMR-MOCK-0001771,MOCK-5611-20151010-1771,Amelia Simanjuntak,Perempuan,2015-10-10 00:00:00,O,Cerai Hidup,"Jl. Mawar No. 153, Duren Sawit",Jakarta Timur,DKI Jakarta,+62 868-5018-1771,amelia.utama.1771@example.invalid,Pribadi,23-Jun-2024,Ya,Aktif
PAT-MOCK-0001772,EMR-MOCK-0001772,MOCK-8916-19580914-1772,Sari Saputra,Perempuan,1958-09-14 00:00:00,Belum diperiksa,Cerai Hidup,"Jl. Merpati No. 97, Medan Baru",Medan,Sumatera Utara,+62 896-3797-1772,sari.purnama.1772@example.invalid,Asuransi Swasta,05-Mar-2018,Tidak,Aktif
PAT-MOCK-0001773,EMR-MOCK-0001773,MOCK-7766-19750504-1773,Dinda Setiawan,Perempuan,1975-05-04 00:00:00,Belum diperiksa,Belum Menikah,"Jl. Dahlia No. 51, Kebayoran Baru",Jakarta Selatan,DKI Jakarta,+62 849-6102-1773,dinda.siregar.1773@example.invalid,BPJS Kesehatan,15-May-2025,Ya,Aktif
PAT-MOCK-0001774,EMR-MOCK-0001774,MOCK-6586-19750208-1774,Maya Utama,Perempuan,1975-02-08 00:00:00,A,Cerai Hidup,"Jl. Mawar No. 170, Bekasi Selatan",Bekasi,Jawa Barat,+62 840-7695-1774,maya.nasution.1774@example.invalid,BPJS Kesehatan,20-Jan-2022,Ya,Aktif
PAT-MOCK-0001775,EMR-MOCK-0001775,MOCK-6142-20210227-1775,Nadia Maulana,Perempuan,2021-02-27 00:00:00,O,Cerai Mati,"Jl. Mawar No. 150, Serpong",Tangerang Selatan,Banten,+62 846-8201-1775,nadia.simanjuntak.1775@example.invalid,Asuransi Perusahaan,13-Oct-2021,Ya,Aktif
PAT-MOCK-0001776,EMR-MOCK-0001776,MOCK-7263-19770416-1776,Hendra Maulana,Laki-laki,1977-04-16 00:00:00,O,Menikah,"Jl. Melati No. 44, Banyumanik",Semarang,Jawa Tengah,+62 864-6944-1776,hendra.halim.1776@example.invalid,Asuransi Swasta,12-Feb-2025,Ya,Aktif
PAT-MOCK-0001777,EMR-MOCK-0001777,MOCK-2622-19840904-1777,Arif Lesmana,Laki-laki,1984-09-04 00:00:00,B,Cerai Mati,"Jl. Melati No. 153, Ilir Barat I",Palembang,Sumatera Selatan,+62 838-8198-1777,arif.gunawan.1777@example.invalid,BPJS Kesehatan,11-Jun-2025,Ya,Aktif
PAT-MOCK-0001778,EMR-MOCK-0001778,MOCK-4632-19901024-1778,Rangga Santoso,Laki-laki,1990-10-24 00:00:00,A,Cerai Hidup,"Jl. Anggrek No. 143, Serpong",Tangerang Selatan,Banten,+62 879-7671-1778,rangga.hartono.1778@example.invalid,Asuransi Swasta,14-Nov-2019,Tidak,Aktif
PAT-MOCK-0001779,EMR-MOCK-0001779,MOCK-3418-19660707-1779,Farhan Santoso,Laki-laki,1966-07-07 00:00:00,O,Cerai Hidup,"Jl. Mawar No. 40, Ilir Barat I",Palembang,Sumatera Selatan,+62 884-5316-1779,farhan.lesmana.1779@example.invalid,Pribadi,31-Jul-2019,Ya,Aktif
PAT-MOCK-0001780,EMR-MOCK-0001780,MOCK-2836-20040414-1780,Arya Saputra,Laki-laki,2004-04-14 00:00:00,A,Cerai Hidup,"Jl. Anggrek No. 42, Bekasi Selatan",Bekasi,Jawa Barat,+62 855-9389-1780,arya.pratama.1780@example.invalid,Corporate Guarantee,03-Jun-2020,Ya,Aktif
PAT-MOCK-0001781,EMR-MOCK-0001781,MOCK-2436-20070704-1781,Irfan Lesmana,Laki-laki,2007-07-04 00:00:00,A,Cerai Hidup,"Jl. Mawar No. 146, Medan Baru",Medan,Sumatera Utara,+62 812-7017-1781,irfan.saputra.1781@example.invalid,BPJS Kesehatan,11-Dec-2018,Ya,Aktif
PAT-MOCK-0001782,EMR-MOCK-0001782,MOCK-2969-20080712-1782,Arif Setiawan,Laki-laki,2008-07-12 00:00:00,O,Cerai Mati,"Jl. Merpati No. 125, Banyumanik",Semarang,Jawa Tengah,+62 884-6313-1782,arif.wijaya.1782@example.invalid,Asuransi Swasta,18-Jan-2020,Ya,Aktif
PAT-MOCK-0001783,EMR-MOCK-0001783,MOCK-2070-19750216-1783,Dinda Permana,Perempuan,1975-02-16 00:00:00,B,Belum Menikah,"Jl. Mawar No. 95, Wonokromo",Surabaya,Jawa Timur,+62 867-4125-1783,dinda.santoso.1783@example.invalid,BPJS Kesehatan,07-Feb-2018,Ya,Aktif
PAT-MOCK-0001784,EMR-MOCK-0001784,MOCK-9631-19770811-1784,Rangga Purnama,Laki-laki,1977-08-11 00:00:00,B,Menikah,"Jl. Cendana No. 7, Beji",Depok,Jawa Barat,+62 865-8997-1784,rangga.hidayat.1784@example.invalid,Asuransi Swasta,18-Aug-2022,Ya,Aktif
PAT-MOCK-0001785,EMR-MOCK-0001785,MOCK-4727-19700615-1785,Nabila Permana,Perempuan,1970-06-15 00:00:00,A,Menikah,"Jl. Melati No. 78, Kebayoran Baru",Jakarta Selatan,DKI Jakarta,+62 864-7680-1785,nabila.nugraha.1785@example.invalid,Asuransi Swasta,07-Jan-2022,Tidak,Aktif
PAT-MOCK-0001786,EMR-MOCK-0001786,MOCK-6601-19511010-1786,Putri Purnama,Perempuan,1951-10-10 00:00:00,AB,Cerai Hidup,"Jl. Anggrek No. 115, Bogor Tengah",Bogor,Jawa Barat,+62 813-5542-1786,putri.kusuma.1786@example.invalid,Corporate Guarantee,10-Jan-2019,Ya,Aktif
PAT-MOCK-0001787,EMR-MOCK-0001787,MOCK-2324-19980225-1787,Nadia Siregar,Perempuan,1998-02-25 00:00:00,B,Belum Menikah,"Jl. Cemara No. 149, Duren Sawit",Jakarta Timur,DKI Jakarta,+62 898-2035-1787,nadia.setiawan.1787@example.invalid,Asuransi Perusahaan,16-Apr-2024,Tidak,Aktif
PAT-MOCK-0001788,EMR-MOCK-0001788,MOCK-2535-19710904-1788,Amelia Permana,Perempuan,1971-09-04 00:00:00,AB,Cerai Hidup,"Jl. Cemara No. 1, Denpasar Selatan",Denpasar,Bali,+62 822-7284-1788,amelia.permana.1788@example.invalid,Corporate Guarantee,04-Jun-2020,Ya,Aktif
PAT-MOCK-0001789,EMR-MOCK-0001789,MOCK-6507-19460204-1789,Rangga Nasution,Laki-laki,1946-02-04 00:00:00,B,Belum Menikah,"Jl. Cemara No. 103, Kebayoran Baru",Jakarta Selatan,DKI Jakarta,+62 874-8736-1789,rangga.ramadhan.1789@example.invalid,Corporate Guarantee,04-Nov-2019,Ya,Aktif
PAT-MOCK-0001790,EMR-MOCK-0001790,MOCK-5299-20220112-1790,Dinda Ramadhan,Perempuan,2022-01-12 00:00:00,O,Cerai Mati,"Jl. Kenanga No. 96, Beji",Depok,Jawa Barat,+62 860-9989-1790,dinda.maulana.1790@example.invalid,Asuransi Perusahaan,13-Jan-2022,Ya,Aktif
PAT-MOCK-0001791,EMR-MOCK-0001791,MOCK-7330-19790426-1791,Nadia Kusuma,Perempuan,1979-04-26 00:00:00,B,Cerai Mati,"Jl. Anggrek No. 96, Wonokromo",Surabaya,Jawa Timur,+62 878-4041-1791,nadia.utama.1791@example.invalid,Asuransi Swasta,23-Apr-2025,Ya,Aktif
PAT-MOCK-0001792,EMR-MOCK-0001792,MOCK-6577-19610724-1792,Danu Maulana,Laki-laki,1961-07-24 00:00:00,A,Cerai Mati,"Jl. Dahlia No. 109, Duren Sawit",Jakarta Timur,DKI Jakarta,+62 827-8959-1792,danu.purnama.1792@example.invalid,Pribadi,08-Apr-2022,Ya,Aktif
PAT-MOCK-0001793,EMR-MOCK-0001793,MOCK-8780-19470228-1793,Ahmad Nugraha,Laki-laki,1947-02-28 00:00:00,AB,Belum Menikah,"Jl. Merpati No. 37, Kebon Jeruk",Jakarta Barat,DKI Jakarta,+62 822-8621-1793,ahmad.siregar.1793@example.invalid,Asuransi Swasta,08-Apr-2020,Ya,Aktif
PAT-MOCK-0001794,EMR-MOCK-0001794,MOCK-2094-19651010-1794,Sekar Kusuma,Perempuan,1965-10-10 00:00:00,B,Cerai Hidup,"Jl. Mawar No. 19, Ilir Barat I",Palembang,Sumatera Selatan,+62 863-5633-1794,sekar.nasution.1794@example.invalid,Pribadi,20-Jun-2020,Ya,Aktif
PAT-MOCK-0001795,EMR-MOCK-0001795,MOCK-3697-19981014-1795,Rangga Pratama,Laki-laki,1998-10-14 00:00:00,A,Cerai Mati,"Jl. Anggrek No. 5, Serpong",Tangerang Selatan,Banten,+62 871-6300-1795,rangga.simanjuntak.1795@example.invalid,BPJS Kesehatan,01-Jun-2026,Tidak,Aktif
PAT-MOCK-0001796,EMR-MOCK-0001796,MOCK-3471-19750424-1796,Wulan Siregar,Perempuan,1975-04-24 00:00:00,B,Menikah,"Jl. Kenanga No. 63, Bekasi Selatan",Bekasi,Jawa Barat,+62 833-3667-1796,wulan.halim.1796@example.invalid,Asuransi Perusahaan,23-Oct-2018,Ya,Aktif
PAT-MOCK-0001797,EMR-MOCK-0001797,MOCK-1319-19950207-1797,Citra Utama,Perempuan,1995-02-07 00:00:00,O,Menikah,"Jl. Kenanga No. 123, Kebon Jeruk",Jakarta Barat,DKI Jakarta,+62 817-5948-1797,citra.gunawan.1797@example.invalid,Asuransi Swasta,05-Oct-2023,Ya,Aktif
PAT-MOCK-0001798,EMR-MOCK-0001798,MOCK-5753-20120522-1798,Anindya Hartono,Perempuan,2012-05-22 00:00:00,A,Cerai Mati,"Jl. Cemara No. 119, Banyumanik",Semarang,Jawa Tengah,+62 888-2475-1798,anindya.hartono.1798@example.invalid,Corporate Guarantee,22-Jun-2025,Ya,Aktif
PAT-MOCK-0001799,EMR-MOCK-0001799,MOCK-9107-20020729-1799,Kartika Halim,Perempuan,2002-07-29 00:00:00,O,Menikah,"Jl. Cemara No. 176, Karawaci",Tangerang,Banten,+62 854-1689-1799,kartika.lesmana.1799@example.invalid,Pribadi,24-Oct-2020,Tidak,Aktif
PAT-MOCK-0001800,EMR-MOCK-0001800,MOCK-9818-20110213-1800,Dinda Halim,Perempuan,2011-02-13 00:00:00,AB,Menikah,"Jl. Merpati No. 170, Beji",Depok,Jawa Barat,+62 813-8492-1800,dinda.pratama.1800@example.invalid,Corporate Guarantee,11-Mar-2023,Ya,Aktif
PAT-MOCK-0001801,EMR-MOCK-0001801,MOCK-2869-19690327-1801,Citra Lesmana,Perempuan,1969-03-27 00:00:00,O,Belum Menikah,"Jl. Merpati No. 141, Coblong",Bandung,Jawa Barat,+62 867-4911-1801,citra.saputra.1801@example.invalid,Asuransi Swasta,20-Oct-2024,Ya,Aktif
PAT-MOCK-0001802,EMR-MOCK-0001802,MOCK-4435-19530809-1802,Amelia Pratama,Perempuan,1953-08-09 00:00:00,A,Cerai Hidup,"Jl. Melati No. 122, Kebon Jeruk",Jakarta Barat,DKI Jakarta,+62 847-4849-1802,amelia.wijaya.1802@example.invalid,Corporate Guarantee,02-May-2025,Tidak,Aktif
PAT-MOCK-0001803,EMR-MOCK-0001803,MOCK-6234-19990926-1803,Rizky Simanjuntak,Laki-laki,1999-09-26 00:00:00,O,Belum Menikah,"Jl. Dahlia No. 123, Ilir Barat I",Palembang,Sumatera Selatan,+62 826-3771-1803,rizky.santoso.1803@example.invalid,Pribadi,31-Mar-2023,Tidak,Aktif
PAT-MOCK-0001804,EMR-MOCK-0001804,MOCK-4732-19721012-1804,Danu Setiawan,Laki-laki,1972-10-12 00:00:00,O,Cerai Hidup,"Jl. Cemara No. 160, Banyumanik",Semarang,Jawa Tengah,+62 865-9885-1804,danu.hidayat.1804@example.invalid,Corporate Guarantee,15-Aug-2026,Ya,Aktif
PAT-MOCK-0001805,EMR-MOCK-0001805,MOCK-6220-19950929-1805,Fajar Lesmana,Laki-laki,1995-09-29 00:00:00,B,Menikah,"Jl. Anggrek No. 140, Kebayoran Baru",Jakarta Selatan,DKI Jakarta,+62 811-3492-1805,fajar.nugraha.1805@example.invalid,BPJS Kesehatan,25-May-2020,Ya,Aktif
PAT-MOCK-0001806,EMR-MOCK-0001806,MOCK-8107-20020423-1806,Andi Permana,Laki-laki,2002-04-23 00:00:00,A,Menikah,"Jl. Mawar No. 31, Panakkukang",Makassar,Sulawesi Selatan,+62 868-4708-1806,andi.kusuma.1806@example.invalid,Corporate Guarantee,31-Jan-2024,Tidak,Aktif
PAT-MOCK-0001807,EMR-MOCK-0001807,MOCK-2707-20090806-1807,Anindya Simanjuntak,Perempuan,2009-08-06 00:00:00,A,Cerai Mati,"Jl. Melati No. 96, Bogor Tengah",Bogor,Jawa Barat,+62 849-9240-1807,anindya.setiawan.1807@example.invalid,Corporate Guarantee,29-Nov-2019,Ya,Aktif
PAT-MOCK-0001808,EMR-MOCK-0001808,MOCK-2819-19910103-1808,Arif Maulana,Laki-laki,1991-01-03 00:00:00,O,Cerai Hidup,"Jl. Merpati No. 95, Ilir Barat I",Palembang,Sumatera Selatan,+62 828-2197-1808,arif.permana.1808@example.invalid,BPJS Kesehatan,24-Nov-2019,Ya,Tidak Aktif
PAT-MOCK-0001809,EMR-MOCK-0001809,MOCK-6395-19471012-1809,Danu Santoso,Laki-laki,1947-10-12 00:00:00,B,Cerai Hidup,"Jl. Merpati No. 11, Banyumanik",Semarang,Jawa Tengah,+62 897-9201-1809,danu.ramadhan.1809@example.invalid,Asuransi Swasta,08-Apr-2019,Tidak,Tidak Aktif
PAT-MOCK-0001810,EMR-MOCK-0001810,MOCK-9195-20200507-1810,Dewi Permana,Perempuan,2020-05-07 00:00:00,AB,Menikah,"Jl. Dahlia No. 16, Denpasar Selatan",Denpasar,Bali,+62 853-3462-1810,dewi.maulana.1810@example.invalid,BPJS Kesehatan,08-Jul-2021,Ya,Aktif
PAT-MOCK-0001811,EMR-MOCK-0001811,MOCK-2030-19820906-1811,Joko Kusuma,Laki-laki,1982-09-06 00:00:00,B,Cerai Hidup,"Jl. Rajawali No. 160, Panakkukang",Makassar,Sulawesi Selatan,+62 880-4402-1811,joko.utama.1811@example.invalid,BPJS Kesehatan,06-Apr-2018,Tidak,Aktif
PAT-MOCK-0001812,EMR-MOCK-0001812,MOCK-4005-19511127-1812,Ahmad Hartono,Laki-laki,1951-11-27 00:00:00,B,Belum Menikah,"Jl. Cemara No. 92, Beji",Depok,Jawa Barat,+62 838-9123-1812,ahmad.purnama.1812@example.invalid,Asuransi Swasta,12-Jan-2026,Ya,Tidak Aktif
PAT-MOCK-0001813,EMR-MOCK-0001813,MOCK-3671-19531006-1813,Eko Hidayat,Laki-laki,1953-10-06 00:00:00,O,Cerai Mati,"Jl. Anggrek No. 118, Ilir Barat I",Palembang,Sumatera Selatan,+62 853-4409-1813,eko.siregar.1813@example.invalid,Pribadi,21-Aug-2021,Tidak,Aktif
PAT-MOCK-0001814,EMR-MOCK-0001814,MOCK-6839-20170512-1814,Aulia Saputra,Perempuan,2017-05-12 00:00:00,B,Belum Menikah,"Jl. Melati No. 149, Serpong",Tangerang Selatan,Banten,+62 861-1289-1814,aulia.nasution.1814@example.invalid,Pribadi,01-Mar-2018,Tidak,Aktif
PAT-MOCK-0001815,EMR-MOCK-0001815,MOCK-8912-20240709-1815,Sekar Nugraha,Perempuan,2024-07-09 00:00:00,A,Cerai Hidup,"Jl. Mawar No. 26, Bekasi Selatan",Bekasi,Jawa Barat,+62 878-3062-1815,sekar.simanjuntak.1815@example.invalid,Asuransi Perusahaan,05-Aug-2026,Ya,Aktif
PAT-MOCK-0001816,EMR-MOCK-0001816,MOCK-5195-19840215-1816,Kartika Purnama,Perempuan,1984-02-15 00:00:00,O,Cerai Mati,"Jl. Kenanga No. 173, Serpong",Tangerang Selatan,Banten,+62 838-3422-1816,kartika.halim.1816@example.invalid,Pribadi,17-Jul-2026,Tidak,Aktif
PAT-MOCK-0001817,EMR-MOCK-0001817,MOCK-3632-19470209-1817,Bagas Nasution,Laki-laki,1947-02-09 00:00:00,AB,Menikah,"Jl. Cemara No. 105, Kebon Jeruk",Jakarta Barat,DKI Jakarta,+62 840-6178-1817,bagas.gunawan.1817@example.invalid,Corporate Guarantee,26-Jul-2026,Ya,Aktif
PAT-MOCK-0001818,EMR-MOCK-0001818,MOCK-2548-19890621-1818,Putri Hartono,Perempuan,1989-06-21 00:00:00,AB,Cerai Hidup,"Jl. Anggrek No. 48, Medan Baru",Medan,Sumatera Utara,+62 857-7675-1818,putri.hartono.1818@example.invalid,Asuransi Swasta,04-Feb-2026,Ya,Aktif
PAT-MOCK-0001819,EMR-MOCK-0001819,MOCK-7571-20200216-1819,Joko Hidayat,Laki-laki,2020-02-16 00:00:00,O,Menikah,"Jl. Melati No. 126, Serpong",Tangerang Selatan,Banten,+62 849-6975-1819,joko.lesmana.1819@example.invalid,Asuransi Swasta,25-Mar-2025,Ya,Aktif
PAT-MOCK-0001820,EMR-MOCK-0001820,MOCK-7689-19510326-1820,Eko Halim,Laki-laki,1951-03-26 00:00:00,B,Cerai Mati,"Jl. Melati No. 160, Karawaci",Tangerang,Banten,+62 810-1657-1820,eko.pratama.1820@example.invalid,Pribadi,24-Apr-2023,Ya,Aktif
PAT-MOCK-0001821,EMR-MOCK-0001821,MOCK-1678-19911104-1821,Danu Utama,Laki-laki,1991-11-04 00:00:00,O,Menikah,"Jl. Cemara No. 140, Medan Baru",Medan,Sumatera Utara,+62 834-7574-1821,danu.saputra.1821@example.invalid,Pribadi,09-Dec-2019,Tidak,Aktif
PAT-MOCK-0001822,EMR-MOCK-0001822,MOCK-9844-20120406-1822,Irfan Utama,Laki-laki,2012-04-06 00:00:00,B,Menikah,"Jl. Cemara No. 29, Beji",Depok,Jawa Barat,+62 835-5056-1822,irfan.wijaya.1822@example.invalid,Asuransi Swasta,10-Sep-2025,Ya,Aktif
PAT-MOCK-0001823,EMR-MOCK-0001823,MOCK-9458-19741205-1823,Danu Saputra,Laki-laki,1974-12-05 00:00:00,B,Belum Menikah,"Jl. Mawar No. 121, Coblong",Bandung,Jawa Barat,+62 867-8496-1823,danu.santoso.1823@example.invalid,Asuransi Perusahaan,02-Nov-2019,Ya,Aktif
PAT-MOCK-0001824,EMR-MOCK-0001824,MOCK-7784-19710726-1824,Sari Simanjuntak,Perempuan,1971-07-26 00:00:00,O,Belum Menikah,"Jl. Kenanga No. 5, Beji",Depok,Jawa Barat,+62 852-7398-1824,sari.hidayat.1824@example.invalid,Pribadi,26-Jul-2020,Ya,Aktif
PAT-MOCK-0001825,EMR-MOCK-0001825,MOCK-7987-20030712-1825,Intan Siregar,Perempuan,2003-07-12 00:00:00,B,Cerai Hidup,"Jl. Flamboyan No. 151, Kebayoran Baru",Jakarta Selatan,DKI Jakarta,+62 819-8958-1825,intan.nugraha.1825@example.invalid,Pribadi,26-Mar-2020,Ya,Aktif
PAT-MOCK-0001826,EMR-MOCK-0001826,MOCK-8746-19610312-1826,Yoga Nugraha,Laki-laki,1961-03-12 00:00:00,A,Cerai Hidup,"Jl. Mawar No. 41, Bekasi Selatan",Bekasi,Jawa Barat,+62 879-9377-1826,yoga.kusuma.1826@example.invalid,Corporate Guarantee,02-Aug-2026,Ya,Aktif
PAT-MOCK-0001827,EMR-MOCK-0001827,MOCK-7199-19800926-1827,Dewi Simanjuntak,Perempuan,1980-09-26 00:00:00,O,Menikah,"Jl. Anggrek No. 168, Karawaci",Tangerang,Banten,+62 824-9422-1827,dewi.setiawan.1827@example.invalid,Corporate Guarantee,30-Oct-2021,Tidak,Aktif
PAT-MOCK-0001828,EMR-MOCK-0001828,MOCK-8148-19640616-1828,Nabila Saputra,Perempuan,1964-06-16 00:00:00,O,Belum Menikah,"Jl. Anggrek No. 129, Panakkukang",Makassar,Sulawesi Selatan,+62 850-3355-1828,nabila.permana.1828@example.invalid,BPJS Kesehatan,11-Jun-2025,Tidak,Aktif
PAT-MOCK-0001829,EMR-MOCK-0001829,MOCK-1980-19600630-1829,Amelia Wijaya,Perempuan,1960-06-30 00:00:00,A,Cerai Mati,"Jl. Flamboyan No. 52, Medan Baru",Medan,Sumatera Utara,+62 813-9792-1829,amelia.ramadhan.1829@example.invalid,Pribadi,21-Aug-2025,Ya,Aktif
PAT-MOCK-0001830,EMR-MOCK-0001830,MOCK-2899-20191112-1830,Bagas Nasution,Laki-laki,2019-11-12 00:00:00,B,Belum Menikah,"Jl. Mawar No. 1, Panakkukang",Makassar,Sulawesi Selatan,+62 820-8056-1830,bagas.maulana.1830@example.invalid,Corporate Guarantee,13-Nov-2019,Tidak,Aktif
PAT-MOCK-0001831,EMR-MOCK-0001831,MOCK-2687-20241231-1831,Arif Ramadhan,Laki-laki,2024-12-31 00:00:00,A,Cerai Mati,"Jl. Rajawali No. 107, Karawaci",Tangerang,Banten,+62 870-4253-1831,arif.utama.1831@example.invalid,Pribadi,01-Jan-2025,Ya,Aktif
PAT-MOCK-0001832,EMR-MOCK-0001832,MOCK-4403-20020619-1832,Tiara Santoso,Perempuan,2002-06-19 00:00:00,B,Cerai Hidup,"Jl. Merpati No. 178, Beji",Depok,Jawa Barat,+62 837-8415-1832,tiara.purnama.1832@example.invalid,Corporate Guarantee,20-Dec-2018,Tidak,Aktif
PAT-MOCK-0001833,EMR-MOCK-0001833,MOCK-2377-19460205-1833,Danu Maulana,Laki-laki,1946-02-05 00:00:00,O,Cerai Mati,"Jl. Anggrek No. 68, Medan Baru",Medan,Sumatera Utara,+62 877-5961-1833,danu.siregar.1833@example.invalid,Corporate Guarantee,09-Jun-2026,Ya,Aktif
PAT-MOCK-0001834,EMR-MOCK-0001834,MOCK-3711-19531028-1834,Fajar Wijaya,Laki-laki,1953-10-28 00:00:00,B,Cerai Mati,"Jl. Anggrek No. 36, Serpong",Tangerang Selatan,Banten,+62 832-8290-1834,fajar.nasution.1834@example.invalid,BPJS Kesehatan,01-Aug-2025,Ya,Aktif
PAT-MOCK-0001835,EMR-MOCK-0001835,MOCK-4919-20101019-1835,Rangga Hidayat,Laki-laki,2010-10-19 00:00:00,B,Menikah,"Jl. Rajawali No. 157, Denpasar Selatan",Denpasar,Bali,+62 894-5409-1835,rangga.simanjuntak.1835@example.invalid,Asuransi Swasta,12-Apr-2021,Ya,Aktif
PAT-MOCK-0001836,EMR-MOCK-0001836,MOCK-7057-19770129-1836,Fajar Purnama,Laki-laki,1977-01-29 00:00:00,AB,Belum Menikah,"Jl. Dahlia No. 125, Bogor Tengah",Bogor,Jawa Barat,+62 825-5597-1836,fajar.halim.1836@example.invalid,Asuransi Perusahaan,24-Jul-2026,Ya,Aktif
PAT-MOCK-0001837,EMR-MOCK-0001837,MOCK-1639-19730728-1837,Dewi Utama,Perempuan,1973-07-28 00:00:00,O,Cerai Hidup,"Jl. Kenanga No. 86, Beji",Depok,Jawa Barat,+62 838-1313-1837,dewi.gunawan.1837@example.invalid,Pribadi,23-Feb-2021,Tidak,Aktif
PAT-MOCK-0001838,EMR-MOCK-0001838,MOCK-7217-19960814-1838,Anindya Simanjuntak,Perempuan,1996-08-14 00:00:00,O,Menikah,"Jl. Flamboyan No. 139, Panakkukang",Makassar,Sulawesi Selatan,+62 898-8280-1838,anindya.hartono.1838@example.invalid,Asuransi Swasta,21-Apr-2021,Ya,Aktif
PAT-MOCK-0001839,EMR-MOCK-0001839,MOCK-4571-19950528-1839,Rani Siregar,Perempuan,1995-05-28 00:00:00,B,Cerai Hidup,"Jl. Flamboyan No. 4, Beji",Depok,Jawa Barat,+62 862-5364-1839,rani.lesmana.1839@example.invalid,Corporate Guarantee,22-Dec-2020,Ya,Aktif
PAT-MOCK-0001840,EMR-MOCK-0001840,MOCK-8914-20070416-1840,Citra Kusuma,Perempuan,2007-04-16 00:00:00,A,Cerai Hidup,"Jl. Cendana No. 173, Karawaci",Tangerang,Banten,+62 829-5729-1840,citra.pratama.1840@example.invalid,Asuransi Swasta,06-Nov-2018,Ya,Aktif
PAT-MOCK-0001841,EMR-MOCK-0001841,MOCK-6539-19900518-1841,Farhan Gunawan,Laki-laki,1990-05-18 00:00:00,AB,Cerai Hidup,"Jl. Cemara No. 84, Serpong",Tangerang Selatan,Banten,+62 871-5448-1841,farhan.saputra.1841@example.invalid,BPJS Kesehatan,19-Jul-2018,Ya,Aktif
PAT-MOCK-0001842,EMR-MOCK-0001842,MOCK-8085-20051017-1842,Hendra Utama,Laki-laki,2005-10-17 00:00:00,O,Cerai Mati,"Jl. Melati No. 144, Wonokromo",Surabaya,Jawa Timur,+62 838-5879-1842,hendra.wijaya.1842@example.invalid,Asuransi Swasta,28-Jun-2021,Ya,Aktif
PAT-MOCK-0001843,EMR-MOCK-0001843,MOCK-3143-19970403-1843,Dinda Hidayat,Perempuan,1997-04-03 00:00:00,A,Menikah,"Jl. Melati No. 132, Banyumanik",Semarang,Jawa Tengah,+62 851-7503-1843,dinda.santoso.1843@example.invalid,Corporate Guarantee,18-Dec-2022,Ya,Aktif
PAT-MOCK-0001844,EMR-MOCK-0001844,MOCK-6524-19690629-1844,Sari Maulana,Perempuan,1969-06-29 00:00:00,A,Belum Menikah,"Jl. Anggrek No. 134, Medan Baru",Medan,Sumatera Utara,+62 817-1923-1844,sari.hidayat.1844@example.invalid,Corporate Guarantee,12-Oct-2025,Ya,Aktif
PAT-MOCK-0001845,EMR-MOCK-0001845,MOCK-3616-19710823-1845,Bagas Kusuma,Laki-laki,1971-08-23 00:00:00,O,Belum Menikah,"Jl. Mawar No. 73, Wonokromo",Surabaya,Jawa Timur,+62 887-3355-1845,bagas.nugraha.1845@example.invalid,BPJS Kesehatan,02-Aug-2024,Ya,Aktif
PAT-MOCK-0001846,EMR-MOCK-0001846,MOCK-8623-19821005-1846,Irfan Nasution,Laki-laki,1982-10-05 00:00:00,A,Belum Menikah,"Jl. Dahlia No. 29, Kebon Jeruk",Jakarta Barat,DKI Jakarta,+62 844-7384-1846,irfan.kusuma.1846@example.invalid,Asuransi Perusahaan,13-Sep-2025,Ya,Aktif
PAT-MOCK-0001847,EMR-MOCK-0001847,MOCK-4123-19971207-1847,Bima Kusuma,Laki-laki,1997-12-07 00:00:00,A,Menikah,"Jl. Kenanga No. 27, Kebon Jeruk",Jakarta Barat,DKI Jakarta,+62 894-2665-1847,bima.setiawan.1847@example.invalid,Pribadi,17-Oct-2022,Ya,Aktif
PAT-MOCK-0001848,EMR-MOCK-0001848,MOCK-3961-20170228-1848,Dinda Ramadhan,Perempuan,2017-02-28 00:00:00,A,Cerai Hidup,"Jl. Melati No. 67, Wonokromo",Surabaya,Jawa Timur,+62 886-4116-1848,dinda.permana.1848@example.invalid,Asuransi Swasta,27-Oct-2024,Tidak,Aktif
PAT-MOCK-0001849,EMR-MOCK-0001849,MOCK-7054-20011231-1849,Arya Nasution,Laki-laki,2001-12-31 00:00:00,A,Belum Menikah,"Jl. Melati No. 14, Beji",Depok,Jawa Barat,+62 850-5749-1849,arya.ramadhan.1849@example.invalid,Asuransi Perusahaan,22-Aug-2018,Tidak,Aktif
PAT-MOCK-0001850,EMR-MOCK-0001850,MOCK-3462-20070901-1850,Danu Kusuma,Laki-laki,2007-09-01 00:00:00,B,Cerai Hidup,"Jl. Melati No. 113, Bogor Tengah",Bogor,Jawa Barat,+62 824-7288-1850,danu.maulana.1850@example.invalid,Asuransi Perusahaan,22-Jul-2021,Tidak,Aktif
PAT-MOCK-0001851,EMR-MOCK-0001851,MOCK-6945-19610822-1851,Raka Simanjuntak,Laki-laki,1961-08-22 00:00:00,B,Belum Menikah,"Jl. Cemara No. 27, Serpong",Tangerang Selatan,Banten,+62 847-4648-1851,raka.utama.1851@example.invalid,Corporate Guarantee,04-Oct-2020,Ya,Aktif
PAT-MOCK-0001852,EMR-MOCK-0001852,MOCK-4001-19780624-1852,Sekar Gunawan,Perempuan,1978-06-24 00:00:00,B,Cerai Hidup,"Jl. Dahlia No. 111, Duren Sawit",Jakarta Timur,DKI Jakarta,+62 837-8996-1852,sekar.purnama.1852@example.invalid,Asuransi Perusahaan,02-Apr-2026,Ya,Aktif
PAT-MOCK-0001853,EMR-MOCK-0001853,MOCK-5534-19960228-1853,Sekar Santoso,Perempuan,1996-02-28 00:00:00,A,Belum Menikah,"Jl. Mawar No. 17, Coblong",Bandung,Jawa Barat,+62 890-3925-1853,sekar.siregar.1853@example.invalid,Asuransi Perusahaan,27-Dec-2019,Ya,Aktif
PAT-MOCK-0001854,EMR-MOCK-0001854,MOCK-6029-20180318-1854,Galang Saputra,Laki-laki,2018-03-18 00:00:00,A,Menikah,"Jl. Cemara No. 163, Ilir Barat I",Palembang,Sumatera Selatan,+62 850-6694-1854,galang.nasution.1854@example.invalid,Asuransi Swasta,22-Oct-2024,Tidak,Aktif
PAT-MOCK-0001855,EMR-MOCK-0001855,MOCK-6696-19670413-1855,Anindya Permana,Perempuan,1967-04-13 00:00:00,A,Menikah,"Jl. Melati No. 18, Ilir Barat I",Palembang,Sumatera Selatan,+62 810-6397-1855,anindya.simanjuntak.1855@example.invalid,BPJS Kesehatan,22-Mar-2019,Ya,Aktif
PAT-MOCK-0001856,EMR-MOCK-0001856,MOCK-2982-19481108-1856,Intan Ramadhan,Perempuan,1948-11-08 00:00:00,O,Menikah,"Jl. Kenanga No. 26, Kebon Jeruk",Jakarta Barat,DKI Jakarta,+62 873-9642-1856,intan.halim.1856@example.invalid,Asuransi Perusahaan,03-Feb-2021,Tidak,Aktif
PAT-MOCK-0001857,EMR-MOCK-0001857,MOCK-8161-20091025-1857,Rizky Santoso,Laki-laki,2009-10-25 00:00:00,B,Belum Menikah,"Jl. Mawar No. 130, Ilir Barat I",Palembang,Sumatera Selatan,+62 833-2285-1857,rizky.gunawan.1857@example.invalid,Pribadi,29-Nov-2023,Ya,Aktif
PAT-MOCK-0001858,EMR-MOCK-0001858,MOCK-6358-19990514-1858,Hendra Hidayat,Laki-laki,1999-05-14 00:00:00,B,Menikah,"Jl. Cendana No. 122, Denpasar Selatan",Denpasar,Bali,+62 898-9253-1858,hendra.hartono.1858@example.invalid,Pribadi,05-Feb-2021,Ya,Aktif
PAT-MOCK-0001859,EMR-MOCK-0001859,MOCK-6764-19640510-1859,Farhan Wijaya,Laki-laki,1964-05-10 00:00:00,O,Menikah,"Jl. Melati No. 110, Denpasar Selatan",Denpasar,Bali,+62 830-9113-1859,farhan.lesmana.1859@example.invalid,Corporate Guarantee,13-Aug-2022,Tidak,Aktif
PAT-MOCK-0001860,EMR-MOCK-0001860,MOCK-7984-20110123-1860,Bima Simanjuntak,Laki-laki,2011-01-23 00:00:00,B,Cerai Mati,"Jl. Mawar No. 121, Banyumanik",Semarang,Jawa Tengah,+62 867-4958-1860,bima.pratama.1860@example.invalid,Asuransi Perusahaan,26-Apr-2019,Ya,Aktif
PAT-MOCK-0001861,EMR-MOCK-0001861,MOCK-9876-19800407-1861,Maya Utama,Perempuan,1980-04-07 00:00:00,A,Menikah,"Jl. Anggrek No. 6, Bekasi Selatan",Bekasi,Jawa Barat,+62 874-2627-1861,maya.saputra.1861@example.invalid,Asuransi Perusahaan,21-Jul-2026,Ya,Aktif
PAT-MOCK-0001862,EMR-MOCK-0001862,MOCK-4622-19510725-1862,Bagas Santoso,Laki-laki,1951-07-25 00:00:00,A,Cerai Mati,"Jl. Flamboyan No. 106, Serpong",Tangerang Selatan,Banten,+62 843-6963-1862,bagas.wijaya.1862@example.invalid,BPJS Kesehatan,12-Mar-2019,Ya,Aktif
PAT-MOCK-0001863,EMR-MOCK-0001863,MOCK-1637-19981116-1863,Kartika Wijaya,Perempuan,1998-11-16 00:00:00,B,Menikah,"Jl. Melati No. 5, Duren Sawit",Jakarta Timur,DKI Jakarta,+62 838-5921-1863,kartika.santoso.1863@example.invalid,BPJS Kesehatan,11-Aug-2018,Ya,Aktif
PAT-MOCK-0001864,EMR-MOCK-0001864,MOCK-5087-20020507-1864,Intan Ramadhan,Perempuan,2002-05-07 00:00:00,A,Cerai Mati,"Jl. Mawar No. 71, Denpasar Selatan",Denpasar,Bali,+62 823-1416-1864,intan.hidayat.1864@example.invalid,Asuransi Perusahaan,15-Nov-2020,Ya,Aktif
PAT-MOCK-0001865,EMR-MOCK-0001865,MOCK-9063-20230505-1865,Bima Kusuma,Laki-laki,2023-05-05 00:00:00,B,Cerai Hidup,"Jl. Merpati No. 86, Kebon Jeruk",Jakarta Barat,DKI Jakarta,+62 839-2653-1865,bima.nugraha.1865@example.invalid,Pribadi,02-May-2026,Ya,Aktif
PAT-MOCK-0001866,EMR-MOCK-0001866,MOCK-6425-19700126-1866,Rizky Halim,Laki-laki,1970-01-26 00:00:00,O,Cerai Hidup,"Jl. Dahlia No. 120, Bekasi Selatan",Bekasi,Jawa Barat,+62 858-8174-1866,rizky.kusuma.1866@example.invalid,Asuransi Swasta,01-Dec-2021,Tidak,Aktif
PAT-MOCK-0001867,EMR-MOCK-0001867,MOCK-3461-19570828-1867,Eko Halim,Laki-laki,1957-08-28 00:00:00,O,Menikah,"Jl. Cemara No. 100, Kebayoran Baru",Jakarta Selatan,DKI Jakarta,+62 874-4023-1867,eko.setiawan.1867@example.invalid,Corporate Guarantee,01-Jun-2023,Ya,Aktif
PAT-MOCK-0001868,EMR-MOCK-0001868,MOCK-6185-19990103-1868,Dewi Utama,Perempuan,1999-01-03 00:00:00,O,Cerai Mati,"Jl. Melati No. 130, Wonokromo",Surabaya,Jawa Timur,+62 892-3459-1868,dewi.permana.1868@example.invalid,Asuransi Perusahaan,30-May-2020,Ya,Aktif
PAT-MOCK-0001869,EMR-MOCK-0001869,MOCK-5689-20161020-1869,Lestari Santoso,Perempuan,2016-10-20 00:00:00,A,Cerai Hidup,"Jl. Merpati No. 91, Banyumanik",Semarang,Jawa Tengah,+62 866-3924-1869,lestari.ramadhan.1869@example.invalid,Asuransi Swasta,10-Jan-2023,Ya,Aktif
PAT-MOCK-0001870,EMR-MOCK-0001870,MOCK-8140-19760918-1870,Nabila Gunawan,Perempuan,1976-09-18 00:00:00,Belum diperiksa,Cerai Mati,"Jl. Melati No. 121, Panakkukang",Makassar,Sulawesi Selatan,+62 852-5628-1870,nabila.maulana.1870@example.invalid,Corporate Guarantee,21-Oct-2019,Ya,Aktif
PAT-MOCK-0001871,EMR-MOCK-0001871,MOCK-5409-19621225-1871,Citra Kusuma,Perempuan,1962-12-25 00:00:00,O,Cerai Mati,"Jl. Flamboyan No. 145, Ilir Barat I",Palembang,Sumatera Selatan,+62 852-8313-1871,citra.utama.1871@example.invalid,Asuransi Swasta,17-Sep-2023,Tidak,Aktif
PAT-MOCK-0001872,EMR-MOCK-0001872,MOCK-5738-20241124-1872,Intan Maulana,Perempuan,2024-11-24 00:00:00,B,Menikah,"Jl. Anggrek No. 104, Panakkukang",Makassar,Sulawesi Selatan,+62 842-5225-1872,intan.purnama.1872@example.invalid,Asuransi Swasta,25-Nov-2024,Ya,Aktif
PAT-MOCK-0001873,EMR-MOCK-0001873,MOCK-1393-19670809-1873,Bima Santoso,Laki-laki,1967-08-09 00:00:00,B,Cerai Hidup,"Jl. Rajawali No. 29, Kebon Jeruk",Jakarta Barat,DKI Jakarta,+62 896-3529-1873,bima.siregar.1873@example.invalid,Corporate Guarantee,17-May-2021,Ya,Aktif
PAT-MOCK-0001874,EMR-MOCK-0001874,MOCK-9604-19500807-1874,Bagas Nugraha,Laki-laki,1950-08-07 00:00:00,A,Belum Menikah,"Jl. Cendana No. 171, Karawaci",Tangerang,Banten,+62 829-7167-1874,bagas.nasution.1874@example.invalid,Asuransi Perusahaan,23-Feb-2023,Ya,Aktif
PAT-MOCK-0001875,EMR-MOCK-0001875,MOCK-2983-19950404-1875,Kartika Santoso,Perempuan,1995-04-04 00:00:00,Belum diperiksa,Cerai Hidup,"Jl. Melati No. 85, Kebon Jeruk",Jakarta Barat,DKI Jakarta,+62 896-7483-1875,kartika.simanjuntak.1875@example.invalid,Pribadi,12-Aug-2022,Tidak,Aktif
PAT-MOCK-0001876,EMR-MOCK-0001876,MOCK-9371-19700713-1876,Aulia Halim,Perempuan,1970-07-13 00:00:00,O,Cerai Mati,"Jl. Rajawali No. 156, Beji",Depok,Jawa Barat,+62 896-1140-1876,aulia.halim.1876@example.invalid,Asuransi Perusahaan,16-Dec-2025,Ya,Aktif
PAT-MOCK-0001877,EMR-MOCK-0001877,MOCK-9720-19500901-1877,Arif Gunawan,Laki-laki,1950-09-01 00:00:00,O,Cerai Hidup,"Jl. Mawar No. 9, Beji",Depok,Jawa Barat,+62 825-3415-1877,arif.gunawan.1877@example.invalid,Asuransi Perusahaan,03-Aug-2023,Ya,Aktif
PAT-MOCK-0001878,EMR-MOCK-0001878,MOCK-9443-19940204-1878,Rani Kusuma,Perempuan,1994-02-04 00:00:00,O,Menikah,"Jl. Merpati No. 7, Kebon Jeruk",Jakarta Barat,DKI Jakarta,+62 832-8116-1878,rani.hartono.1878@example.invalid,Asuransi Perusahaan,15-May-2020,Ya,Aktif
PAT-MOCK-0001879,EMR-MOCK-0001879,MOCK-2840-19641010-1879,Arif Santoso,Laki-laki,1964-10-10 00:00:00,A,Belum Menikah,"Jl. Kenanga No. 104, Denpasar Selatan",Denpasar,Bali,+62 834-3711-1879,arif.lesmana.1879@example.invalid,BPJS Kesehatan,21-Apr-2020,Tidak,Aktif
PAT-MOCK-0001880,EMR-MOCK-0001880,MOCK-4977-20190615-1880,Joko Siregar,Laki-laki,2019-06-15 00:00:00,A,Cerai Hidup,"Jl. Kenanga No. 105, Panakkukang",Makassar,Sulawesi Selatan,+62 898-4354-1880,joko.pratama.1880@example.invalid,Asuransi Swasta,24-Jul-2022,Ya,Aktif
PAT-MOCK-0001881,EMR-MOCK-0001881,MOCK-6940-19730130-1881,Sari Saputra,Perempuan,1973-01-30 00:00:00,A,Cerai Mati,"Jl. Anggrek No. 102, Coblong",Bandung,Jawa Barat,+62 818-2109-1881,sari.saputra.1881@example.invalid,Asuransi Swasta,18-Mar-2022,Ya,Aktif
PAT-MOCK-0001882,EMR-MOCK-0001882,MOCK-4635-19570112-1882,Putri Hidayat,Perempuan,1957-01-12 00:00:00,A,Belum Menikah,"Jl. Kenanga No. 69, Beji",Depok,Jawa Barat,+62 883-2319-1882,putri.wijaya.1882@example.invalid,Pribadi,17-Mar-2024,Ya,Aktif
PAT-MOCK-0001883,EMR-MOCK-0001883,MOCK-2783-19601215-1883,Sekar Kusuma,Perempuan,1960-12-15 00:00:00,A,Menikah,"Jl. Anggrek No. 71, Kebon Jeruk",Jakarta Barat,DKI Jakarta,+62 867-5423-1883,sekar.santoso.1883@example.invalid,Asuransi Perusahaan,17-Mar-2026,Tidak,Aktif
PAT-MOCK-0001884,EMR-MOCK-0001884,MOCK-3116-19470821-1884,Fajar Siregar,Laki-laki,1947-08-21 00:00:00,O,Belum Menikah,"Jl. Rajawali No. 61, Denpasar Selatan",Denpasar,Bali,+62 888-2373-1884,fajar.hidayat.1884@example.invalid,Pribadi,07-Aug-2025,Ya,Aktif
PAT-MOCK-0001885,EMR-MOCK-0001885,MOCK-1508-20110107-1885,Andi Hartono,Laki-laki,2011-01-07 00:00:00,O,Cerai Mati,"Jl. Mawar No. 158, Beji",Depok,Jawa Barat,+62 852-4803-1885,andi.nugraha.1885@example.invalid,Corporate Guarantee,05-Jun-2021,Ya,Aktif
PAT-MOCK-0001886,EMR-MOCK-0001886,MOCK-6800-20110920-1886,Fajar Hartono,Laki-laki,2011-09-20 00:00:00,O,Cerai Hidup,"Jl. Flamboyan No. 127, Banyumanik",Semarang,Jawa Tengah,+62 849-4507-1886,fajar.kusuma.1886@example.invalid,Corporate Guarantee,26-Feb-2022,Ya,Aktif
PAT-MOCK-0001887,EMR-MOCK-0001887,MOCK-2174-20040520-1887,Fitri Gunawan,Perempuan,2004-05-20 00:00:00,B,Cerai Hidup,"Jl. Melati No. 42, Serpong",Tangerang Selatan,Banten,+62 895-5309-1887,fitri.setiawan.1887@example.invalid,BPJS Kesehatan,17-Sep-2020,Ya,Aktif
PAT-MOCK-0001888,EMR-MOCK-0001888,MOCK-7251-19520516-1888,Fajar Gunawan,Laki-laki,1952-05-16 00:00:00,O,Cerai Mati,"Jl. Melati No. 48, Kebon Jeruk",Jakarta Barat,DKI Jakarta,+62 886-1332-1888,fajar.permana.1888@example.invalid,Pribadi,29-Jun-2022,Ya,Aktif
PAT-MOCK-0001889,EMR-MOCK-0001889,MOCK-9009-19451117-1889,Dewi Setiawan,Perempuan,1945-11-17 00:00:00,B,Belum Menikah,"Jl. Flamboyan No. 159, Medan Baru",Medan,Sumatera Utara,+62 894-6777-1889,dewi.ramadhan.1889@example.invalid,Asuransi Swasta,29-Jan-2025,Ya,Aktif
PAT-MOCK-0001890,EMR-MOCK-0001890,MOCK-8622-19530830-1890,Anindya Utama,Perempuan,1953-08-30 00:00:00,Belum diperiksa,Cerai Hidup,"Jl. Rajawali No. 120, Wonokromo",Surabaya,Jawa Timur,+62 893-7876-1890,anindya.maulana.1890@example.invalid,BPJS Kesehatan,01-Jan-2022,Ya,Aktif
PAT-MOCK-0001891,EMR-MOCK-0001891,MOCK-8397-19550521-1891,Anindya Kusuma,Perempuan,1955-05-21 00:00:00,AB,Cerai Mati,"Jl. Flamboyan No. 13, Bogor Tengah",Bogor,Jawa Barat,+62 835-7504-1891,anindya.utama.1891@example.invalid,BPJS Kesehatan,15-Mar-2026,Ya,Aktif
PAT-MOCK-0001892,EMR-MOCK-0001892,MOCK-3504-19810714-1892,Wulan Simanjuntak,Perempuan,1981-07-14 00:00:00,O,Cerai Hidup,"Jl. Cendana No. 88, Denpasar Selatan",Denpasar,Bali,+62 881-8858-1892,wulan.purnama.1892@example.invalid,Pribadi,19-Jan-2021,Ya,Aktif
PAT-MOCK-0001893,EMR-MOCK-0001893,MOCK-8873-19870302-1893,Ahmad Nasution,Laki-laki,1987-03-02 00:00:00,B,Cerai Hidup,"Jl. Rajawali No. 76, Denpasar Selatan",Denpasar,Bali,+62 829-1638-1893,ahmad.siregar.1893@example.invalid,Asuransi Swasta,05-Jan-2023,Ya,Aktif
PAT-MOCK-0001894,EMR-MOCK-0001894,MOCK-2381-19811003-1894,Sari Maulana,Perempuan,1981-10-03 00:00:00,A,Cerai Mati,"Jl. Cemara No. 66, Kebayoran Baru",Jakarta Selatan,DKI Jakarta,+62 859-8287-1894,sari.nasution.1894@example.invalid,Pribadi,21-Mar-2024,Tidak,Aktif
PAT-MOCK-0001895,EMR-MOCK-0001895,MOCK-3234-20061029-1895,Fitri Saputra,Perempuan,2006-10-29 00:00:00,AB,Cerai Mati,"Jl. Cemara No. 122, Bekasi Selatan",Bekasi,Jawa Barat,+62 880-7702-1895,fitri.simanjuntak.1895@example.invalid,BPJS Kesehatan,12-Jan-2025,Ya,Aktif
PAT-MOCK-0001896,EMR-MOCK-0001896,MOCK-9597-19601017-1896,Kartika Pratama,Perempuan,1960-10-17 00:00:00,O,Cerai Mati,"Jl. Cendana No. 173, Coblong",Bandung,Jawa Barat,+62 878-7443-1896,kartika.halim.1896@example.invalid,Asuransi Swasta,04-Aug-2024,Ya,Aktif
PAT-MOCK-0001897,EMR-MOCK-0001897,MOCK-6428-19480618-1897,Farhan Saputra,Laki-laki,1948-06-18 00:00:00,O,Cerai Hidup,"Jl. Mawar No. 143, Serpong",Tangerang Selatan,Banten,+62 846-3527-1897,farhan.gunawan.1897@example.invalid,Asuransi Swasta,07-Sep-2023,Tidak,Aktif
PAT-MOCK-0001898,EMR-MOCK-0001898,MOCK-5522-19550111-1898,Aulia Kusuma,Perempuan,1955-01-11 00:00:00,O,Cerai Hidup,"Jl. Flamboyan No. 20, Ilir Barat I",Palembang,Sumatera Selatan,+62 832-8939-1898,aulia.hartono.1898@example.invalid,Asuransi Perusahaan,01-Mar-2018,Ya,Aktif
PAT-MOCK-0001899,EMR-MOCK-0001899,MOCK-4551-19850319-1899,Anindya Gunawan,Perempuan,1985-03-19 00:00:00,Belum diperiksa,Belum Menikah,"Jl. Rajawali No. 47, Bekasi Selatan",Bekasi,Jawa Barat,+62 880-7006-1899,anindya.lesmana.1899@example.invalid,BPJS Kesehatan,12-Apr-2021,Tidak,Aktif
PAT-MOCK-0001900,EMR-MOCK-0001900,MOCK-7187-20240823-1900,Andi Maulana,Laki-laki,2024-08-23 00:00:00,B,Cerai Hidup,"Jl. Anggrek No. 43, Bogor Tengah",Bogor,Jawa Barat,+62 876-5614-1900,andi.pratama.1900@example.invalid,BPJS Kesehatan,09-Jun-2025,Ya,Aktif
PAT-MOCK-0001901,EMR-MOCK-0001901,MOCK-1137-19970814-1901,Fajar Lesmana,Laki-laki,1997-08-14 00:00:00,A,Menikah,"Jl. Cemara No. 153, Kebayoran Baru",Jakarta Selatan,DKI Jakarta,+62 838-7389-1901,fajar.saputra.1901@example.invalid,BPJS Kesehatan,12-Jul-2024,Ya,Aktif
PAT-MOCK-0001902,EMR-MOCK-0001902,MOCK-2432-20230802-1902,Putri Nugraha,Perempuan,2023-08-02 00:00:00,B,Belum Menikah,"Jl. Anggrek No. 48, Beji",Depok,Jawa Barat,+62 847-1960-1902,putri.wijaya.1902@example.invalid,Asuransi Swasta,03-Aug-2023,Ya,Aktif
PAT-MOCK-0001903,EMR-MOCK-0001903,MOCK-7215-20120516-1903,Galang Nugraha,Laki-laki,2012-05-16 00:00:00,B,Cerai Mati,"Jl. Anggrek No. 63, Karawaci",Tangerang,Banten,+62 820-8842-1903,galang.santoso.1903@example.invalid,BPJS Kesehatan,16-Feb-2023,Ya,Aktif
PAT-MOCK-0001904,EMR-MOCK-0001904,MOCK-2936-20041022-1904,Sari Purnama,Perempuan,2004-10-22 00:00:00,B,Cerai Hidup,"Jl. Melati No. 151, Beji",Depok,Jawa Barat,+62 825-4337-1904,sari.hidayat.1904@example.invalid,Pribadi,08-Aug-2026,Tidak,Aktif
PAT-MOCK-0001905,EMR-MOCK-0001905,MOCK-2980-19550522-1905,Fitri Hidayat,Perempuan,1955-05-22 00:00:00,O,Cerai Hidup,"Jl. Kenanga No. 22, Bekasi Selatan",Bekasi,Jawa Barat,+62 879-5142-1905,fitri.nugraha.1905@example.invalid,BPJS Kesehatan,21-Jul-2026,Ya,Aktif
PAT-MOCK-0001906,EMR-MOCK-0001906,MOCK-3238-20101213-1906,Nadia Kusuma,Perempuan,2010-12-13 00:00:00,A,Belum Menikah,"Jl. Rajawali No. 167, Ilir Barat I",Palembang,Sumatera Selatan,+62 817-2024-1906,nadia.kusuma.1906@example.invalid,Corporate Guarantee,19-Sep-2022,Ya,Aktif
PAT-MOCK-0001907,EMR-MOCK-0001907,MOCK-6781-19790124-1907,Aditya Ramadhan,Laki-laki,1979-01-24 00:00:00,B,Cerai Hidup,"Jl. Cendana No. 87, Banyumanik",Semarang,Jawa Tengah,+62 841-6368-1907,aditya.setiawan.1907@example.invalid,BPJS Kesehatan,12-Dec-2020,Tidak,Aktif
PAT-MOCK-0001908,EMR-MOCK-0001908,MOCK-8158-19540330-1908,Arif Simanjuntak,Laki-laki,1954-03-30 00:00:00,B,Menikah,"Jl. Rajawali No. 102, Coblong",Bandung,Jawa Barat,+62 835-4417-1908,arif.permana.1908@example.invalid,Asuransi Swasta,28-Mar-2018,Tidak,Aktif
PAT-MOCK-0001909,EMR-MOCK-0001909,MOCK-1983-19710210-1909,Nadia Nugraha,Perempuan,1971-02-10 00:00:00,A,Menikah,"Jl. Cendana No. 47, Bekasi Selatan",Bekasi,Jawa Barat,+62 862-1793-1909,nadia.ramadhan.1909@example.invalid,Asuransi Swasta,01-Apr-2020,Tidak,Aktif
PAT-MOCK-0001910,EMR-MOCK-0001910,MOCK-6971-19841209-1910,Fitri Hartono,Perempuan,1984-12-09 00:00:00,B,Cerai Mati,"Jl. Anggrek No. 32, Serpong",Tangerang Selatan,Banten,+62 821-6600-1910,fitri.maulana.1910@example.invalid,Corporate Guarantee,29-Feb-2020,Tidak,Tidak Aktif
PAT-MOCK-0001911,EMR-MOCK-0001911,MOCK-9022-20190203-1911,Hendra Hartono,Laki-laki,2019-02-03 00:00:00,B,Belum Menikah,"Jl. Mawar No. 114, Karawaci",Tangerang,Banten,+62 897-5887-1911,hendra.utama.1911@example.invalid,Corporate Guarantee,22-Jun-2025,Tidak,Aktif
PAT-MOCK-0001912,EMR-MOCK-0001912,MOCK-2964-20120502-1912,Wulan Setiawan,Perempuan,2012-05-02 00:00:00,B,Cerai Hidup,"Jl. Flamboyan No. 175, Denpasar Selatan",Denpasar,Bali,+62 817-2830-1912,wulan.purnama.1912@example.invalid,Asuransi Swasta,15-Mar-2026,Ya,Aktif
PAT-MOCK-0001913,EMR-MOCK-0001913,MOCK-3861-19731031-1913,Joko Hartono,Laki-laki,1973-10-31 00:00:00,A,Cerai Hidup,"Jl. Merpati No. 56, Bogor Tengah",Bogor,Jawa Barat,+62 869-9999-1913,joko.siregar.1913@example.invalid,Pribadi,24-Jan-2024,Ya,Aktif
PAT-MOCK-0001914,EMR-MOCK-0001914,MOCK-6599-20150716-1914,Sari Hidayat,Perempuan,2015-07-16 00:00:00,O,Cerai Hidup,"Jl. Merpati No. 121, Panakkukang",Makassar,Sulawesi Selatan,+62 816-4298-1914,sari.nasution.1914@example.invalid,Corporate Guarantee,17-Nov-2023,Tidak,Tidak Aktif
PAT-MOCK-0001915,EMR-MOCK-0001915,MOCK-8213-19851223-1915,Nabila Halim,Perempuan,1985-12-23 00:00:00,AB,Cerai Mati,"Jl. Mawar No. 97, Banyumanik",Semarang,Jawa Tengah,+62 898-1989-1915,nabila.simanjuntak.1915@example.invalid,Corporate Guarantee,22-Jan-2024,Tidak,Aktif
PAT-MOCK-0001916,EMR-MOCK-0001916,MOCK-5498-20031019-1916,Danu Halim,Laki-laki,2003-10-19 00:00:00,O,Menikah,"Jl. Cemara No. 57, Beji",Depok,Jawa Barat,+62 894-8602-1916,danu.halim.1916@example.invalid,Corporate Guarantee,14-Oct-2022,Tidak,Aktif
PAT-MOCK-0001917,EMR-MOCK-0001917,MOCK-7221-20120625-1917,Anindya Saputra,Perempuan,2012-06-25 00:00:00,O,Belum Menikah,"Jl. Kenanga No. 140, Ilir Barat I",Palembang,Sumatera Selatan,+62 846-6641-1917,anindya.gunawan.1917@example.invalid,Pribadi,01-Oct-2022,Ya,Aktif
PAT-MOCK-0001918,EMR-MOCK-0001918,MOCK-5746-20210407-1918,Dimas Maulana,Laki-laki,2021-04-07 00:00:00,A,Menikah,"Jl. Mawar No. 52, Bekasi Selatan",Bekasi,Jawa Barat,+62 883-2695-1918,dimas.hartono.1918@example.invalid,Asuransi Swasta,23-Mar-2025,Ya,Aktif
PAT-MOCK-0001919,EMR-MOCK-0001919,MOCK-1688-19630323-1919,Maya Halim,Perempuan,1963-03-23 00:00:00,Belum diperiksa,Cerai Hidup,"Jl. Flamboyan No. 114, Ilir Barat I",Palembang,Sumatera Selatan,+62 867-1022-1919,maya.lesmana.1919@example.invalid,Pribadi,12-Dec-2023,Ya,Aktif
PAT-MOCK-0001920,EMR-MOCK-0001920,MOCK-7669-19681004-1920,Maya Maulana,Perempuan,1968-10-04 00:00:00,O,Cerai Hidup,"Jl. Kenanga No. 74, Wonokromo",Surabaya,Jawa Timur,+62 819-1301-1920,maya.pratama.1920@example.invalid,Asuransi Swasta,21-Jun-2020,Ya,Aktif
PAT-MOCK-0001921,EMR-MOCK-0001921,MOCK-8501-19980709-1921,Lestari Halim,Perempuan,1998-07-09 00:00:00,O,Cerai Mati,"Jl. Cendana No. 116, Duren Sawit",Jakarta Timur,DKI Jakarta,+62 870-7359-1921,lestari.saputra.1921@example.invalid,Corporate Guarantee,15-Mar-2022,Ya,Aktif
PAT-MOCK-0001922,EMR-MOCK-0001922,MOCK-3465-19650301-1922,Irfan Permana,Laki-laki,1965-03-01 00:00:00,A,Menikah,"Jl. Mawar No. 53, Wonokromo",Surabaya,Jawa Timur,+62 860-6263-1922,irfan.wijaya.1922@example.invalid,Pribadi,01-Feb-2018,Ya,Aktif
PAT-MOCK-0001923,EMR-MOCK-0001923,MOCK-7257-20190122-1923,Citra Lesmana,Perempuan,2019-01-22 00:00:00,O,Cerai Mati,"Jl. Kenanga No. 11, Panakkukang",Makassar,Sulawesi Selatan,+62 889-2431-1923,citra.santoso.1923@example.invalid,BPJS Kesehatan,22-May-2022,Ya,Aktif
PAT-MOCK-0001924,EMR-MOCK-0001924,MOCK-3376-20090224-1924,Tiara Hidayat,Perempuan,2009-02-24 00:00:00,O,Cerai Hidup,"Jl. Cendana No. 129, Kebon Jeruk",Jakarta Barat,DKI Jakarta,+62 838-2630-1924,tiara.hidayat.1924@example.invalid,Pribadi,11-Oct-2018,Ya,Aktif
PAT-MOCK-0001925,EMR-MOCK-0001925,MOCK-7198-20190915-1925,Fajar Purnama,Laki-laki,2019-09-15 00:00:00,A,Cerai Mati,"Jl. Merpati No. 158, Duren Sawit",Jakarta Timur,DKI Jakarta,+62 825-9092-1925,fajar.nugraha.1925@example.invalid,Asuransi Swasta,06-Mar-2026,Tidak,Aktif
PAT-MOCK-0001926,EMR-MOCK-0001926,MOCK-2380-19880625-1926,Lestari Gunawan,Perempuan,1988-06-25 00:00:00,B,Cerai Hidup,"Jl. Kenanga No. 105, Kebayoran Baru",Jakarta Selatan,DKI Jakarta,+62 855-3203-1926,lestari.kusuma.1926@example.invalid,BPJS Kesehatan,17-Feb-2024,Ya,Aktif
PAT-MOCK-0001927,EMR-MOCK-0001927,MOCK-3550-19830407-1927,Joko Hartono,Laki-laki,1983-04-07 00:00:00,Belum diperiksa,Belum Menikah,"Jl. Dahlia No. 2, Kebon Jeruk",Jakarta Barat,DKI Jakarta,+62 827-5739-1927,joko.setiawan.1927@example.invalid,Asuransi Perusahaan,26-Oct-2019,Ya,Aktif
PAT-MOCK-0001928,EMR-MOCK-0001928,MOCK-9028-20181028-1928,Aditya Siregar,Laki-laki,2018-10-28 00:00:00,AB,Cerai Hidup,"Jl. Merpati No. 37, Kebon Jeruk",Jakarta Barat,DKI Jakarta,+62 870-2431-1928,aditya.permana.1928@example.invalid,Asuransi Perusahaan,12-Apr-2021,Tidak,Aktif
PAT-MOCK-0001929,EMR-MOCK-0001929,MOCK-8159-20241122-1929,Amelia Santoso,Perempuan,2024-11-22 00:00:00,A,Cerai Hidup,"Jl. Melati No. 79, Kebayoran Baru",Jakarta Selatan,DKI Jakarta,+62 876-6418-1929,amelia.ramadhan.1929@example.invalid,BPJS Kesehatan,23-Nov-2024,Tidak,Aktif
PAT-MOCK-0001930,EMR-MOCK-0001930,MOCK-2436-20210827-1930,Dimas Nasution,Laki-laki,2021-08-27 00:00:00,A,Menikah,"Jl. Flamboyan No. 44, Karawaci",Tangerang,Banten,+62 842-3860-1930,dimas.maulana.1930@example.invalid,Pribadi,28-Aug-2021,Ya,Aktif
PAT-MOCK-0001931,EMR-MOCK-0001931,MOCK-2649-19980807-1931,Citra Hidayat,Perempuan,1998-08-07 00:00:00,B,Menikah,"Jl. Mawar No. 127, Medan Baru",Medan,Sumatera Utara,+62 849-4080-1931,citra.utama.1931@example.invalid,Pribadi,14-Oct-2022,Ya,Aktif
PAT-MOCK-0001932,EMR-MOCK-0001932,MOCK-2780-19450223-1932,Yoga Lesmana,Laki-laki,1945-02-23 00:00:00,A,Belum Menikah,"Jl. Merpati No. 2, Bogor Tengah",Bogor,Jawa Barat,+62 861-5731-1932,yoga.purnama.1932@example.invalid,Asuransi Swasta,25-Mar-2022,Ya,Aktif
PAT-MOCK-0001933,EMR-MOCK-0001933,MOCK-1412-19760505-1933,Rangga Hartono,Laki-laki,1976-05-05 00:00:00,AB,Cerai Hidup,"Jl. Merpati No. 67, Ilir Barat I",Palembang,Sumatera Selatan,+62 841-6060-1933,rangga.siregar.1933@example.invalid,Pribadi,04-Dec-2020,Ya,Aktif
PAT-MOCK-0001934,EMR-MOCK-0001934,MOCK-4548-19900429-1934,Ahmad Lesmana,Laki-laki,1990-04-29 00:00:00,O,Cerai Mati,"Jl. Melati No. 151, Banyumanik",Semarang,Jawa Tengah,+62 833-1872-1934,ahmad.nasution.1934@example.invalid,BPJS Kesehatan,12-Dec-2020,Ya,Aktif
PAT-MOCK-0001935,EMR-MOCK-0001935,MOCK-7554-19921124-1935,Eko Hidayat,Laki-laki,1992-11-24 00:00:00,B,Cerai Mati,"Jl. Mawar No. 138, Wonokromo",Surabaya,Jawa Timur,+62 838-4175-1935,eko.simanjuntak.1935@example.invalid,Corporate Guarantee,13-Feb-2023,Tidak,Aktif
PAT-MOCK-0001936,EMR-MOCK-0001936,MOCK-8386-19760228-1936,Tiara Gunawan,Perempuan,1976-02-28 00:00:00,B,Menikah,"Jl. Merpati No. 110, Karawaci",Tangerang,Banten,+62 899-1200-1936,tiara.halim.1936@example.invalid,Corporate Guarantee,12-Sep-2021,Ya,Aktif
PAT-MOCK-0001937,EMR-MOCK-0001937,MOCK-3992-20100612-1937,Amelia Santoso,Perempuan,2010-06-12 00:00:00,B,Cerai Hidup,"Jl. Anggrek No. 78, Denpasar Selatan",Denpasar,Bali,+62 857-2652-1937,amelia.gunawan.1937@example.invalid,Asuransi Swasta,16-Mar-2021,Ya,Aktif
PAT-MOCK-0001938,EMR-MOCK-0001938,MOCK-1698-20030228-1938,Tiara Gunawan,Perempuan,2003-02-28 00:00:00,A,Cerai Mati,"Jl. Merpati No. 161, Panakkukang",Makassar,Sulawesi Selatan,+62 894-5132-1938,tiara.hartono.1938@example.invalid,Pribadi,06-Sep-2026,Ya,Aktif
PAT-MOCK-0001939,EMR-MOCK-0001939,MOCK-9722-19910126-1939,Anindya Siregar,Perempuan,1991-01-26 00:00:00,A,Belum Menikah,"Jl. Mawar No. 63, Karawaci",Tangerang,Banten,+62 839-4996-1939,anindya.lesmana.1939@example.invalid,Asuransi Perusahaan,28-Mar-2026,Ya,Aktif
PAT-MOCK-0001940,EMR-MOCK-0001940,MOCK-5119-20071029-1940,Aditya Maulana,Laki-laki,2007-10-29 00:00:00,A,Belum Menikah,"Jl. Rajawali No. 45, Coblong",Bandung,Jawa Barat,+62 882-9814-1940,aditya.pratama.1940@example.invalid,Pribadi,28-Oct-2018,Tidak,Aktif
PAT-MOCK-0001941,EMR-MOCK-0001941,MOCK-4803-19461104-1941,Arya Kusuma,Laki-laki,1946-11-04 00:00:00,A,Belum Menikah,"Jl. Mawar No. 101, Medan Baru",Medan,Sumatera Utara,+62 813-1109-1941,arya.saputra.1941@example.invalid,Asuransi Perusahaan,08-Feb-2025,Ya,Aktif
PAT-MOCK-0001942,EMR-MOCK-0001942,MOCK-9147-19640216-1942,Raka Wijaya,Laki-laki,1964-02-16 00:00:00,AB,Cerai Hidup,"Jl. Melati No. 135, Medan Baru",Medan,Sumatera Utara,+62 878-4020-1942,raka.wijaya.1942@example.invalid,Corporate Guarantee,07-Jun-2020,Tidak,Tidak Aktif
PAT-MOCK-0001943,EMR-MOCK-0001943,MOCK-6029-20080323-1943,Citra Pratama,Perempuan,2008-03-23 00:00:00,O,Cerai Hidup,"Jl. Melati No. 148, Kebon Jeruk",Jakarta Barat,DKI Jakarta,+62 819-3394-1943,citra.santoso.1943@example.invalid,BPJS Kesehatan,25-Jan-2021,Ya,Aktif
PAT-MOCK-0001944,EMR-MOCK-0001944,MOCK-3148-19540919-1944,Joko Utama,Laki-laki,1954-09-19 00:00:00,O,Cerai Hidup,"Jl. Rajawali No. 9, Wonokromo",Surabaya,Jawa Timur,+62 859-7896-1944,joko.hidayat.1944@example.invalid,BPJS Kesehatan,11-Nov-2023,Ya,Aktif
PAT-MOCK-0001945,EMR-MOCK-0001945,MOCK-9507-19531013-1945,Raka Ramadhan,Laki-laki,1953-10-13 00:00:00,O,Belum Menikah,"Jl. Cemara No. 176, Kebon Jeruk",Jakarta Barat,DKI Jakarta,+62 827-8587-1945,raka.nugraha.1945@example.invalid,BPJS Kesehatan,10-Feb-2018,Ya,Aktif
PAT-MOCK-0001946,EMR-MOCK-0001946,MOCK-8357-20041115-1946,Lestari Nugraha,Perempuan,2004-11-15 00:00:00,A,Belum Menikah,"Jl. Mawar No. 107, Medan Baru",Medan,Sumatera Utara,+62 891-7308-1946,lestari.kusuma.1946@example.invalid,Asuransi Perusahaan,12-Nov-2025,Tidak,Aktif
PAT-MOCK-0001947,EMR-MOCK-0001947,MOCK-1149-19631018-1947,Hendra Hartono,Laki-laki,1963-10-18 00:00:00,A,Belum Menikah,"Jl. Kenanga No. 51, Ilir Barat I",Palembang,Sumatera Selatan,+62 837-2395-1947,hendra.setiawan.1947@example.invalid,Asuransi Perusahaan,11-Apr-2020,Ya,Aktif
PAT-MOCK-0001948,EMR-MOCK-0001948,MOCK-4756-19630308-1948,Putri Utama,Perempuan,1963-03-08 00:00:00,AB,Belum Menikah,"Jl. Anggrek No. 70, Duren Sawit",Jakarta Timur,DKI Jakarta,+62 811-1033-1948,putri.permana.1948@example.invalid,Corporate Guarantee,07-Oct-2019,Ya,Aktif
PAT-MOCK-0001949,EMR-MOCK-0001949,MOCK-9989-19670324-1949,Irfan Lesmana,Laki-laki,1967-03-24 00:00:00,A,Cerai Hidup,"Jl. Cendana No. 98, Denpasar Selatan",Denpasar,Bali,+62 858-7342-1949,irfan.ramadhan.1949@example.invalid,BPJS Kesehatan,20-Jun-2025,Ya,Aktif
PAT-MOCK-0001950,EMR-MOCK-0001950,MOCK-8180-19500720-1950,Kartika Santoso,Perempuan,1950-07-20 00:00:00,O,Cerai Hidup,"Jl. Melati No. 87, Duren Sawit",Jakarta Timur,DKI Jakarta,+62 853-1024-1950,kartika.maulana.1950@example.invalid,BPJS Kesehatan,17-Nov-2020,Tidak,Aktif
PAT-MOCK-0001951,EMR-MOCK-0001951,MOCK-3535-19970519-1951,Arya Utama,Laki-laki,1997-05-19 00:00:00,A,Belum Menikah,"Jl. Cendana No. 170, Kebon Jeruk",Jakarta Barat,DKI Jakarta,+62 822-6040-1951,arya.utama.1951@example.invalid,Corporate Guarantee,01-Oct-2018,Ya,Aktif
PAT-MOCK-0001952,EMR-MOCK-0001952,MOCK-6490-19990617-1952,Arif Wijaya,Laki-laki,1999-06-17 00:00:00,O,Belum Menikah,"Jl. Cendana No. 142, Beji",Depok,Jawa Barat,+62 841-9668-1952,arif.purnama.1952@example.invalid,Asuransi Swasta,01-Apr-2023,Ya,Aktif
PAT-MOCK-0001953,EMR-MOCK-0001953,MOCK-4176-19660617-1953,Wulan Lesmana,Perempuan,1966-06-17 00:00:00,O,Cerai Mati,"Jl. Cemara No. 154, Wonokromo",Surabaya,Jawa Timur,+62 855-5630-1953,wulan.siregar.1953@example.invalid,Corporate Guarantee,11-Mar-2020,Tidak,Aktif
PAT-MOCK-0001954,EMR-MOCK-0001954,MOCK-6921-19810624-1954,Farhan Siregar,Laki-laki,1981-06-24 00:00:00,O,Belum Menikah,"Jl. Anggrek No. 52, Kebayoran Baru",Jakarta Selatan,DKI Jakarta,+62 858-4838-1954,farhan.nasution.1954@example.invalid,Asuransi Perusahaan,09-Oct-2022,Tidak,Aktif
PAT-MOCK-0001955,EMR-MOCK-0001955,MOCK-8135-20190619-1955,Wulan Permana,Perempuan,2019-06-19 00:00:00,B,Menikah,"Jl. Merpati No. 12, Serpong",Tangerang Selatan,Banten,+62 856-1618-1955,wulan.simanjuntak.1955@example.invalid,BPJS Kesehatan,20-Jun-2019,Ya,Aktif
PAT-MOCK-0001956,EMR-MOCK-0001956,MOCK-9341-19640507-1956,Ahmad Gunawan,Laki-laki,1964-05-07 00:00:00,A,Cerai Mati,"Jl. Cemara No. 4, Beji",Depok,Jawa Barat,+62 869-4033-1956,ahmad.halim.1956@example.invalid,Asuransi Perusahaan,13-Feb-2023,Ya,Aktif
PAT-MOCK-0001957,EMR-MOCK-0001957,MOCK-4988-19610401-1957,Rangga Gunawan,Laki-laki,1961-04-01 00:00:00,O,Menikah,"Jl. Mawar No. 145, Kebon Jeruk",Jakarta Barat,DKI Jakarta,+62 895-7859-1957,rangga.gunawan.1957@example.invalid,Asuransi Perusahaan,02-Jan-2019,Ya,Aktif
PAT-MOCK-0001958,EMR-MOCK-0001958,MOCK-6084-19840328-1958,Nabila Maulana,Perempuan,1984-03-28 00:00:00,O,Cerai Hidup,"Jl. Merpati No. 146, Beji",Depok,Jawa Barat,+62 865-4044-1958,nabila.hartono.1958@example.invalid,Asuransi Perusahaan,18-Jan-2021,Ya,Aktif
PAT-MOCK-0001959,EMR-MOCK-0001959,MOCK-5231-20131121-1959,Rangga Siregar,Laki-laki,2013-11-21 00:00:00,A,Belum Menikah,"Jl. Cendana No. 104, Medan Baru",Medan,Sumatera Utara,+62 826-6867-1959,rangga.lesmana.1959@example.invalid,Asuransi Perusahaan,06-Jan-2022,Ya,Tidak Aktif
PAT-MOCK-0001960,EMR-MOCK-0001960,MOCK-1307-19660729-1960,Ahmad Pratama,Laki-laki,1966-07-29 00:00:00,B,Cerai Mati,"Jl. Cemara No. 170, Duren Sawit",Jakarta Timur,DKI Jakarta,+62 831-4579-1960,ahmad.pratama.1960@example.invalid,Pribadi,10-Dec-2022,Ya,Aktif
PAT-MOCK-0001961,EMR-MOCK-0001961,MOCK-6703-19770929-1961,Raka Simanjuntak,Laki-laki,1977-09-29 00:00:00,B,Menikah,"Jl. Mawar No. 117, Banyumanik",Semarang,Jawa Tengah,+62 868-1994-1961,raka.saputra.1961@example.invalid,Asuransi Swasta,22-Mar-2026,Ya,Aktif
PAT-MOCK-0001962,EMR-MOCK-0001962,MOCK-8007-19520621-1962,Farhan Siregar,Laki-laki,1952-06-21 00:00:00,A,Menikah,"Jl. Mawar No. 107, Medan Baru",Medan,Sumatera Utara,+62 898-7693-1962,farhan.wijaya.1962@example.invalid,Asuransi Swasta,02-Jul-2021,Ya,Aktif
PAT-MOCK-0001963,EMR-MOCK-0001963,MOCK-1446-19690926-1963,Dinda Permana,Perempuan,1969-09-26 00:00:00,Belum diperiksa,Menikah,"Jl. Merpati No. 29, Beji",Depok,Jawa Barat,+62 842-6250-1963,dinda.santoso.1963@example.invalid,Asuransi Swasta,22-Dec-2019,Ya,Aktif
PAT-MOCK-0001964,EMR-MOCK-0001964,MOCK-9906-20200311-1964,Wulan Pratama,Perempuan,2020-03-11 00:00:00,B,Cerai Mati,"Jl. Merpati No. 50, Panakkukang",Makassar,Sulawesi Selatan,+62 875-5378-1964,wulan.hidayat.1964@example.invalid,Asuransi Perusahaan,12-Mar-2020,Ya,Aktif
PAT-MOCK-0001965,EMR-MOCK-0001965,MOCK-3145-19461209-1965,Joko Utama,Laki-laki,1946-12-09 00:00:00,O,Cerai Hidup,"Jl. Rajawali No. 29, Kebayoran Baru",Jakarta Selatan,DKI Jakarta,+62 852-3686-1965,joko.nugraha.1965@example.invalid,Corporate Guarantee,23-May-2019,Ya,Aktif
PAT-MOCK-0001966,EMR-MOCK-0001966,MOCK-8900-19741118-1966,Arya Nugraha,Laki-laki,1974-11-18 00:00:00,O,Menikah,"Jl. Cemara No. 167, Wonokromo",Surabaya,Jawa Timur,+62 820-6131-1966,arya.kusuma.1966@example.invalid,Asuransi Perusahaan,13-Apr-2026,Ya,Aktif
PAT-MOCK-0001967,EMR-MOCK-0001967,MOCK-9793-20240806-1967,Ahmad Setiawan,Laki-laki,2024-08-06 00:00:00,A,Menikah,"Jl. Merpati No. 107, Denpasar Selatan",Denpasar,Bali,+62 840-6315-1967,ahmad.setiawan.1967@example.invalid,Corporate Guarantee,07-Aug-2024,Tidak,Aktif
PAT-MOCK-0001968,EMR-MOCK-0001968,MOCK-3690-19780902-1968,Citra Simanjuntak,Perempuan,1978-09-02 00:00:00,A,Belum Menikah,"Jl. Anggrek No. 116, Serpong",Tangerang Selatan,Banten,+62 863-3987-1968,citra.permana.1968@example.invalid,BPJS Kesehatan,13-Apr-2021,Ya,Aktif
PAT-MOCK-0001969,EMR-MOCK-0001969,MOCK-8228-19870226-1969,Irfan Ramadhan,Laki-laki,1987-02-26 00:00:00,O,Cerai Hidup,"Jl. Merpati No. 10, Karawaci",Tangerang,Banten,+62 867-1759-1969,irfan.ramadhan.1969@example.invalid,Asuransi Swasta,31-May-2019,Tidak,Aktif
PAT-MOCK-0001970,EMR-MOCK-0001970,MOCK-9957-19670304-1970,Putri Purnama,Perempuan,1967-03-04 00:00:00,A,Belum Menikah,"Jl. Rajawali No. 83, Banyumanik",Semarang,Jawa Tengah,+62 836-6618-1970,putri.maulana.1970@example.invalid,BPJS Kesehatan,27-Nov-2024,Ya,Aktif
PAT-MOCK-0001971,EMR-MOCK-0001971,MOCK-8912-19641005-1971,Citra Kusuma,Perempuan,1964-10-05 00:00:00,A,Belum Menikah,"Jl. Anggrek No. 124, Medan Baru",Medan,Sumatera Utara,+62 823-7585-1971,citra.utama.1971@example.invalid,Corporate Guarantee,16-Jul-2018,Tidak,Tidak Aktif
PAT-MOCK-0001972,EMR-MOCK-0001972,MOCK-6704-20181219-1972,Raka Pratama,Laki-laki,2018-12-19 00:00:00,O,Belum Menikah,"Jl. Rajawali No. 68, Banyumanik",Semarang,Jawa Tengah,+62 849-1963-1972,raka.purnama.1972@example.invalid,Asuransi Swasta,27-Mar-2023,Tidak,Aktif
PAT-MOCK-0001973,EMR-MOCK-0001973,MOCK-5608-19971013-1973,Kartika Wijaya,Perempuan,1997-10-13 00:00:00,A,Cerai Hidup,"Jl. Melati No. 103, Medan Baru",Medan,Sumatera Utara,+62 823-9297-1973,kartika.siregar.1973@example.invalid,Asuransi Swasta,13-Jun-2020,Tidak,Aktif
PAT-MOCK-0001974,EMR-MOCK-0001974,MOCK-5134-19980808-1974,Dinda Ramadhan,Perempuan,1998-08-08 00:00:00,O,Cerai Hidup,"Jl. Anggrek No. 159, Kebayoran Baru",Jakarta Selatan,DKI Jakarta,+62 831-9245-1974,dinda.nasution.1974@example.invalid,BPJS Kesehatan,07-Jun-2025,Ya,Aktif
PAT-MOCK-0001975,EMR-MOCK-0001975,MOCK-7739-19880601-1975,Fitri Saputra,Perempuan,1988-06-01 00:00:00,A,Cerai Mati,"Jl. Flamboyan No. 1, Ilir Barat I",Palembang,Sumatera Selatan,+62 865-7638-1975,fitri.simanjuntak.1975@example.invalid,Asuransi Swasta,09-Jan-2019,Ya,Aktif
PAT-MOCK-0001976,EMR-MOCK-0001976,MOCK-5910-19781025-1976,Aditya Hidayat,Laki-laki,1978-10-25 00:00:00,B,Cerai Mati,"Jl. Cendana No. 16, Banyumanik",Semarang,Jawa Tengah,+62 879-9379-1976,aditya.halim.1976@example.invalid,Pribadi,01-Aug-2020,Ya,Aktif
PAT-MOCK-0001977,EMR-MOCK-0001977,MOCK-3553-19600219-1977,Maya Setiawan,Perempuan,1960-02-19 00:00:00,O,Belum Menikah,"Jl. Flamboyan No. 166, Bekasi Selatan",Bekasi,Jawa Barat,+62 821-1849-1977,maya.gunawan.1977@example.invalid,Pribadi,11-Jul-2020,Tidak,Aktif
PAT-MOCK-0001978,EMR-MOCK-0001978,MOCK-9813-19540528-1978,Wulan Santoso,Perempuan,1954-05-28 00:00:00,B,Belum Menikah,"Jl. Flamboyan No. 12, Kebayoran Baru",Jakarta Selatan,DKI Jakarta,+62 869-1275-1978,wulan.hartono.1978@example.invalid,Asuransi Swasta,07-Aug-2022,Tidak,Aktif
PAT-MOCK-0001979,EMR-MOCK-0001979,MOCK-3331-19710121-1979,Rizky Lesmana,Laki-laki,1971-01-21 00:00:00,B,Menikah,"Jl. Melati No. 20, Kebon Jeruk",Jakarta Barat,DKI Jakarta,+62 822-1668-1979,rizky.lesmana.1979@example.invalid,Asuransi Perusahaan,24-Jan-2026,Ya,Aktif
PAT-MOCK-0001980,EMR-MOCK-0001980,MOCK-2682-19690706-1980,Eko Utama,Laki-laki,1969-07-06 00:00:00,AB,Belum Menikah,"Jl. Mawar No. 134, Denpasar Selatan",Denpasar,Bali,+62 831-4916-1980,eko.pratama.1980@example.invalid,Corporate Guarantee,17-Oct-2025,Ya,Aktif
PAT-MOCK-0001981,EMR-MOCK-0001981,MOCK-7829-19790427-1981,Amelia Kusuma,Perempuan,1979-04-27 00:00:00,O,Menikah,"Jl. Melati No. 60, Duren Sawit",Jakarta Timur,DKI Jakarta,+62 879-4747-1981,amelia.saputra.1981@example.invalid,Corporate Guarantee,19-Jul-2022,Ya,Aktif
PAT-MOCK-0001982,EMR-MOCK-0001982,MOCK-7470-19860713-1982,Maya Utama,Perempuan,1986-07-13 00:00:00,Belum diperiksa,Menikah,"Jl. Rajawali No. 21, Bogor Tengah",Bogor,Jawa Barat,+62 866-8493-1982,maya.wijaya.1982@example.invalid,Corporate Guarantee,14-Feb-2025,Ya,Aktif
PAT-MOCK-0001983,EMR-MOCK-0001983,MOCK-4843-19680526-1983,Galang Utama,Laki-laki,1968-05-26 00:00:00,B,Cerai Mati,"Jl. Cemara No. 80, Bekasi Selatan",Bekasi,Jawa Barat,+62 897-3942-1983,galang.santoso.1983@example.invalid,Asuransi Perusahaan,30-Dec-2025,Ya,Aktif
PAT-MOCK-0001984,EMR-MOCK-0001984,MOCK-1386-20150720-1984,Andi Nasution,Laki-laki,2015-07-20 00:00:00,A,Belum Menikah,"Jl. Flamboyan No. 131, Coblong",Bandung,Jawa Barat,+62 838-3167-1984,andi.hidayat.1984@example.invalid,Pribadi,15-Jul-2018,Tidak,Aktif
PAT-MOCK-0001985,EMR-MOCK-0001985,MOCK-1527-20150107-1985,Raka Halim,Laki-laki,2015-01-07 00:00:00,O,Menikah,"Jl. Melati No. 163, Kebayoran Baru",Jakarta Selatan,DKI Jakarta,+62 862-1952-1985,raka.nugraha.1985@example.invalid,Corporate Guarantee,15-Oct-2020,Ya,Aktif
PAT-MOCK-0001986,EMR-MOCK-0001986,MOCK-8884-19840712-1986,Kartika Purnama,Perempuan,1984-07-12 00:00:00,B,Menikah,"Jl. Anggrek No. 39, Bogor Tengah",Bogor,Jawa Barat,+62 887-1446-1986,kartika.kusuma.1986@example.invalid,Corporate Guarantee,11-May-2018,Ya,Aktif
PAT-MOCK-0001987,EMR-MOCK-0001987,MOCK-5328-19850723-1987,Rani Wijaya,Perempuan,1985-07-23 00:00:00,A,Belum Menikah,"Jl. Anggrek No. 22, Duren Sawit",Jakarta Timur,DKI Jakarta,+62 820-5329-1987,rani.setiawan.1987@example.invalid,Pribadi,18-Apr-2021,Ya,Aktif
PAT-MOCK-0001988,EMR-MOCK-0001988,MOCK-4884-19790605-1988,Rangga Nugraha,Laki-laki,1979-06-05 00:00:00,O,Cerai Hidup,"Jl. Mawar No. 107, Ilir Barat I",Palembang,Sumatera Selatan,+62 824-2189-1988,rangga.permana.1988@example.invalid,BPJS Kesehatan,28-Dec-2025,Tidak,Aktif
PAT-MOCK-0001989,EMR-MOCK-0001989,MOCK-8070-20081124-1989,Andi Maulana,Laki-laki,2008-11-24 00:00:00,B,Belum Menikah,"Jl. Mawar No. 7, Bekasi Selatan",Bekasi,Jawa Barat,+62 886-1728-1989,andi.ramadhan.1989@example.invalid,BPJS Kesehatan,15-Oct-2019,Ya,Aktif
PAT-MOCK-0001990,EMR-MOCK-0001990,MOCK-3723-19631105-1990,Tiara Permana,Perempuan,1963-11-05 00:00:00,A,Belum Menikah,"Jl. Melati No. 8, Duren Sawit",Jakarta Timur,DKI Jakarta,+62 856-9213-1990,tiara.maulana.1990@example.invalid,Asuransi Perusahaan,21-Apr-2023,Ya,Aktif
PAT-MOCK-0001991,EMR-MOCK-0001991,MOCK-8558-19580205-1991,Nabila Pratama,Perempuan,1958-02-05 00:00:00,A,Belum Menikah,"Jl. Melati No. 155, Karawaci",Tangerang,Banten,+62 815-4570-1991,nabila.utama.1991@example.invalid,Pribadi,13-Jun-2023,Tidak,Aktif
PAT-MOCK-0001992,EMR-MOCK-0001992,MOCK-2631-19830317-1992,Fajar Hidayat,Laki-laki,1983-03-17 00:00:00,O,Belum Menikah,"Jl. Kenanga No. 126, Kebon Jeruk",Jakarta Barat,DKI Jakarta,+62 886-4255-1992,fajar.purnama.1992@example.invalid,Corporate Guarantee,21-Feb-2023,Ya,Aktif
PAT-MOCK-0001993,EMR-MOCK-0001993,MOCK-8670-19630420-1993,Joko Saputra,Laki-laki,1963-04-20 00:00:00,B,Cerai Hidup,"Jl. Cendana No. 143, Medan Baru",Medan,Sumatera Utara,+62 873-1738-1993,joko.siregar.1993@example.invalid,Asuransi Perusahaan,21-Mar-2020,Ya,Aktif
PAT-MOCK-0001994,EMR-MOCK-0001994,MOCK-5435-20121128-1994,Ahmad Saputra,Laki-laki,2012-11-28 00:00:00,B,Belum Menikah,"Jl. Rajawali No. 81, Denpasar Selatan",Denpasar,Bali,+62 865-9791-1994,ahmad.nasution.1994@example.invalid,Asuransi Perusahaan,25-Sep-2018,Ya,Aktif
PAT-MOCK-0001995,EMR-MOCK-0001995,MOCK-9875-19610803-1995,Bima Lesmana,Laki-laki,1961-08-03 00:00:00,A,Belum Menikah,"Jl. Anggrek No. 104, Coblong",Bandung,Jawa Barat,+62 817-6928-1995,bima.simanjuntak.1995@example.invalid,Corporate Guarantee,24-Nov-2021,Ya,Aktif
PAT-MOCK-0001996,EMR-MOCK-0001996,MOCK-3774-19680117-1996,Wulan Hidayat,Perempuan,1968-01-17 00:00:00,B,Menikah,"Jl. Rajawali No. 122, Duren Sawit",Jakarta Timur,DKI Jakarta,+62 869-6756-1996,wulan.halim.1996@example.invalid,Asuransi Swasta,18-Jun-2021,Ya,Aktif
PAT-MOCK-0001997,EMR-MOCK-0001997,MOCK-6862-19640307-1997,Anindya Utama,Perempuan,1964-03-07 00:00:00,A,Menikah,"Jl. Melati No. 88, Bekasi Selatan",Bekasi,Jawa Barat,+62 847-6590-1997,anindya.gunawan.1997@example.invalid,Pribadi,30-Jun-2019,Ya,Aktif
PAT-MOCK-0001998,EMR-MOCK-0001998,MOCK-7224-19890322-1998,Danu Ramadhan,Laki-laki,1989-03-22 00:00:00,A,Cerai Hidup,"Jl. Dahlia No. 92, Medan Baru",Medan,Sumatera Utara,+62 885-8507-1998,danu.hartono.1998@example.invalid,BPJS Kesehatan,24-Jan-2023,Tidak,Aktif
PAT-MOCK-0001999,EMR-MOCK-0001999,MOCK-4796-19461221-1999,Aisyah Gunawan,Perempuan,1946-12-21 00:00:00,O,Belum Menikah,"Jl. Mawar No. 139, Beji",Depok,Jawa Barat,+62 862-2710-1999,aisyah.lesmana.1999@example.invalid,Asuransi Perusahaan,10-Aug-2022,Ya,Aktif
PAT-MOCK-0002000,EMR-MOCK-0002000,MOCK-7746-19820823-2000,Dewi Utama,Perempuan,1982-08-23 00:00:00,O,Menikah,"Jl. Merpati No. 1, Ilir Barat I",Palembang,Sumatera Selatan,+62 822-6511-2000,dewi.pratama.2000@example.invalid,Asuransi Perusahaan,13-May-2025,Ya,Aktif
PAT-MOCK-0002001,EMR-MOCK-0002001,MOCK-4336-20181029-2001,Tiara Hartono,Perempuan,2018-10-29 00:00:00,A,Belum Menikah,"Jl. Kenanga No. 138, Kebon Jeruk",Jakarta Barat,DKI Jakarta,+62 863-9120-2001,tiara.saputra.2001@example.invalid,BPJS Kesehatan,17-Jun-2024,Ya,Aktif
PAT-MOCK-0002002,EMR-MOCK-0002002,MOCK-5852-19510122-2002,Lestari Wijaya,Perempuan,1951-01-22 00:00:00,B,Belum Menikah,"Jl. Merpati No. 148, Banyumanik",Semarang,Jawa Tengah,+62 899-7116-2002,lestari.wijaya.2002@example.invalid,Asuransi Perusahaan,25-Aug-2019,Tidak,Aktif
PAT-MOCK-0002003,EMR-MOCK-0002003,MOCK-2779-19900626-2003,Maya Ramadhan,Perempuan,1990-06-26 00:00:00,B,Belum Menikah,"Jl. Mawar No. 59, Duren Sawit",Jakarta Timur,DKI Jakarta,+62 890-9816-2003,maya.santoso.2003@example.invalid,BPJS Kesehatan,05-Sep-2018,Tidak,Aktif
PAT-MOCK-0002004,EMR-MOCK-0002004,MOCK-2349-20150220-2004,Ahmad Simanjuntak,Laki-laki,2015-02-20 00:00:00,O,Belum Menikah,"Jl. Flamboyan No. 139, Serpong",Tangerang Selatan,Banten,+62 896-7626-2004,ahmad.hidayat.2004@example.invalid,Asuransi Swasta,15-Dec-2020,Ya,Tidak Aktif
PAT-MOCK-0002005,EMR-MOCK-0002005,MOCK-9675-20050817-2005,Joko Santoso,Laki-laki,2005-08-17 00:00:00,B,Menikah,"Jl. Mawar No. 86, Wonokromo",Surabaya,Jawa Timur,+62 854-2193-2005,joko.nugraha.2005@example.invalid,BPJS Kesehatan,11-Mar-2026,Ya,Aktif
PAT-MOCK-0002006,EMR-MOCK-0002006,MOCK-6358-19730406-2006,Rangga Wijaya,Laki-laki,1973-04-06 00:00:00,A,Cerai Mati,"Jl. Rajawali No. 12, Panakkukang",Makassar,Sulawesi Selatan,+62 811-8678-2006,rangga.kusuma.2006@example.invalid,Asuransi Perusahaan,01-Jun-2026,Ya,Aktif
PAT-MOCK-0002007,EMR-MOCK-0002007,MOCK-7743-20230407-2007,Hendra Setiawan,Laki-laki,2023-04-07 00:00:00,B,Belum Menikah,"Jl. Anggrek No. 83, Kebayoran Baru",Jakarta Selatan,DKI Jakarta,+62 835-9147-2007,hendra.setiawan.2007@example.invalid,Asuransi Swasta,08-Apr-2023,Ya,Aktif
PAT-MOCK-0002008,EMR-MOCK-0002008,MOCK-6693-19870610-2008,Aisyah Setiawan,Perempuan,1987-06-10 00:00:00,O,Cerai Mati,"Jl. Kenanga No. 122, Wonokromo",Surabaya,Jawa Timur,+62 811-6416-2008,aisyah.permana.2008@example.invalid,Asuransi Perusahaan,30-Sep-2022,Ya,Aktif
PAT-MOCK-0002009,EMR-MOCK-0002009,MOCK-3035-20030123-2009,Anindya Santoso,Perempuan,2003-01-23 00:00:00,O,Cerai Mati,"Jl. Kenanga No. 46, Beji",Depok,Jawa Barat,+62 814-4791-2009,anindya.ramadhan.2009@example.invalid,Pribadi,05-Jul-2020,Ya,Aktif
PAT-MOCK-0002010,EMR-MOCK-0002010,MOCK-9021-19590916-2010,Raka Kusuma,Laki-laki,1959-09-16 00:00:00,O,Menikah,"Jl. Rajawali No. 2, Wonokromo",Surabaya,Jawa Timur,+62 813-1528-2010,raka.maulana.2010@example.invalid,BPJS Kesehatan,22-May-2025,Ya,Aktif
PAT-MOCK-0002011,EMR-MOCK-0002011,MOCK-3395-19930914-2011,Maya Nasution,Perempuan,1993-09-14 00:00:00,O,Cerai Mati,"Jl. Kenanga No. 18, Wonokromo",Surabaya,Jawa Timur,+62 826-3847-2011,maya.utama.2011@example.invalid,Asuransi Swasta,08-Dec-2024,Ya,Aktif
PAT-MOCK-0002012,EMR-MOCK-0002012,MOCK-9147-20111229-2012,Nabila Kusuma,Perempuan,2011-12-29 00:00:00,B,Cerai Mati,"Jl. Melati No. 38, Bogor Tengah",Bogor,Jawa Barat,+62 886-2407-2012,nabila.purnama.2012@example.invalid,Pribadi,06-Dec-2023,Ya,Aktif
PAT-MOCK-0002013,EMR-MOCK-0002013,MOCK-7467-19530825-2013,Putri Utama,Perempuan,1953-08-25 00:00:00,B,Cerai Mati,"Jl. Melati No. 103, Kebayoran Baru",Jakarta Selatan,DKI Jakarta,+62 893-9297-2013,putri.siregar.2013@example.invalid,Asuransi Swasta,10-Nov-2025,Ya,Aktif
PAT-MOCK-0002014,EMR-MOCK-0002014,MOCK-8220-19470402-2014,Nadia Ramadhan,Perempuan,1947-04-02 00:00:00,B,Cerai Mati,"Jl. Kenanga No. 30, Kebon Jeruk",Jakarta Barat,DKI Jakarta,+62 847-9896-2014,nadia.nasution.2014@example.invalid,Asuransi Perusahaan,02-Jan-2019,Ya,Aktif
PAT-MOCK-0002015,EMR-MOCK-0002015,MOCK-4611-19780519-2015,Andi Simanjuntak,Laki-laki,1978-05-19 00:00:00,O,Cerai Mati,"Jl. Dahlia No. 126, Karawaci",Tangerang,Banten,+62 833-5082-2015,andi.simanjuntak.2015@example.invalid,Asuransi Perusahaan,19-Oct-2020,Tidak,Aktif
PAT-MOCK-0002016,EMR-MOCK-0002016,MOCK-9886-19630304-2016,Irfan Utama,Laki-laki,1963-03-04 00:00:00,AB,Belum Menikah,"Jl. Anggrek No. 69, Medan Baru",Medan,Sumatera Utara,+62 875-4416-2016,irfan.halim.2016@example.invalid,Pribadi,31-May-2019,Ya,Aktif
PAT-MOCK-0002017,EMR-MOCK-0002017,MOCK-6367-20170603-2017,Galang Wijaya,Laki-laki,2017-06-03 00:00:00,AB,Cerai Hidup,"Jl. Melati No. 161, Duren Sawit",Jakarta Timur,DKI Jakarta,+62 884-6010-2017,galang.gunawan.2017@example.invalid,Asuransi Perusahaan,04-Feb-2019,Tidak,Aktif
PAT-MOCK-0002018,EMR-MOCK-0002018,MOCK-6016-19850609-2018,Citra Pratama,Perempuan,1985-06-09 00:00:00,O,Cerai Mati,"Jl. Merpati No. 74, Medan Baru",Medan,Sumatera Utara,+62 848-2940-2018,citra.hartono.2018@example.invalid,BPJS Kesehatan,02-Aug-2018,Ya,Aktif
PAT-MOCK-0002019,EMR-MOCK-0002019,MOCK-2445-19941220-2019,Yoga Hidayat,Laki-laki,1994-12-20 00:00:00,O,Belum Menikah,"Jl. Flamboyan No. 52, Serpong",Tangerang Selatan,Banten,+62 816-7694-2019,yoga.lesmana.2019@example.invalid,Asuransi Perusahaan,06-Sep-2026,Ya,Aktif
PAT-MOCK-0002020,EMR-MOCK-0002020,MOCK-8296-19500708-2020,Irfan Ramadhan,Laki-laki,1950-07-08 00:00:00,AB,Belum Menikah,"Jl. Flamboyan No. 20, Kebayoran Baru",Jakarta Selatan,DKI Jakarta,+62 864-5126-2020,irfan.pratama.2020@example.invalid,Pribadi,03-May-2023,Ya,Aktif
PAT-MOCK-0002021,EMR-MOCK-0002021,MOCK-2690-19750315-2021,Aulia Hartono,Perempuan,1975-03-15 00:00:00,O,Belum Menikah,"Jl. Flamboyan No. 50, Serpong",Tangerang Selatan,Banten,+62 884-2378-2021,aulia.saputra.2021@example.invalid,BPJS Kesehatan,27-Jan-2024,Ya,Aktif
PAT-MOCK-0002022,EMR-MOCK-0002022,MOCK-3104-19580803-2022,Citra Nugraha,Perempuan,1958-08-03 00:00:00,B,Cerai Mati,"Jl. Rajawali No. 60, Bogor Tengah",Bogor,Jawa Barat,+62 867-9535-2022,citra.wijaya.2022@example.invalid,BPJS Kesehatan,26-Feb-2024,Tidak,Aktif
PAT-MOCK-0002023,EMR-MOCK-0002023,MOCK-6241-19750105-2023,Arif Utama,Laki-laki,1975-01-05 00:00:00,O,Cerai Mati,"Jl. Kenanga No. 56, Kebayoran Baru",Jakarta Selatan,DKI Jakarta,+62 818-2677-2023,arif.santoso.2023@example.invalid,Corporate Guarantee,26-Aug-2022,Ya,Aktif
PAT-MOCK-0002024,EMR-MOCK-0002024,MOCK-4361-19931115-2024,Maya Santoso,Perempuan,1993-11-15 00:00:00,O,Belum Menikah,"Jl. Kenanga No. 118, Ilir Barat I",Palembang,Sumatera Selatan,+62 833-3314-2024,maya.hidayat.2024@example.invalid,Asuransi Perusahaan,21-Sep-2020,Ya,Aktif
PAT-MOCK-0002025,EMR-MOCK-0002025,MOCK-4188-19920516-2025,Amelia Hidayat,Perempuan,1992-05-16 00:00:00,A,Menikah,"Jl. Kenanga No. 49, Wonokromo",Surabaya,Jawa Timur,+62 849-6587-2025,amelia.nugraha.2025@example.invalid,Asuransi Perusahaan,18-Dec-2020,Ya,Aktif
PAT-MOCK-0002026,EMR-MOCK-0002026,MOCK-3518-20101004-2026,Bima Kusuma,Laki-laki,2010-10-04 00:00:00,AB,Cerai Mati,"Jl. Cemara No. 93, Kebon Jeruk",Jakarta Barat,DKI Jakarta,+62 872-2788-2026,bima.kusuma.2026@example.invalid,Corporate Guarantee,25-Nov-2022,Ya,Aktif
PAT-MOCK-0002027,EMR-MOCK-0002027,MOCK-2212-20061020-2027,Amelia Halim,Perempuan,2006-10-20 00:00:00,B,Belum Menikah,"Jl. Melati No. 55, Panakkukang",Makassar,Sulawesi Selatan,+62 815-7524-2027,amelia.setiawan.2027@example.invalid,Pribadi,23-Jan-2026,Ya,Aktif
PAT-MOCK-0002028,EMR-MOCK-0002028,MOCK-1932-19480219-2028,Rangga Setiawan,Laki-laki,1948-02-19 00:00:00,B,Menikah,"Jl. Anggrek No. 164, Serpong",Tangerang Selatan,Banten,+62 897-5958-2028,rangga.permana.2028@example.invalid,Asuransi Perusahaan,12-Nov-2020,Tidak,Aktif
PAT-MOCK-0002029,EMR-MOCK-0002029,MOCK-6391-19531226-2029,Citra Pratama,Perempuan,1953-12-26 00:00:00,AB,Belum Menikah,"Jl. Anggrek No. 41, Serpong",Tangerang Selatan,Banten,+62 844-3749-2029,citra.ramadhan.2029@example.invalid,Corporate Guarantee,15-May-2022,Ya,Aktif
PAT-MOCK-0002030,EMR-MOCK-0002030,MOCK-5773-19460827-2030,Yoga Saputra,Laki-laki,1946-08-27 00:00:00,B,Belum Menikah,"Jl. Anggrek No. 91, Wonokromo",Surabaya,Jawa Timur,+62 898-9415-2030,yoga.maulana.2030@example.invalid,BPJS Kesehatan,26-Jun-2024,Ya,Aktif
PAT-MOCK-0002031,EMR-MOCK-0002031,MOCK-7255-19730601-2031,Eko Maulana,Laki-laki,1973-06-01 00:00:00,O,Belum Menikah,"Jl. Cemara No. 2, Duren Sawit",Jakarta Timur,DKI Jakarta,+62 821-5402-2031,eko.utama.2031@example.invalid,Asuransi Swasta,22-Dec-2023,Ya,Aktif
PAT-MOCK-0002032,EMR-MOCK-0002032,MOCK-2481-19840121-2032,Rizky Halim,Laki-laki,1984-01-21 00:00:00,B,Cerai Mati,"Jl. Melati No. 108, Bogor Tengah",Bogor,Jawa Barat,+62 853-7819-2032,rizky.purnama.2032@example.invalid,Corporate Guarantee,25-Feb-2021,Ya,Aktif
PAT-MOCK-0002033,EMR-MOCK-0002033,MOCK-6980-20240125-2033,Arya Setiawan,Laki-laki,2024-01-25 00:00:00,B,Cerai Hidup,"Jl. Flamboyan No. 107, Beji",Depok,Jawa Barat,+62 890-6012-2033,arya.siregar.2033@example.invalid,Asuransi Swasta,05-Feb-2026,Ya,Aktif
PAT-MOCK-0002034,EMR-MOCK-0002034,MOCK-2794-19461228-2034,Aisyah Hartono,Perempuan,1946-12-28 00:00:00,O,Belum Menikah,"Jl. Melati No. 12, Serpong",Tangerang Selatan,Banten,+62 898-9531-2034,aisyah.nasution.2034@example.invalid,Corporate Guarantee,12-Feb-2021,Ya,Aktif
PAT-MOCK-0002035,EMR-MOCK-0002035,MOCK-4798-20190405-2035,Tiara Wijaya,Perempuan,2019-04-05 00:00:00,AB,Belum Menikah,"Jl. Rajawali No. 65, Serpong",Tangerang Selatan,Banten,+62 897-6453-2035,tiara.simanjuntak.2035@example.invalid,Corporate Guarantee,04-Jun-2024,Ya,Aktif
PAT-MOCK-0002036,EMR-MOCK-0002036,MOCK-4623-19531015-2036,Rani Nugraha,Perempuan,1953-10-15 00:00:00,Belum diperiksa,Cerai Mati,"Jl. Cendana No. 145, Bogor Tengah",Bogor,Jawa Barat,+62 873-5686-2036,rani.halim.2036@example.invalid,Corporate Guarantee,03-Aug-2025,Ya,Aktif
PAT-MOCK-0002037,EMR-MOCK-0002037,MOCK-3491-19840518-2037,Arya Hartono,Laki-laki,1984-05-18 00:00:00,A,Cerai Mati,"Jl. Dahlia No. 65, Panakkukang",Makassar,Sulawesi Selatan,+62 899-5435-2037,arya.gunawan.2037@example.invalid,Asuransi Swasta,14-Oct-2020,Ya,Aktif
PAT-MOCK-0002038,EMR-MOCK-0002038,MOCK-7697-20160625-2038,Lestari Ramadhan,Perempuan,2016-06-25 00:00:00,Belum diperiksa,Cerai Hidup,"Jl. Cendana No. 55, Bogor Tengah",Bogor,Jawa Barat,+62 886-2420-2038,lestari.hartono.2038@example.invalid,BPJS Kesehatan,22-Mar-2021,Ya,Aktif
PAT-MOCK-0002039,EMR-MOCK-0002039,MOCK-4913-20000507-2039,Arif Simanjuntak,Laki-laki,2000-05-07 00:00:00,A,Cerai Mati,"Jl. Cemara No. 147, Bekasi Selatan",Bekasi,Jawa Barat,+62 888-7044-2039,arif.lesmana.2039@example.invalid,Asuransi Swasta,18-Oct-2021,Ya,Aktif
PAT-MOCK-0002040,EMR-MOCK-0002040,MOCK-1770-19770227-2040,Eko Gunawan,Laki-laki,1977-02-27 00:00:00,A,Cerai Hidup,"Jl. Rajawali No. 173, Beji",Depok,Jawa Barat,+62 838-8278-2040,eko.pratama.2040@example.invalid,Asuransi Perusahaan,05-Oct-2018,Ya,Aktif
PAT-MOCK-0002041,EMR-MOCK-0002041,MOCK-1292-19740421-2041,Sekar Ramadhan,Perempuan,1974-04-21 00:00:00,O,Cerai Hidup,"Jl. Kenanga No. 102, Bogor Tengah",Bogor,Jawa Barat,+62 815-6228-2041,sekar.saputra.2041@example.invalid,Corporate Guarantee,23-Jul-2018,Ya,Aktif
PAT-MOCK-0002042,EMR-MOCK-0002042,MOCK-1561-19891211-2042,Arya Halim,Laki-laki,1989-12-11 00:00:00,B,Menikah,"Jl. Cemara No. 172, Coblong",Bandung,Jawa Barat,+62 847-4971-2042,arya.wijaya.2042@example.invalid,BPJS Kesehatan,23-Feb-2026,Ya,Aktif
PAT-MOCK-0002043,EMR-MOCK-0002043,MOCK-2385-19500811-2043,Rizky Simanjuntak,Laki-laki,1950-08-11 00:00:00,O,Cerai Hidup,"Jl. Merpati No. 100, Serpong",Tangerang Selatan,Banten,+62 848-9228-2043,rizky.santoso.2043@example.invalid,Asuransi Swasta,31-Jan-2023,Tidak,Aktif
PAT-MOCK-0002044,EMR-MOCK-0002044,MOCK-8287-20171111-2044,Aisyah Simanjuntak,Perempuan,2017-11-11 00:00:00,O,Menikah,"Jl. Kenanga No. 75, Beji",Depok,Jawa Barat,+62 887-2645-2044,aisyah.hidayat.2044@example.invalid,Asuransi Swasta,24-Sep-2019,Ya,Aktif
PAT-MOCK-0002045,EMR-MOCK-0002045,MOCK-6676-20240628-2045,Dewi Santoso,Perempuan,2024-06-28 00:00:00,O,Cerai Hidup,"Jl. Flamboyan No. 29, Ilir Barat I",Palembang,Sumatera Selatan,+62 865-1883-2045,dewi.nugraha.2045@example.invalid,Pribadi,29-Jun-2024,Ya,Aktif
PAT-MOCK-0002046,EMR-MOCK-0002046,MOCK-3519-19621014-2046,Wulan Kusuma,Perempuan,1962-10-14 00:00:00,B,Cerai Mati,"Jl. Rajawali No. 1, Coblong",Bandung,Jawa Barat,+62 889-2164-2046,wulan.kusuma.2046@example.invalid,Asuransi Perusahaan,30-May-2022,Tidak,Tidak Aktif
PAT-MOCK-0002047,EMR-MOCK-0002047,MOCK-8435-20161216-2047,Rizky Kusuma,Laki-laki,2016-12-16 00:00:00,O,Cerai Mati,"Jl. Cendana No. 180, Wonokromo",Surabaya,Jawa Timur,+62 879-8162-2047,rizky.setiawan.2047@example.invalid,BPJS Kesehatan,19-Jan-2025,Ya,Aktif
PAT-MOCK-0002048,EMR-MOCK-0002048,MOCK-6361-19460810-2048,Citra Pratama,Perempuan,1946-08-10 00:00:00,O,Menikah,"Jl. Melati No. 133, Bogor Tengah",Bogor,Jawa Barat,+62 849-1974-2048,citra.permana.2048@example.invalid,Asuransi Perusahaan,04-Jan-2026,Tidak,Aktif
PAT-MOCK-0002049,EMR-MOCK-0002049,MOCK-4457-19711009-2049,Dinda Saputra,Perempuan,1971-10-09 00:00:00,AB,Cerai Mati,"Jl. Melati No. 150, Medan Baru",Medan,Sumatera Utara,+62 847-9328-2049,dinda.ramadhan.2049@example.invalid,Asuransi Perusahaan,30-Apr-2024,Ya,Aktif
PAT-MOCK-0002050,EMR-MOCK-0002050,MOCK-4986-19900406-2050,Kartika Hartono,Perempuan,1990-04-06 00:00:00,B,Cerai Mati,"Jl. Cendana No. 17, Duren Sawit",Jakarta Timur,DKI Jakarta,+62 885-1921-2050,kartika.maulana.2050@example.invalid,Asuransi Swasta,21-Nov-2019,Ya,Aktif
PAT-MOCK-0002051,EMR-MOCK-0002051,MOCK-1758-19840912-2051,Andi Setiawan,Laki-laki,1984-09-12 00:00:00,O,Cerai Mati,"Jl. Mawar No. 85, Bekasi Selatan",Bekasi,Jawa Barat,+62 842-3270-2051,andi.utama.2051@example.invalid,Asuransi Perusahaan,08-Aug-2020,Tidak,Aktif
PAT-MOCK-0002052,EMR-MOCK-0002052,MOCK-6556-19481102-2052,Danu Lesmana,Laki-laki,1948-11-02 00:00:00,B,Cerai Hidup,"Jl. Dahlia No. 149, Bekasi Selatan",Bekasi,Jawa Barat,+62 872-7141-2052,danu.purnama.2052@example.invalid,Pribadi,17-Mar-2023,Tidak,Aktif
PAT-MOCK-0002053,EMR-MOCK-0002053,MOCK-8312-19941102-2053,Hendra Permana,Laki-laki,1994-11-02 00:00:00,O,Menikah,"Jl. Flamboyan No. 6, Duren Sawit",Jakarta Timur,DKI Jakarta,+62 894-5254-2053,hendra.siregar.2053@example.invalid,Asuransi Perusahaan,21-Nov-2019,Ya,Aktif
PAT-MOCK-0002054,EMR-MOCK-0002054,MOCK-8993-19611116-2054,Dewi Wijaya,Perempuan,1961-11-16 00:00:00,O,Cerai Hidup,"Jl. Dahlia No. 141, Karawaci",Tangerang,Banten,+62 896-8488-2054,dewi.nasution.2054@example.invalid,Asuransi Swasta,21-Feb-2025,Ya,Aktif
PAT-MOCK-0002055,EMR-MOCK-0002055,MOCK-9028-19920716-2055,Aulia Santoso,Perempuan,1992-07-16 00:00:00,B,Menikah,"Jl. Cemara No. 103, Duren Sawit",Jakarta Timur,DKI Jakarta,+62 842-7691-2055,aulia.simanjuntak.2055@example.invalid,Asuransi Swasta,20-Mar-2022,Tidak,Aktif
PAT-MOCK-0002056,EMR-MOCK-0002056,MOCK-1406-19591101-2056,Dewi Utama,Perempuan,1959-11-01 00:00:00,O,Cerai Mati,"Jl. Anggrek No. 2, Duren Sawit",Jakarta Timur,DKI Jakarta,+62 820-9105-2056,dewi.halim.2056@example.invalid,Asuransi Perusahaan,21-Feb-2021,Tidak,Aktif
PAT-MOCK-0002057,EMR-MOCK-0002057,MOCK-9511-19540924-2057,Dinda Maulana,Perempuan,1954-09-24 00:00:00,B,Menikah,"Jl. Cendana No. 160, Coblong",Bandung,Jawa Barat,+62 875-3542-2057,dinda.gunawan.2057@example.invalid,Asuransi Perusahaan,10-Mar-2025,Ya,Aktif
PAT-MOCK-0002058,EMR-MOCK-0002058,MOCK-9057-19780213-2058,Nadia Wijaya,Perempuan,1978-02-13 00:00:00,A,Menikah,"Jl. Anggrek No. 67, Bogor Tengah",Bogor,Jawa Barat,+62 826-7685-2058,nadia.hartono.2058@example.invalid,BPJS Kesehatan,19-Dec-2024,Ya,Aktif
PAT-MOCK-0002059,EMR-MOCK-0002059,MOCK-5444-19530903-2059,Galang Wijaya,Laki-laki,1953-09-03 00:00:00,O,Cerai Hidup,"Jl. Rajawali No. 62, Medan Baru",Medan,Sumatera Utara,+62 874-6712-2059,galang.lesmana.2059@example.invalid,BPJS Kesehatan,14-Apr-2019,Ya,Aktif
PAT-MOCK-0002060,EMR-MOCK-0002060,MOCK-7367-19950805-2060,Lestari Gunawan,Perempuan,1995-08-05 00:00:00,B,Cerai Hidup,"Jl. Flamboyan No. 116, Medan Baru",Medan,Sumatera Utara,+62 820-3823-2060,lestari.pratama.2060@example.invalid,BPJS Kesehatan,04-Aug-2024,Ya,Aktif
PAT-MOCK-0002061,EMR-MOCK-0002061,MOCK-2637-19500613-2061,Aulia Lesmana,Perempuan,1950-06-13 00:00:00,B,Cerai Hidup,"Jl. Kenanga No. 76, Karawaci",Tangerang,Banten,+62 816-8379-2061,aulia.saputra.2061@example.invalid,Asuransi Swasta,01-Mar-2020,Ya,Aktif
PAT-MOCK-0002062,EMR-MOCK-0002062,MOCK-6407-20160831-2062,Danu Wijaya,Laki-laki,2016-08-31 00:00:00,O,Cerai Mati,"Jl. Melati No. 120, Ilir Barat I",Palembang,Sumatera Selatan,+62 847-5242-2062,danu.wijaya.2062@example.invalid,Pribadi,07-Jan-2020,Ya,Aktif
PAT-MOCK-0002063,EMR-MOCK-0002063,MOCK-8376-20091110-2063,Nadia Maulana,Perempuan,2009-11-10 00:00:00,AB,Cerai Mati,"Jl. Mawar No. 2, Medan Baru",Medan,Sumatera Utara,+62 894-6369-2063,nadia.santoso.2063@example.invalid,Pribadi,28-Sep-2024,Ya,Aktif
PAT-MOCK-0002064,EMR-MOCK-0002064,MOCK-1153-19941012-2064,Intan Setiawan,Perempuan,1994-10-12 00:00:00,O,Belum Menikah,"Jl. Merpati No. 101, Karawaci",Tangerang,Banten,+62 829-9930-2064,intan.hidayat.2064@example.invalid,BPJS Kesehatan,12-Sep-2024,Ya,Aktif
PAT-MOCK-0002065,EMR-MOCK-0002065,MOCK-7121-19940709-2065,Dewi Ramadhan,Perempuan,1994-07-09 00:00:00,B,Cerai Hidup,"Jl. Rajawali No. 95, Banyumanik",Semarang,Jawa Tengah,+62 822-8193-2065,dewi.nugraha.2065@example.invalid,Asuransi Swasta,22-Jun-2020,Tidak,Aktif
PAT-MOCK-0002066,EMR-MOCK-0002066,MOCK-6419-19610701-2066,Eko Gunawan,Laki-laki,1961-07-01 00:00:00,AB,Cerai Hidup,"Jl. Kenanga No. 89, Ilir Barat I",Palembang,Sumatera Selatan,+62 850-1875-2066,eko.kusuma.2066@example.invalid,Pribadi,26-Jul-2025,Ya,Aktif
PAT-MOCK-0002067,EMR-MOCK-0002067,MOCK-9785-19951106-2067,Rizky Gunawan,Laki-laki,1995-11-06 00:00:00,O,Belum Menikah,"Jl. Kenanga No. 154, Banyumanik",Semarang,Jawa Tengah,+62 813-1539-2067,rizky.setiawan.2067@example.invalid,Asuransi Swasta,11-Aug-2023,Tidak,Aktif
PAT-MOCK-0002068,EMR-MOCK-0002068,MOCK-9078-20200821-2068,Irfan Purnama,Laki-laki,2020-08-21 00:00:00,A,Cerai Hidup,"Jl. Flamboyan No. 163, Duren Sawit",Jakarta Timur,DKI Jakarta,+62 877-1837-2068,irfan.permana.2068@example.invalid,BPJS Kesehatan,23-Jun-2021,Ya,Aktif
PAT-MOCK-0002069,EMR-MOCK-0002069,MOCK-2074-19801113-2069,Danu Nasution,Laki-laki,1980-11-13 00:00:00,A,Cerai Hidup,"Jl. Anggrek No. 59, Ilir Barat I",Palembang,Sumatera Selatan,+62 860-2751-2069,danu.ramadhan.2069@example.invalid,Asuransi Swasta,15-Mar-2020,Ya,Aktif
PAT-MOCK-0002070,EMR-MOCK-0002070,MOCK-7070-19581226-2070,Arif Permana,Laki-laki,1958-12-26 00:00:00,A,Menikah,"Jl. Cemara No. 38, Panakkukang",Makassar,Sulawesi Selatan,+62 843-6209-2070,arif.maulana.2070@example.invalid,Pribadi,11-May-2025,Ya,Aktif
PAT-MOCK-0002071,EMR-MOCK-0002071,MOCK-2883-19970428-2071,Dimas Setiawan,Laki-laki,1997-04-28 00:00:00,A,Cerai Hidup,"Jl. Mawar No. 79, Panakkukang",Makassar,Sulawesi Selatan,+62 873-7151-2071,dimas.utama.2071@example.invalid,Asuransi Perusahaan,04-Jul-2020,Ya,Aktif
PAT-MOCK-0002072,EMR-MOCK-0002072,MOCK-8361-19990414-2072,Citra Pratama,Perempuan,1999-04-14 00:00:00,B,Belum Menikah,"Jl. Merpati No. 171, Kebayoran Baru",Jakarta Selatan,DKI Jakarta,+62 811-7778-2072,citra.purnama.2072@example.invalid,Asuransi Perusahaan,07-Mar-2020,Ya,Aktif
PAT-MOCK-0002073,EMR-MOCK-0002073,MOCK-7653-20070220-2073,Intan Setiawan,Perempuan,2007-02-20 00:00:00,O,Cerai Hidup,"Jl. Flamboyan No. 105, Bogor Tengah",Bogor,Jawa Barat,+62 858-2283-2073,intan.siregar.2073@example.invalid,BPJS Kesehatan,15-Jul-2021,Ya,Aktif
PAT-MOCK-0002074,EMR-MOCK-0002074,MOCK-3206-20240512-2074,Anindya Wijaya,Perempuan,2024-05-12 00:00:00,B,Cerai Mati,"Jl. Rajawali No. 55, Serpong",Tangerang Selatan,Banten,+62 816-5923-2074,anindya.nasution.2074@example.invalid,Pribadi,05-Jul-2025,Ya,Aktif
PAT-MOCK-0002075,EMR-MOCK-0002075,MOCK-7709-19791211-2075,Nabila Wijaya,Perempuan,1979-12-11 00:00:00,O,Menikah,"Jl. Dahlia No. 113, Beji",Depok,Jawa Barat,+62 817-6477-2075,nabila.simanjuntak.2075@example.invalid,Asuransi Swasta,03-Aug-2021,Ya,Aktif
PAT-MOCK-0002076,EMR-MOCK-0002076,MOCK-5793-19700404-2076,Arya Purnama,Laki-laki,1970-04-04 00:00:00,O,Menikah,"Jl. Rajawali No. 74, Kebon Jeruk",Jakarta Barat,DKI Jakarta,+62 853-2581-2076,arya.halim.2076@example.invalid,Pribadi,17-Jan-2018,Tidak,Aktif
PAT-MOCK-0002077,EMR-MOCK-0002077,MOCK-5625-19490803-2077,Lestari Kusuma,Perempuan,1949-08-03 00:00:00,B,Belum Menikah,"Jl. Anggrek No. 55, Panakkukang",Makassar,Sulawesi Selatan,+62 828-5972-2077,lestari.gunawan.2077@example.invalid,BPJS Kesehatan,02-Nov-2024,Ya,Tidak Aktif
PAT-MOCK-0002078,EMR-MOCK-0002078,MOCK-8922-19601022-2078,Nabila Hidayat,Perempuan,1960-10-22 00:00:00,B,Cerai Mati,"Jl. Flamboyan No. 31, Denpasar Selatan",Denpasar,Bali,+62 815-1399-2078,nabila.hartono.2078@example.invalid,BPJS Kesehatan,22-Jan-2022,Tidak,Aktif
PAT-MOCK-0002079,EMR-MOCK-0002079,MOCK-3841-19750324-2079,Nabila Siregar,Perempuan,1975-03-24 00:00:00,A,Cerai Mati,"Jl. Rajawali No. 105, Bogor Tengah",Bogor,Jawa Barat,+62 886-5514-2079,nabila.lesmana.2079@example.invalid,Asuransi Perusahaan,16-Feb-2025,Tidak,Aktif
PAT-MOCK-0002080,EMR-MOCK-0002080,MOCK-8034-20240709-2080,Arya Permana,Laki-laki,2024-07-09 00:00:00,A,Cerai Mati,"Jl. Dahlia No. 33, Bekasi Selatan",Bekasi,Jawa Barat,+62 891-4235-2080,arya.pratama.2080@example.invalid,Asuransi Perusahaan,10-Jul-2024,Ya,Aktif
PAT-MOCK-0002081,EMR-MOCK-0002081,MOCK-4273-19580730-2081,Kartika Simanjuntak,Perempuan,1958-07-30 00:00:00,A,Cerai Mati,"Jl. Anggrek No. 172, Banyumanik",Semarang,Jawa Tengah,+62 876-9926-2081,kartika.saputra.2081@example.invalid,BPJS Kesehatan,05-Jul-2022,Ya,Tidak Aktif
PAT-MOCK-0002082,EMR-MOCK-0002082,MOCK-2059-19971217-2082,Putri Lesmana,Perempuan,1997-12-17 00:00:00,AB,Menikah,"Jl. Melati No. 50, Bogor Tengah",Bogor,Jawa Barat,+62 848-8583-2082,putri.wijaya.2082@example.invalid,Asuransi Swasta,04-Aug-2018,Ya,Aktif
PAT-MOCK-0002083,EMR-MOCK-0002083,MOCK-6928-20210602-2083,Bagas Wijaya,Laki-laki,2021-06-02 00:00:00,O,Cerai Mati,"Jl. Merpati No. 112, Karawaci",Tangerang,Banten,+62 837-9846-2083,bagas.santoso.2083@example.invalid,Corporate Guarantee,03-Jun-2021,Ya,Aktif
PAT-MOCK-0002084,EMR-MOCK-0002084,MOCK-6911-19950927-2084,Raka Gunawan,Laki-laki,1995-09-27 00:00:00,B,Belum Menikah,"Jl. Dahlia No. 64, Medan Baru",Medan,Sumatera Utara,+62 838-8079-2084,raka.hidayat.2084@example.invalid,Asuransi Perusahaan,08-Jan-2022,Ya,Aktif
PAT-MOCK-0002085,EMR-MOCK-0002085,MOCK-1443-20081015-2085,Fitri Ramadhan,Perempuan,2008-10-15 00:00:00,AB,Cerai Hidup,"Jl. Mawar No. 2, Ilir Barat I",Palembang,Sumatera Selatan,+62 853-2288-2085,fitri.nugraha.2085@example.invalid,Asuransi Swasta,10-Dec-2018,Ya,Aktif
PAT-MOCK-0002086,EMR-MOCK-0002086,MOCK-8353-20010905-2086,Sari Setiawan,Perempuan,2001-09-05 00:00:00,A,Belum Menikah,"Jl. Melati No. 106, Denpasar Selatan",Denpasar,Bali,+62 880-1521-2086,sari.kusuma.2086@example.invalid,Asuransi Swasta,11-Jun-2024,Tidak,Aktif
PAT-MOCK-0002087,EMR-MOCK-0002087,MOCK-7139-19520823-2087,Nadia Hidayat,Perempuan,1952-08-23 00:00:00,B,Cerai Mati,"Jl. Dahlia No. 92, Serpong",Tangerang Selatan,Banten,+62 818-7443-2087,nadia.setiawan.2087@example.invalid,Pribadi,29-Sep-2025,Ya,Aktif
PAT-MOCK-0002088,EMR-MOCK-0002088,MOCK-2310-20210807-2088,Joko Purnama,Laki-laki,2021-08-07 00:00:00,B,Belum Menikah,"Jl. Merpati No. 21, Bogor Tengah",Bogor,Jawa Barat,+62 866-1344-2088,joko.permana.2088@example.invalid,Corporate Guarantee,08-Aug-2021,Tidak,Tidak Aktif
PAT-MOCK-0002089,EMR-MOCK-0002089,MOCK-4810-19590715-2089,Citra Simanjuntak,Perempuan,1959-07-15 00:00:00,O,Cerai Mati,"Jl. Dahlia No. 148, Wonokromo",Surabaya,Jawa Timur,+62 876-9003-2089,citra.ramadhan.2089@example.invalid,BPJS Kesehatan,29-Aug-2022,Ya,Aktif
PAT-MOCK-0002090,EMR-MOCK-0002090,MOCK-3204-19641203-2090,Joko Simanjuntak,Laki-laki,1964-12-03 00:00:00,O,Belum Menikah,"Jl. Melati No. 141, Karawaci",Tangerang,Banten,+62 871-2521-2090,joko.maulana.2090@example.invalid,Pribadi,14-Feb-2023,Ya,Aktif
PAT-MOCK-0002091,EMR-MOCK-0002091,MOCK-3554-19850123-2091,Aisyah Hartono,Perempuan,1985-01-23 00:00:00,O,Cerai Mati,"Jl. Mawar No. 143, Kebon Jeruk",Jakarta Barat,DKI Jakarta,+62 830-3934-2091,aisyah.utama.2091@example.invalid,BPJS Kesehatan,21-Apr-2021,Tidak,Aktif
PAT-MOCK-0002092,EMR-MOCK-0002092,MOCK-2155-19680731-2092,Nadia Siregar,Perempuan,1968-07-31 00:00:00,O,Cerai Mati,"Jl. Dahlia No. 112, Denpasar Selatan",Denpasar,Bali,+62 842-9670-2092,nadia.purnama.2092@example.invalid,Asuransi Perusahaan,22-Sep-2020,Ya,Aktif
PAT-MOCK-0002093,EMR-MOCK-0002093,MOCK-9203-19461104-2093,Maya Siregar,Perempuan,1946-11-04 00:00:00,B,Cerai Mati,"Jl. Anggrek No. 83, Karawaci",Tangerang,Banten,+62 824-3627-2093,maya.siregar.2093@example.invalid,Corporate Guarantee,19-Feb-2025,Ya,Aktif
PAT-MOCK-0002094,EMR-MOCK-0002094,MOCK-9264-19900520-2094,Eko Wijaya,Laki-laki,1990-05-20 00:00:00,O,Cerai Hidup,"Jl. Flamboyan No. 96, Bogor Tengah",Bogor,Jawa Barat,+62 882-8062-2094,eko.nasution.2094@example.invalid,Asuransi Perusahaan,30-Jul-2021,Ya,Aktif
PAT-MOCK-0002095,EMR-MOCK-0002095,MOCK-5012-20210419-2095,Dinda Wijaya,Perempuan,2021-04-19 00:00:00,O,Menikah,"Jl. Merpati No. 88, Medan Baru",Medan,Sumatera Utara,+62 884-5719-2095,dinda.simanjuntak.2095@example.invalid,Asuransi Swasta,02-May-2021,Ya,Aktif
PAT-MOCK-0002096,EMR-MOCK-0002096,MOCK-4304-19730120-2096,Putri Saputra,Perempuan,1973-01-20 00:00:00,A,Cerai Hidup,"Jl. Mawar No. 4, Karawaci",Tangerang,Banten,+62 870-7928-2096,putri.halim.2096@example.invalid,Asuransi Swasta,02-Feb-2018,Ya,Aktif
PAT-MOCK-0002097,EMR-MOCK-0002097,MOCK-1872-20110810-2097,Citra Siregar,Perempuan,2011-08-10 00:00:00,AB,Menikah,"Jl. Cendana No. 128, Ilir Barat I",Palembang,Sumatera Selatan,+62 837-4419-2097,citra.gunawan.2097@example.invalid,Corporate Guarantee,25-Jun-2018,Ya,Aktif
PAT-MOCK-0002098,EMR-MOCK-0002098,MOCK-2320-20030508-2098,Sekar Nasution,Perempuan,2003-05-08 00:00:00,O,Belum Menikah,"Jl. Flamboyan No. 134, Kebayoran Baru",Jakarta Selatan,DKI Jakarta,+62 858-9018-2098,sekar.hartono.2098@example.invalid,Asuransi Perusahaan,02-Feb-2020,Tidak,Aktif
PAT-MOCK-0002099,EMR-MOCK-0002099,MOCK-1354-19950215-2099,Fajar Purnama,Laki-laki,1995-02-15 00:00:00,A,Cerai Hidup,"Jl. Merpati No. 53, Medan Baru",Medan,Sumatera Utara,+62 897-9235-2099,fajar.lesmana.2099@example.invalid,Corporate Guarantee,14-Jul-2018,Ya,Aktif
PAT-MOCK-0002100,EMR-MOCK-0002100,MOCK-9177-19520319-2100,Bagas Simanjuntak,Laki-laki,1952-03-19 00:00:00,O,Cerai Hidup,"Jl. Anggrek No. 89, Serpong",Tangerang Selatan,Banten,+62 847-7181-2100,bagas.pratama.2100@example.invalid,Asuransi Swasta,17-Jan-2025,Ya,Aktif
PAT-MOCK-0002101,EMR-MOCK-0002101,MOCK-9965-19971124-2101,Rani Maulana,Perempuan,1997-11-24 00:00:00,B,Belum Menikah,"Jl. Kenanga No. 75, Karawaci",Tangerang,Banten,+62 864-3051-2101,rani.saputra.2101@example.invalid,Pribadi,16-Nov-2024,Tidak,Aktif
PAT-MOCK-0002102,EMR-MOCK-0002102,MOCK-3793-19490814-2102,Anindya Ramadhan,Perempuan,1949-08-14 00:00:00,O,Cerai Hidup,"Jl. Rajawali No. 69, Kebayoran Baru",Jakarta Selatan,DKI Jakarta,+62 829-4395-2102,anindya.wijaya.2102@example.invalid,BPJS Kesehatan,05-Mar-2018,Ya,Aktif
PAT-MOCK-0002103,EMR-MOCK-0002103,MOCK-9918-19451117-2103,Amelia Hartono,Perempuan,1945-11-17 00:00:00,O,Belum Menikah,"Jl. Rajawali No. 68, Panakkukang",Makassar,Sulawesi Selatan,+62 862-6079-2103,amelia.santoso.2103@example.invalid,Pribadi,18-Aug-2020,Ya,Aktif
PAT-MOCK-0002104,EMR-MOCK-0002104,MOCK-4602-19891224-2104,Rizky Santoso,Laki-laki,1989-12-24 00:00:00,O,Cerai Mati,"Jl. Rajawali No. 123, Medan Baru",Medan,Sumatera Utara,+62 884-2795-2104,rizky.hidayat.2104@example.invalid,Asuransi Swasta,25-Feb-2019,Ya,Aktif
PAT-MOCK-0002105,EMR-MOCK-0002105,MOCK-8965-19970813-2105,Hendra Pratama,Laki-laki,1997-08-13 00:00:00,O,Belum Menikah,"Jl. Flamboyan No. 110, Kebon Jeruk",Jakarta Barat,DKI Jakarta,+62 854-4527-2105,hendra.nugraha.2105@example.invalid,Corporate Guarantee,17-Nov-2022,Tidak,Aktif
PAT-MOCK-0002106,EMR-MOCK-0002106,MOCK-9999-19761122-2106,Nadia Pratama,Perempuan,1976-11-22 00:00:00,B,Cerai Mati,"Jl. Cendana No. 152, Karawaci",Tangerang,Banten,+62 897-7941-2106,nadia.kusuma.2106@example.invalid,BPJS Kesehatan,29-Sep-2022,Ya,Aktif
PAT-MOCK-0002107,EMR-MOCK-0002107,MOCK-9555-19830515-2107,Galang Wijaya,Laki-laki,1983-05-15 00:00:00,A,Belum Menikah,"Jl. Cemara No. 37, Ilir Barat I",Palembang,Sumatera Selatan,+62 853-8062-2107,galang.setiawan.2107@example.invalid,BPJS Kesehatan,07-Jul-2024,Ya,Aktif
PAT-MOCK-0002108,EMR-MOCK-0002108,MOCK-6158-19510514-2108,Putri Nasution,Perempuan,1951-05-14 00:00:00,O,Cerai Hidup,"Jl. Cendana No. 67, Kebon Jeruk",Jakarta Barat,DKI Jakarta,+62 858-1702-2108,putri.permana.2108@example.invalid,Asuransi Perusahaan,16-Aug-2026,Tidak,Aktif
PAT-MOCK-0002109,EMR-MOCK-0002109,MOCK-8550-19551027-2109,Joko Simanjuntak,Laki-laki,1955-10-27 00:00:00,O,Cerai Mati,"Jl. Anggrek No. 39, Banyumanik",Semarang,Jawa Tengah,+62 838-7832-2109,joko.ramadhan.2109@example.invalid,Pribadi,24-Apr-2026,Ya,Aktif
PAT-MOCK-0002110,EMR-MOCK-0002110,MOCK-7738-19541021-2110,Fajar Kusuma,Laki-laki,1954-10-21 00:00:00,O,Menikah,"Jl. Cendana No. 12, Kebon Jeruk",Jakarta Barat,DKI Jakarta,+62 857-5484-2110,fajar.maulana.2110@example.invalid,BPJS Kesehatan,08-Sep-2020,Ya,Aktif
PAT-MOCK-0002111,EMR-MOCK-0002111,MOCK-5085-20240216-2111,Maya Hartono,Perempuan,2024-02-16 00:00:00,B,Menikah,"Jl. Dahlia No. 27, Ilir Barat I",Palembang,Sumatera Selatan,+62 816-8378-2111,maya.utama.2111@example.invalid,Pribadi,17-Feb-2024,Ya,Tidak Aktif
PAT-MOCK-0002112,EMR-MOCK-0002112,MOCK-6483-19950511-2112,Irfan Hartono,Laki-laki,1995-05-11 00:00:00,O,Cerai Hidup,"Jl. Merpati No. 13, Medan Baru",Medan,Sumatera Utara,+62 880-1465-2112,irfan.purnama.2112@example.invalid,Pribadi,19-Aug-2026,Ya,Aktif
PAT-MOCK-0002113,EMR-MOCK-0002113,MOCK-5496-20100414-2113,Joko Permana,Laki-laki,2010-04-14 00:00:00,O,Belum Menikah,"Jl. Mawar No. 50, Bekasi Selatan",Bekasi,Jawa Barat,+62 865-9361-2113,joko.siregar.2113@example.invalid,Pribadi,23-Apr-2021,Ya,Aktif
PAT-MOCK-0002114,EMR-MOCK-0002114,MOCK-1993-20010924-2114,Putri Saputra,Perempuan,2001-09-24 00:00:00,A,Cerai Hidup,"Jl. Kenanga No. 1, Coblong",Bandung,Jawa Barat,+62 852-4445-2114,putri.nasution.2114@example.invalid,Pribadi,07-May-2026,Ya,Aktif
PAT-MOCK-0002115,EMR-MOCK-0002115,MOCK-6123-19600202-2115,Arya Simanjuntak,Laki-laki,1960-02-02 00:00:00,B,Belum Menikah,"Jl. Flamboyan No. 2, Denpasar Selatan",Denpasar,Bali,+62 820-9933-2115,arya.simanjuntak.2115@example.invalid,Asuransi Swasta,06-Sep-2026,Ya,Aktif
PAT-MOCK-0002116,EMR-MOCK-0002116,MOCK-5690-19520802-2116,Putri Pratama,Perempuan,1952-08-02 00:00:00,O,Cerai Hidup,"Jl. Dahlia No. 43, Kebon Jeruk",Jakarta Barat,DKI Jakarta,+62 866-9558-2116,putri.halim.2116@example.invalid,Corporate Guarantee,22-Aug-2019,Ya,Aktif
PAT-MOCK-0002117,EMR-MOCK-0002117,MOCK-8652-20170722-2117,Tiara Utama,Perempuan,2017-07-22 00:00:00,B,Menikah,"Jl. Flamboyan No. 174, Bekasi Selatan",Bekasi,Jawa Barat,+62 876-5758-2117,tiara.gunawan.2117@example.invalid,Asuransi Perusahaan,14-Jun-2018,Tidak,Aktif
PAT-MOCK-0002118,EMR-MOCK-0002118,MOCK-2745-19611115-2118,Aulia Setiawan,Perempuan,1961-11-15 00:00:00,B,Menikah,"Jl. Kenanga No. 7, Bogor Tengah",Bogor,Jawa Barat,+62 892-9959-2118,aulia.hartono.2118@example.invalid,Asuransi Perusahaan,29-Jun-2021,Ya,Aktif
PAT-MOCK-0002119,EMR-MOCK-0002119,MOCK-2788-19981111-2119,Citra Setiawan,Perempuan,1998-11-11 00:00:00,B,Menikah,"Jl. Cemara No. 49, Beji",Depok,Jawa Barat,+62 838-4352-2119,citra.lesmana.2119@example.invalid,Asuransi Perusahaan,15-Jun-2020,Ya,Aktif
PAT-MOCK-0002120,EMR-MOCK-0002120,MOCK-9774-19510908-2120,Amelia Nasution,Perempuan,1951-09-08 00:00:00,A,Belum Menikah,"Jl. Mawar No. 118, Karawaci",Tangerang,Banten,+62 863-7254-2120,amelia.pratama.2120@example.invalid,Pribadi,23-Sep-2020,Ya,Aktif
PAT-MOCK-0002121,EMR-MOCK-0002121,MOCK-9953-19580906-2121,Aditya Nugraha,Laki-laki,1958-09-06 00:00:00,O,Cerai Mati,"Jl. Anggrek No. 172, Ilir Barat I",Palembang,Sumatera Selatan,+62 868-6251-2121,aditya.saputra.2121@example.invalid,Corporate Guarantee,07-Nov-2019,Ya,Aktif
PAT-MOCK-0002122,EMR-MOCK-0002122,MOCK-5096-19750402-2122,Tiara Pratama,Perempuan,1975-04-02 00:00:00,A,Cerai Mati,"Jl. Merpati No. 85, Bogor Tengah",Bogor,Jawa Barat,+62 847-5635-2122,tiara.wijaya.2122@example.invalid,Corporate Guarantee,30-Mar-2022,Ya,Aktif
PAT-MOCK-0002123,EMR-MOCK-0002123,MOCK-1980-19870409-2123,Danu Permana,Laki-laki,1987-04-09 00:00:00,AB,Cerai Mati,"Jl. Mawar No. 55, Beji",Depok,Jawa Barat,+62 835-4077-2123,danu.santoso.2123@example.invalid,BPJS Kesehatan,10-Feb-2026,Ya,Aktif
PAT-MOCK-0002124,EMR-MOCK-0002124,MOCK-6614-19690816-2124,Dinda Hartono,Perempuan,1969-08-16 00:00:00,O,Cerai Mati,"Jl. Cendana No. 40, Bogor Tengah",Bogor,Jawa Barat,+62 826-1574-2124,dinda.hidayat.2124@example.invalid,Asuransi Swasta,16-Apr-2021,Ya,Tidak Aktif
PAT-MOCK-0002125,EMR-MOCK-0002125,MOCK-9348-19560408-2125,Anindya Hartono,Perempuan,1956-04-08 00:00:00,Belum diperiksa,Belum Menikah,"Jl. Rajawali No. 24, Denpasar Selatan",Denpasar,Bali,+62 867-5462-2125,anindya.nugraha.2125@example.invalid,Asuransi Perusahaan,26-Feb-2020,Ya,Aktif
PAT-MOCK-0002126,EMR-MOCK-0002126,MOCK-6489-19660313-2126,Farhan Permana,Laki-laki,1966-03-13 00:00:00,A,Cerai Hidup,"Jl. Mawar No. 69, Kebon Jeruk",Jakarta Barat,DKI Jakarta,+62 823-2304-2126,farhan.kusuma.2126@example.invalid,BPJS Kesehatan,06-Aug-2021,Ya,Aktif
PAT-MOCK-0002127,EMR-MOCK-0002127,MOCK-2411-19610716-2127,Sari Hidayat,Perempuan,1961-07-16 00:00:00,A,Menikah,"Jl. Cendana No. 156, Karawaci",Tangerang,Banten,+62 893-2585-2127,sari.setiawan.2127@example.invalid,BPJS Kesehatan,02-Sep-2019,Ya,Aktif
PAT-MOCK-0002128,EMR-MOCK-0002128,MOCK-5432-20180117-2128,Dinda Saputra,Perempuan,2018-01-17 00:00:00,AB,Cerai Hidup,"Jl. Dahlia No. 34, Serpong",Tangerang Selatan,Banten,+62 832-3512-2128,dinda.permana.2128@example.invalid,Asuransi Perusahaan,03-Dec-2020,Tidak,Aktif
PAT-MOCK-0002129,EMR-MOCK-0002129,MOCK-7903-19551216-2129,Intan Lesmana,Perempuan,1955-12-16 00:00:00,Belum diperiksa,Cerai Hidup,"Jl. Dahlia No. 129, Bekasi Selatan",Bekasi,Jawa Barat,+62 847-2656-2129,intan.ramadhan.2129@example.invalid,Asuransi Perusahaan,22-Dec-2019,Ya,Aktif
PAT-MOCK-0002130,EMR-MOCK-0002130,MOCK-5506-19631129-2130,Nabila Hidayat,Perempuan,1963-11-29 00:00:00,O,Cerai Mati,"Jl. Kenanga No. 87, Panakkukang",Makassar,Sulawesi Selatan,+62 874-1710-2130,nabila.maulana.2130@example.invalid,Asuransi Swasta,03-May-2024,Ya,Aktif
PAT-MOCK-0002131,EMR-MOCK-0002131,MOCK-3825-19770803-2131,Tiara Nugraha,Perempuan,1977-08-03 00:00:00,O,Cerai Hidup,"Jl. Cemara No. 19, Bekasi Selatan",Bekasi,Jawa Barat,+62 838-5499-2131,tiara.utama.2131@example.invalid,Asuransi Perusahaan,19-Jan-2024,Ya,Aktif
PAT-MOCK-0002132,EMR-MOCK-0002132,MOCK-3408-19801030-2132,Dinda Gunawan,Perempuan,1980-10-30 00:00:00,O,Cerai Hidup,"Jl. Melati No. 89, Medan Baru",Medan,Sumatera Utara,+62 883-3310-2132,dinda.purnama.2132@example.invalid,Asuransi Perusahaan,23-Sep-2025,Ya,Aktif
PAT-MOCK-0002133,EMR-MOCK-0002133,MOCK-3057-20010630-2133,Sari Siregar,Perempuan,2001-06-30 00:00:00,B,Belum Menikah,"Jl. Dahlia No. 139, Wonokromo",Surabaya,Jawa Timur,+62 881-9936-2133,sari.siregar.2133@example.invalid,Asuransi Swasta,29-Jul-2024,Ya,Aktif
PAT-MOCK-0002134,EMR-MOCK-0002134,MOCK-7775-19910321-2134,Bima Halim,Laki-laki,1991-03-21 00:00:00,AB,Belum Menikah,"Jl. Anggrek No. 44, Kebayoran Baru",Jakarta Selatan,DKI Jakarta,+62 822-2440-2134,bima.nasution.2134@example.invalid,Pribadi,03-Sep-2025,Ya,Aktif
PAT-MOCK-0002135,EMR-MOCK-0002135,MOCK-3606-20020808-2135,Dimas Hartono,Laki-laki,2002-08-08 00:00:00,B,Cerai Hidup,"Jl. Dahlia No. 53, Kebayoran Baru",Jakarta Selatan,DKI Jakarta,+62 834-5610-2135,dimas.simanjuntak.2135@example.invalid,BPJS Kesehatan,25-Oct-2021,Ya,Aktif
PAT-MOCK-0002136,EMR-MOCK-0002136,MOCK-6438-20080630-2136,Aisyah Utama,Perempuan,2008-06-30 00:00:00,O,Cerai Hidup,"Jl. Rajawali No. 89, Beji",Depok,Jawa Barat,+62 869-1502-2136,aisyah.halim.2136@example.invalid,Asuransi Swasta,11-Sep-2024,Ya,Aktif
PAT-MOCK-0002137,EMR-MOCK-0002137,MOCK-1795-19720324-2137,Nadia Kusuma,Perempuan,1972-03-24 00:00:00,A,Cerai Mati,"Jl. Kenanga No. 32, Kebon Jeruk",Jakarta Barat,DKI Jakarta,+62 834-3361-2137,nadia.gunawan.2137@example.invalid,BPJS Kesehatan,18-Jul-2021,Tidak,Aktif
PAT-MOCK-0002138,EMR-MOCK-0002138,MOCK-7929-20210330-2138,Aisyah Halim,Perempuan,2021-03-30 00:00:00,A,Belum Menikah,"Jl. Cemara No. 165, Denpasar Selatan",Denpasar,Bali,+62 883-7289-2138,aisyah.hartono.2138@example.invalid,BPJS Kesehatan,31-Mar-2021,Ya,Aktif
PAT-MOCK-0002139,EMR-MOCK-0002139,MOCK-2685-20111214-2139,Sekar Siregar,Perempuan,2011-12-14 00:00:00,O,Belum Menikah,"Jl. Mawar No. 23, Karawaci",Tangerang,Banten,+62 896-1442-2139,sekar.lesmana.2139@example.invalid,Asuransi Perusahaan,16-Sep-2018,Ya,Aktif
PAT-MOCK-0002140,EMR-MOCK-0002140,MOCK-8388-19590514-2140,Eko Setiawan,Laki-laki,1959-05-14 00:00:00,A,Belum Menikah,"Jl. Melati No. 137, Medan Baru",Medan,Sumatera Utara,+62 865-8426-2140,eko.pratama.2140@example.invalid,Pribadi,25-Dec-2023,Tidak,Aktif
PAT-MOCK-0002141,EMR-MOCK-0002141,MOCK-7600-20200930-2141,Fajar Hidayat,Laki-laki,2020-09-30 00:00:00,O,Cerai Hidup,"Jl. Mawar No. 74, Banyumanik",Semarang,Jawa Tengah,+62 842-1014-2141,fajar.saputra.2141@example.invalid,Asuransi Perusahaan,01-Oct-2020,Tidak,Aktif
PAT-MOCK-0002142,EMR-MOCK-0002142,MOCK-6958-19891018-2142,Aisyah Santoso,Perempuan,1989-10-18 00:00:00,O,Cerai Hidup,"Jl. Merpati No. 44, Beji",Depok,Jawa Barat,+62 838-8113-2142,aisyah.wijaya.2142@example.invalid,BPJS Kesehatan,04-Jun-2022,Ya,Aktif
PAT-MOCK-0002143,EMR-MOCK-0002143,MOCK-4258-20071117-2143,Rangga Gunawan,Laki-laki,2007-11-17 00:00:00,A,Belum Menikah,"Jl. Cendana No. 42, Duren Sawit",Jakarta Timur,DKI Jakarta,+62 830-4157-2143,rangga.santoso.2143@example.invalid,Asuransi Perusahaan,25-Oct-2023,Tidak,Aktif
PAT-MOCK-0002144,EMR-MOCK-0002144,MOCK-4229-20210712-2144,Aditya Setiawan,Laki-laki,2021-07-12 00:00:00,O,Belum Menikah,"Jl. Kenanga No. 10, Kebayoran Baru",Jakarta Selatan,DKI Jakarta,+62 836-1214-2144,aditya.hidayat.2144@example.invalid,Corporate Guarantee,03-Dec-2025,Ya,Aktif
PAT-MOCK-0002145,EMR-MOCK-0002145,MOCK-8960-19781014-2145,Bima Wijaya,Laki-laki,1978-10-14 00:00:00,B,Menikah,"Jl. Dahlia No. 2, Kebayoran Baru",Jakarta Selatan,DKI Jakarta,+62 886-9304-2145,bima.nugraha.2145@example.invalid,Corporate Guarantee,24-Apr-2022,Ya,Aktif
PAT-MOCK-0002146,EMR-MOCK-0002146,MOCK-2033-19931125-2146,Irfan Wijaya,Laki-laki,1993-11-25 00:00:00,A,Cerai Hidup,"Jl. Kenanga No. 71, Ilir Barat I",Palembang,Sumatera Selatan,+62 890-3947-2146,irfan.kusuma.2146@example.invalid,Asuransi Swasta,04-Feb-2024,Tidak,Aktif
PAT-MOCK-0002147,EMR-MOCK-0002147,MOCK-8491-19630708-2147,Dimas Permana,Laki-laki,1963-07-08 00:00:00,AB,Cerai Mati,"Jl. Kenanga No. 85, Coblong",Bandung,Jawa Barat,+62 892-9550-2147,dimas.setiawan.2147@example.invalid,Asuransi Perusahaan,24-Dec-2019,Ya,Aktif
PAT-MOCK-0002148,EMR-MOCK-0002148,MOCK-3115-20061023-2148,Kartika Lesmana,Perempuan,2006-10-23 00:00:00,B,Cerai Hidup,"Jl. Dahlia No. 5, Panakkukang",Makassar,Sulawesi Selatan,+62 848-5233-2148,kartika.permana.2148@example.invalid,Corporate Guarantee,30-Apr-2018,Tidak,Aktif
PAT-MOCK-0002149,EMR-MOCK-0002149,MOCK-1425-19830227-2149,Irfan Ramadhan,Laki-laki,1983-02-27 00:00:00,O,Cerai Hidup,"Jl. Kenanga No. 163, Duren Sawit",Jakarta Timur,DKI Jakarta,+62 838-4534-2149,irfan.ramadhan.2149@example.invalid,Asuransi Swasta,09-Jun-2023,Ya,Aktif
PAT-MOCK-0002150,EMR-MOCK-0002150,MOCK-4104-19821128-2150,Eko Saputra,Laki-laki,1982-11-28 00:00:00,O,Belum Menikah,"Jl. Anggrek No. 92, Ilir Barat I",Palembang,Sumatera Selatan,+62 854-7190-2150,eko.maulana.2150@example.invalid,Asuransi Swasta,06-Sep-2018,Ya,Aktif
PAT-MOCK-0002151,EMR-MOCK-0002151,MOCK-7943-19580913-2151,Citra Setiawan,Perempuan,1958-09-13 00:00:00,A,Menikah,"Jl. Dahlia No. 143, Serpong",Tangerang Selatan,Banten,+62 845-6597-2151,citra.utama.2151@example.invalid,Asuransi Swasta,16-Mar-2020,Ya,Aktif
PAT-MOCK-0002152,EMR-MOCK-0002152,MOCK-3659-19990804-2152,Bima Wijaya,Laki-laki,1999-08-04 00:00:00,B,Belum Menikah,"Jl. Cemara No. 104, Serpong",Tangerang Selatan,Banten,+62 857-1684-2152,bima.purnama.2152@example.invalid,Corporate Guarantee,26-Aug-2025,Ya,Aktif
PAT-MOCK-0002153,EMR-MOCK-0002153,MOCK-8941-19621102-2153,Fajar Halim,Laki-laki,1962-11-02 00:00:00,Belum diperiksa,Menikah,"Jl. Cendana No. 178, Kebayoran Baru",Jakarta Selatan,DKI Jakarta,+62 810-1327-2153,fajar.siregar.2153@example.invalid,Asuransi Swasta,28-Nov-2023,Ya,Aktif
PAT-MOCK-0002154,EMR-MOCK-0002154,MOCK-2106-19990719-2154,Wulan Nugraha,Perempuan,1999-07-19 00:00:00,B,Cerai Mati,"Jl. Cendana No. 164, Medan Baru",Medan,Sumatera Utara,+62 854-9337-2154,wulan.nasution.2154@example.invalid,Pribadi,27-May-2023,Ya,Aktif
PAT-MOCK-0002155,EMR-MOCK-0002155,MOCK-1782-19500330-2155,Arif Nasution,Laki-laki,1950-03-30 00:00:00,O,Belum Menikah,"Jl. Merpati No. 150, Karawaci",Tangerang,Banten,+62 881-4341-2155,arif.simanjuntak.2155@example.invalid,Asuransi Perusahaan,20-Apr-2026,Tidak,Aktif
PAT-MOCK-0002156,EMR-MOCK-0002156,MOCK-5700-19710510-2156,Hendra Hartono,Laki-laki,1971-05-10 00:00:00,O,Menikah,"Jl. Cemara No. 6, Serpong",Tangerang Selatan,Banten,+62 860-6021-2156,hendra.halim.2156@example.invalid,BPJS Kesehatan,09-Apr-2021,Ya,Aktif
PAT-MOCK-0002157,EMR-MOCK-0002157,MOCK-9620-19541207-2157,Fajar Hidayat,Laki-laki,1954-12-07 00:00:00,B,Cerai Mati,"Jl. Flamboyan No. 100, Duren Sawit",Jakarta Timur,DKI Jakarta,+62 890-8557-2157,fajar.gunawan.2157@example.invalid,BPJS Kesehatan,10-Feb-2020,Tidak,Aktif
PAT-MOCK-0002158,EMR-MOCK-0002158,MOCK-7210-20160109-2158,Fitri Saputra,Perempuan,2016-01-09 00:00:00,O,Belum Menikah,"Jl. Melati No. 115, Bekasi Selatan",Bekasi,Jawa Barat,+62 870-6184-2158,fitri.hartono.2158@example.invalid,BPJS Kesehatan,13-Nov-2018,Ya,Aktif
PAT-MOCK-0002159,EMR-MOCK-0002159,MOCK-8545-20140523-2159,Dinda Purnama,Perempuan,2014-05-23 00:00:00,O,Cerai Hidup,"Jl. Merpati No. 145, Serpong",Tangerang Selatan,Banten,+62 815-6929-2159,dinda.lesmana.2159@example.invalid,Pribadi,30-Aug-2020,Ya,Aktif
PAT-MOCK-0002160,EMR-MOCK-0002160,MOCK-2045-19871208-2160,Aulia Nasution,Perempuan,1987-12-08 00:00:00,A,Cerai Mati,"Jl. Mawar No. 43, Denpasar Selatan",Denpasar,Bali,+62 825-8236-2160,aulia.pratama.2160@example.invalid,Corporate Guarantee,14-Jul-2023,Ya,Aktif
PAT-MOCK-0002161,EMR-MOCK-0002161,MOCK-7773-19620227-2161,Eko Halim,Laki-laki,1962-02-27 00:00:00,O,Belum Menikah,"Jl. Melati No. 113, Bogor Tengah",Bogor,Jawa Barat,+62 887-4134-2161,eko.saputra.2161@example.invalid,Corporate Guarantee,07-Feb-2026,Ya,Aktif
PAT-MOCK-0002162,EMR-MOCK-0002162,MOCK-7699-19590130-2162,Raka Saputra,Laki-laki,1959-01-30 00:00:00,B,Cerai Hidup,"Jl. Melati No. 137, Wonokromo",Surabaya,Jawa Timur,+62 816-2083-2162,raka.wijaya.2162@example.invalid,Asuransi Swasta,17-Mar-2026,Ya,Aktif
PAT-MOCK-0002163,EMR-MOCK-0002163,MOCK-1577-20211108-2163,Arya Gunawan,Laki-laki,2021-11-08 00:00:00,B,Cerai Hidup,"Jl. Mawar No. 29, Kebayoran Baru",Jakarta Selatan,DKI Jakarta,+62 883-3054-2163,arya.santoso.2163@example.invalid,Pribadi,09-Nov-2021,Ya,Aktif
PAT-MOCK-0002164,EMR-MOCK-0002164,MOCK-3803-19940815-2164,Maya Nugraha,Perempuan,1994-08-15 00:00:00,B,Cerai Mati,"Jl. Dahlia No. 3, Karawaci",Tangerang,Banten,+62 830-7718-2164,maya.hidayat.2164@example.invalid,Pribadi,20-Jun-2019,Ya,Aktif
PAT-MOCK-0002165,EMR-MOCK-0002165,MOCK-8841-19661213-2165,Arya Saputra,Laki-laki,1966-12-13 00:00:00,A,Cerai Hidup,"Jl. Melati No. 30, Karawaci",Tangerang,Banten,+62 820-1143-2165,arya.nugraha.2165@example.invalid,Asuransi Perusahaan,30-Jul-2019,Ya,Aktif
PAT-MOCK-0002166,EMR-MOCK-0002166,MOCK-3599-19910514-2166,Amelia Wijaya,Perempuan,1991-05-14 00:00:00,AB,Cerai Mati,"Jl. Cendana No. 29, Denpasar Selatan",Denpasar,Bali,+62 857-2852-2166,amelia.kusuma.2166@example.invalid,Asuransi Swasta,27-May-2025,Ya,Aktif
PAT-MOCK-0002167,EMR-MOCK-0002167,MOCK-1876-19630306-2167,Sekar Permana,Perempuan,1963-03-06 00:00:00,AB,Menikah,"Jl. Kenanga No. 31, Denpasar Selatan",Denpasar,Bali,+62 822-4958-2167,sekar.setiawan.2167@example.invalid,Pribadi,10-Jun-2025,Ya,Aktif
PAT-MOCK-0002168,EMR-MOCK-0002168,MOCK-7918-19951025-2168,Nabila Gunawan,Perempuan,1995-10-25 00:00:00,AB,Menikah,"Jl. Cemara No. 59, Kebon Jeruk",Jakarta Barat,DKI Jakarta,+62 810-9828-2168,nabila.permana.2168@example.invalid,Asuransi Swasta,09-Jul-2018,Ya,Aktif
PAT-MOCK-0002169,EMR-MOCK-0002169,MOCK-5747-19750322-2169,Tiara Maulana,Perempuan,1975-03-22 00:00:00,B,Cerai Mati,"Jl. Rajawali No. 109, Kebon Jeruk",Jakarta Barat,DKI Jakarta,+62 860-3601-2169,tiara.ramadhan.2169@example.invalid,BPJS Kesehatan,02-May-2021,Ya,Aktif
PAT-MOCK-0002170,EMR-MOCK-0002170,MOCK-7830-19850712-2170,Fajar Ramadhan,Laki-laki,1985-07-12 00:00:00,AB,Cerai Mati,"Jl. Flamboyan No. 87, Duren Sawit",Jakarta Timur,DKI Jakarta,+62 895-1758-2170,fajar.maulana.2170@example.invalid,Pribadi,12-Jun-2023,Ya,Aktif
PAT-MOCK-0002171,EMR-MOCK-0002171,MOCK-5984-19601022-2171,Danu Siregar,Laki-laki,1960-10-22 00:00:00,Belum diperiksa,Cerai Mati,"Jl. Cemara No. 112, Banyumanik",Semarang,Jawa Tengah,+62 877-4782-2171,danu.utama.2171@example.invalid,Asuransi Perusahaan,19-Jan-2025,Ya,Aktif
PAT-MOCK-0002172,EMR-MOCK-0002172,MOCK-6708-20020917-2172,Aditya Pratama,Laki-laki,2002-09-17 00:00:00,O,Cerai Hidup,"Jl. Flamboyan No. 69, Bogor Tengah",Bogor,Jawa Barat,+62 824-7564-2172,aditya.purnama.2172@example.invalid,Asuransi Swasta,06-Jan-2021,Ya,Aktif
PAT-MOCK-0002173,EMR-MOCK-0002173,MOCK-1212-20170821-2173,Sekar Santoso,Perempuan,2017-08-21 00:00:00,O,Cerai Hidup,"Jl. Dahlia No. 123, Kebon Jeruk",Jakarta Barat,DKI Jakarta,+62 883-1502-2173,sekar.siregar.2173@example.invalid,Asuransi Swasta,11-Nov-2020,Ya,Aktif
PAT-MOCK-0002174,EMR-MOCK-0002174,MOCK-9521-19790808-2174,Sari Hidayat,Perempuan,1979-08-08 00:00:00,O,Cerai Mati,"Jl. Mawar No. 22, Kebon Jeruk",Jakarta Barat,DKI Jakarta,+62 846-9794-2174,sari.nasution.2174@example.invalid,Asuransi Perusahaan,04-Dec-2022,Ya,Aktif
PAT-MOCK-0002175,EMR-MOCK-0002175,MOCK-1538-20021113-2175,Bagas Setiawan,Laki-laki,2002-11-13 00:00:00,B,Belum Menikah,"Jl. Kenanga No. 18, Beji",Depok,Jawa Barat,+62 844-7126-2175,bagas.simanjuntak.2175@example.invalid,Pribadi,02-Apr-2026,Tidak,Aktif
PAT-MOCK-0002176,EMR-MOCK-0002176,MOCK-8498-20230709-2176,Amelia Siregar,Perempuan,2023-07-09 00:00:00,AB,Menikah,"Jl. Merpati No. 106, Coblong",Bandung,Jawa Barat,+62 882-9468-2176,amelia.halim.2176@example.invalid,Pribadi,10-Jul-2023,Tidak,Aktif
PAT-MOCK-0002177,EMR-MOCK-0002177,MOCK-6548-20140730-2177,Dimas Wijaya,Laki-laki,2014-07-30 00:00:00,B,Belum Menikah,"Jl. Mawar No. 70, Wonokromo",Surabaya,Jawa Timur,+62 826-3392-2177,dimas.gunawan.2177@example.invalid,Corporate Guarantee,27-May-2018,Tidak,Aktif
PAT-MOCK-0002178,EMR-MOCK-0002178,MOCK-1506-19931005-2178,Galang Saputra,Laki-laki,1993-10-05 00:00:00,O,Menikah,"Jl. Dahlia No. 144, Duren Sawit",Jakarta Timur,DKI Jakarta,+62 853-7921-2178,galang.hartono.2178@example.invalid,Pribadi,14-Jul-2019,Ya,Aktif
PAT-MOCK-0002179,EMR-MOCK-0002179,MOCK-3945-19471201-2179,Rangga Ramadhan,Laki-laki,1947-12-01 00:00:00,B,Menikah,"Jl. Mawar No. 110, Wonokromo",Surabaya,Jawa Timur,+62 884-4889-2179,rangga.lesmana.2179@example.invalid,BPJS Kesehatan,05-Feb-2023,Ya,Aktif
PAT-MOCK-0002180,EMR-MOCK-0002180,MOCK-5767-19940425-2180,Nadia Ramadhan,Perempuan,1994-04-25 00:00:00,AB,Belum Menikah,"Jl. Kenanga No. 23, Serpong",Tangerang Selatan,Banten,+62 830-8664-2180,nadia.pratama.2180@example.invalid,Pribadi,19-Jun-2023,Ya,Aktif
PAT-MOCK-0002181,EMR-MOCK-0002181,MOCK-8844-19701105-2181,Intan Nasution,Perempuan,1970-11-05 00:00:00,A,Cerai Mati,"Jl. Anggrek No. 165, Banyumanik",Semarang,Jawa Tengah,+62 811-5651-2181,intan.saputra.2181@example.invalid,Asuransi Perusahaan,25-Feb-2022,Ya,Aktif
PAT-MOCK-0002182,EMR-MOCK-0002182,MOCK-9738-19750305-2182,Aditya Halim,Laki-laki,1975-03-05 00:00:00,B,Cerai Mati,"Jl. Kenanga No. 164, Panakkukang",Makassar,Sulawesi Selatan,+62 879-8276-2182,aditya.wijaya.2182@example.invalid,BPJS Kesehatan,27-Sep-2018,Ya,Aktif
PAT-MOCK-0002183,EMR-MOCK-0002183,MOCK-9858-20231028-2183,Anindya Hartono,Perempuan,2023-10-28 00:00:00,B,Menikah,"Jl. Mawar No. 167, Bekasi Selatan",Bekasi,Jawa Barat,+62 835-4112-2183,anindya.santoso.2183@example.invalid,Asuransi Perusahaan,29-Oct-2023,Ya,Aktif
PAT-MOCK-0002184,EMR-MOCK-0002184,MOCK-6206-19660523-2184,Aulia Ramadhan,Perempuan,1966-05-23 00:00:00,A,Cerai Mati,"Jl. Rajawali No. 141, Denpasar Selatan",Denpasar,Bali,+62 841-8814-2184,aulia.hidayat.2184@example.invalid,Pribadi,06-Jul-2024,Ya,Aktif
PAT-MOCK-0002185,EMR-MOCK-0002185,MOCK-5309-19831209-2185,Tiara Pratama,Perempuan,1983-12-09 00:00:00,B,Cerai Mati,"Jl. Kenanga No. 94, Serpong",Tangerang Selatan,Banten,+62 869-3351-2185,tiara.nugraha.2185@example.invalid,BPJS Kesehatan,12-Apr-2023,Tidak,Aktif
PAT-MOCK-0002186,EMR-MOCK-0002186,MOCK-3223-20100331-2186,Andi Setiawan,Laki-laki,2010-03-31 00:00:00,A,Cerai Hidup,"Jl. Cemara No. 104, Serpong",Tangerang Selatan,Banten,+62 868-6056-2186,andi.kusuma.2186@example.invalid,Asuransi Perusahaan,05-Mar-2018,Tidak,Aktif
PAT-MOCK-0002187,EMR-MOCK-0002187,MOCK-5883-19560807-2187,Irfan Hartono,Laki-laki,1956-08-07 00:00:00,A,Cerai Mati,"Jl. Anggrek No. 176, Denpasar Selatan",Denpasar,Bali,+62 879-6786-2187,irfan.setiawan.2187@example.invalid,Asuransi Swasta,09-Jun-2025,Ya,Aktif
PAT-MOCK-0002188,EMR-MOCK-0002188,MOCK-3887-20190601-2188,Hendra Kusuma,Laki-laki,2019-06-01 00:00:00,B,Cerai Mati,"Jl. Rajawali No. 126, Wonokromo",Surabaya,Jawa Timur,+62 838-1594-2188,hendra.permana.2188@example.invalid,Corporate Guarantee,02-Jun-2019,Ya,Aktif
PAT-MOCK-0002189,EMR-MOCK-0002189,MOCK-4157-19830326-2189,Citra Nasution,Perempuan,1983-03-26 00:00:00,O,Belum Menikah,"Jl. Melati No. 39, Bogor Tengah",Bogor,Jawa Barat,+62 832-2584-2189,citra.ramadhan.2189@example.invalid,Corporate Guarantee,21-Jul-2025,Ya,Aktif
PAT-MOCK-0002190,EMR-MOCK-0002190,MOCK-3971-19711005-2190,Aulia Santoso,Perempuan,1971-10-05 00:00:00,O,Belum Menikah,"Jl. Cendana No. 14, Coblong",Bandung,Jawa Barat,+62 857-7298-2190,aulia.maulana.2190@example.invalid,BPJS Kesehatan,01-Jul-2026,Tidak,Aktif
PAT-MOCK-0002191,EMR-MOCK-0002191,MOCK-7237-19610207-2191,Andi Permana,Laki-laki,1961-02-07 00:00:00,B,Cerai Hidup,"Jl. Mawar No. 82, Kebayoran Baru",Jakarta Selatan,DKI Jakarta,+62 844-6467-2191,andi.utama.2191@example.invalid,Asuransi Perusahaan,25-Jun-2023,Tidak,Aktif
PAT-MOCK-0002192,EMR-MOCK-0002192,MOCK-7103-19730416-2192,Amelia Nugraha,Perempuan,1973-04-16 00:00:00,B,Menikah,"Jl. Cemara No. 169, Medan Baru",Medan,Sumatera Utara,+62 868-9501-2192,amelia.purnama.2192@example.invalid,Asuransi Perusahaan,17-Oct-2021,Ya,Aktif
PAT-MOCK-0002193,EMR-MOCK-0002193,MOCK-9710-20070718-2193,Rani Siregar,Perempuan,2007-07-18 00:00:00,AB,Cerai Hidup,"Jl. Mawar No. 101, Kebayoran Baru",Jakarta Selatan,DKI Jakarta,+62 847-8080-2193,rani.siregar.2193@example.invalid,Asuransi Swasta,31-Dec-2024,Ya,Aktif
PAT-MOCK-0002194,EMR-MOCK-0002194,MOCK-3929-19851010-2194,Lestari Saputra,Perempuan,1985-10-10 00:00:00,O,Cerai Mati,"Jl. Cemara No. 35, Banyumanik",Semarang,Jawa Tengah,+62 868-4818-2194,lestari.nasution.2194@example.invalid,Asuransi Perusahaan,11-Mar-2025,Ya,Aktif
PAT-MOCK-0002195,EMR-MOCK-0002195,MOCK-2846-19610226-2195,Raka Purnama,Laki-laki,1961-02-26 00:00:00,A,Menikah,"Jl. Merpati No. 101, Beji",Depok,Jawa Barat,+62 846-3196-2195,raka.simanjuntak.2195@example.invalid,Corporate Guarantee,05-Nov-2020,Ya,Aktif
PAT-MOCK-0002196,EMR-MOCK-0002196,MOCK-9852-19640317-2196,Citra Pratama,Perempuan,1964-03-17 00:00:00,O,Cerai Mati,"Jl. Mawar No. 140, Kebayoran Baru",Jakarta Selatan,DKI Jakarta,+62 859-8883-2196,citra.halim.2196@example.invalid,Pribadi,25-Mar-2018,Ya,Aktif
PAT-MOCK-0002197,EMR-MOCK-0002197,MOCK-1896-20241222-2197,Aditya Simanjuntak,Laki-laki,2024-12-22 00:00:00,O,Cerai Mati,"Jl. Cemara No. 116, Coblong",Bandung,Jawa Barat,+62 880-7736-2197,aditya.gunawan.2197@example.invalid,Corporate Guarantee,23-Dec-2024,Ya,Aktif
PAT-MOCK-0002198,EMR-MOCK-0002198,MOCK-8203-19900804-2198,Eko Wijaya,Laki-laki,1990-08-04 00:00:00,AB,Belum Menikah,"Jl. Mawar No. 180, Beji",Depok,Jawa Barat,+62 810-4391-2198,eko.hartono.2198@example.invalid,BPJS Kesehatan,09-Sep-2019,Ya,Aktif
PAT-MOCK-0002199,EMR-MOCK-0002199,MOCK-4288-19530506-2199,Farhan Nasution,Laki-laki,1953-05-06 00:00:00,A,Belum Menikah,"Jl. Cemara No. 77, Coblong",Bandung,Jawa Barat,+62 866-9648-2199,farhan.lesmana.2199@example.invalid,BPJS Kesehatan,08-Jul-2020,Ya,Aktif
PAT-MOCK-0002200,EMR-MOCK-0002200,MOCK-6352-19500519-2200,Aditya Gunawan,Laki-laki,1950-05-19 00:00:00,O,Belum Menikah,"Jl. Cemara No. 148, Bogor Tengah",Bogor,Jawa Barat,+62 839-8194-2200,aditya.pratama.2200@example.invalid,Corporate Guarantee,04-Aug-2023,Ya,Aktif
PAT-MOCK-0002201,EMR-MOCK-0002201,MOCK-7824-19471216-2201,Arya Gunawan,Laki-laki,1947-12-16 00:00:00,A,Cerai Hidup,"Jl. Merpati No. 168, Denpasar Selatan",Denpasar,Bali,+62 876-8685-2201,arya.saputra.2201@example.invalid,Corporate Guarantee,12-Feb-2022,Ya,Aktif
PAT-MOCK-0002202,EMR-MOCK-0002202,MOCK-8340-19730926-2202,Galang Maulana,Laki-laki,1973-09-26 00:00:00,B,Cerai Mati,"Jl. Mawar No. 171, Coblong",Bandung,Jawa Barat,+62 819-4993-2202,galang.wijaya.2202@example.invalid,Asuransi Swasta,10-Jan-2025,Ya,Aktif
PAT-MOCK-0002203,EMR-MOCK-0002203,MOCK-6369-19790318-2203,Anindya Kusuma,Perempuan,1979-03-18 00:00:00,O,Menikah,"Jl. Melati No. 122, Medan Baru",Medan,Sumatera Utara,+62 888-6116-2203,anindya.santoso.2203@example.invalid,Corporate Guarantee,17-Aug-2024,Ya,Aktif
PAT-MOCK-0002204,EMR-MOCK-0002204,MOCK-2580-20190530-2204,Fitri Simanjuntak,Perempuan,2019-05-30 00:00:00,AB,Menikah,"Jl. Cemara No. 69, Karawaci",Tangerang,Banten,+62 865-6871-2204,fitri.hidayat.2204@example.invalid,BPJS Kesehatan,26-Apr-2024,Ya,Aktif
PAT-MOCK-0002205,EMR-MOCK-0002205,MOCK-5410-20070807-2205,Aditya Maulana,Laki-laki,2007-08-07 00:00:00,Belum diperiksa,Cerai Hidup,"Jl. Rajawali No. 147, Medan Baru",Medan,Sumatera Utara,+62 893-4259-2205,aditya.nugraha.2205@example.invalid,BPJS Kesehatan,06-Dec-2024,Ya,Aktif
PAT-MOCK-0002206,EMR-MOCK-0002206,MOCK-4109-20060822-2206,Irfan Permana,Laki-laki,2006-08-22 00:00:00,O,Cerai Hidup,"Jl. Kenanga No. 99, Medan Baru",Medan,Sumatera Utara,+62 891-1407-2206,irfan.kusuma.2206@example.invalid,Corporate Guarantee,02-Jan-2019,Ya,Aktif
PAT-MOCK-0002207,EMR-MOCK-0002207,MOCK-5488-19970608-2207,Rani Kusuma,Perempuan,1997-06-08 00:00:00,O,Belum Menikah,"Jl. Cemara No. 127, Banyumanik",Semarang,Jawa Tengah,+62 810-3637-2207,rani.setiawan.2207@example.invalid,Pribadi,05-Feb-2025,Ya,Aktif
PAT-MOCK-0002208,EMR-MOCK-0002208,MOCK-5051-19480222-2208,Putri Maulana,Perempuan,1948-02-22 00:00:00,O,Cerai Hidup,"Jl. Kenanga No. 84, Kebon Jeruk",Jakarta Barat,DKI Jakarta,+62 826-8348-2208,putri.permana.2208@example.invalid,Asuransi Swasta,20-Dec-2021,Tidak,Aktif
PAT-MOCK-0002209,EMR-MOCK-0002209,MOCK-3098-19721105-2209,Rangga Hidayat,Laki-laki,1972-11-05 00:00:00,A,Cerai Hidup,"Jl. Mawar No. 116, Bogor Tengah",Bogor,Jawa Barat,+62 866-1547-2209,rangga.ramadhan.2209@example.invalid,BPJS Kesehatan,30-Jun-2020,Ya,Aktif
PAT-MOCK-0002210,EMR-MOCK-0002210,MOCK-9238-20060913-2210,Rangga Setiawan,Laki-laki,2006-09-13 00:00:00,O,Cerai Mati,"Jl. Flamboyan No. 103, Bogor Tengah",Bogor,Jawa Barat,+62 840-3436-2210,rangga.maulana.2210@example.invalid,Corporate Guarantee,07-Mar-2024,Ya,Aktif
PAT-MOCK-0002211,EMR-MOCK-0002211,MOCK-8486-20000826-2211,Rangga Lesmana,Laki-laki,2000-08-26 00:00:00,A,Menikah,"Jl. Cendana No. 121, Serpong",Tangerang Selatan,Banten,+62 818-8294-2211,rangga.utama.2211@example.invalid,BPJS Kesehatan,04-Jul-2023,Ya,Aktif
PAT-MOCK-0002212,EMR-MOCK-0002212,MOCK-8241-20031029-2212,Sari Setiawan,Perempuan,2003-10-29 00:00:00,B,Menikah,"Jl. Dahlia No. 47, Karawaci",Tangerang,Banten,+62 878-2353-2212,sari.purnama.2212@example.invalid,Asuransi Perusahaan,07-Apr-2025,Ya,Aktif
PAT-MOCK-0002213,EMR-MOCK-0002213,MOCK-7637-19501222-2213,Aulia Santoso,Perempuan,1950-12-22 00:00:00,O,Menikah,"Jl. Merpati No. 123, Kebon Jeruk",Jakarta Barat,DKI Jakarta,+62 883-2633-2213,aulia.siregar.2213@example.invalid,Asuransi Swasta,17-Nov-2025,Ya,Aktif
PAT-MOCK-0002214,EMR-MOCK-0002214,MOCK-5205-20200625-2214,Eko Maulana,Laki-laki,2020-06-25 00:00:00,AB,Cerai Mati,"Jl. Merpati No. 110, Karawaci",Tangerang,Banten,+62 863-6870-2214,eko.nasution.2214@example.invalid,Asuransi Perusahaan,02-Jul-2024,Ya,Aktif
PAT-MOCK-0002215,EMR-MOCK-0002215,MOCK-5920-19551011-2215,Sari Setiawan,Perempuan,1955-10-11 00:00:00,B,Cerai Mati,"Jl. Kenanga No. 85, Coblong",Bandung,Jawa Barat,+62 821-3983-2215,sari.simanjuntak.2215@example.invalid,BPJS Kesehatan,25-Sep-2025,Tidak,Aktif
PAT-MOCK-0002216,EMR-MOCK-0002216,MOCK-6880-19601025-2216,Citra Setiawan,Perempuan,1960-10-25 00:00:00,B,Menikah,"Jl. Dahlia No. 12, Serpong",Tangerang Selatan,Banten,+62 888-8678-2216,citra.halim.2216@example.invalid,Corporate Guarantee,07-Dec-2018,Tidak,Aktif
PAT-MOCK-0002217,EMR-MOCK-0002217,MOCK-8055-19801108-2217,Andi Gunawan,Laki-laki,1980-11-08 00:00:00,A,Cerai Hidup,"Jl. Kenanga No. 168, Panakkukang",Makassar,Sulawesi Selatan,+62 862-4152-2217,andi.gunawan.2217@example.invalid,BPJS Kesehatan,07-Oct-2022,Ya,Aktif
PAT-MOCK-0002218,EMR-MOCK-0002218,MOCK-2996-19640218-2218,Nadia Nugraha,Perempuan,1964-02-18 00:00:00,A,Cerai Hidup,"Jl. Kenanga No. 117, Wonokromo",Surabaya,Jawa Timur,+62 810-3170-2218,nadia.hartono.2218@example.invalid,Corporate Guarantee,20-Jul-2022,Ya,Aktif
PAT-MOCK-0002219,EMR-MOCK-0002219,MOCK-8616-20191120-2219,Sari Gunawan,Perempuan,2019-11-20 00:00:00,B,Cerai Hidup,"Jl. Cemara No. 108, Wonokromo",Surabaya,Jawa Timur,+62 883-9198-2219,sari.lesmana.2219@example.invalid,Asuransi Swasta,20-Aug-2024,Ya,Aktif
PAT-MOCK-0002220,EMR-MOCK-0002220,MOCK-8872-20070305-2220,Aisyah Maulana,Perempuan,2007-03-05 00:00:00,B,Belum Menikah,"Jl. Dahlia No. 175, Panakkukang",Makassar,Sulawesi Selatan,+62 857-3607-2220,aisyah.pratama.2220@example.invalid,Asuransi Swasta,07-Dec-2024,Tidak,Aktif
PAT-MOCK-0002221,EMR-MOCK-0002221,MOCK-4149-20150510-2221,Wulan Utama,Perempuan,2015-05-10 00:00:00,A,Menikah,"Jl. Anggrek No. 169, Bogor Tengah",Bogor,Jawa Barat,+62 859-7065-2221,wulan.saputra.2221@example.invalid,BPJS Kesehatan,11-Apr-2022,Ya,Aktif
PAT-MOCK-0002222,EMR-MOCK-0002222,MOCK-9437-19531230-2222,Yoga Purnama,Laki-laki,1953-12-30 00:00:00,O,Cerai Mati,"Jl. Melati No. 92, Karawaci",Tangerang,Banten,+62 811-9289-2222,yoga.wijaya.2222@example.invalid,BPJS Kesehatan,18-Oct-2018,Ya,Aktif
PAT-MOCK-0002223,EMR-MOCK-0002223,MOCK-8926-19980121-2223,Sekar Siregar,Perempuan,1998-01-21 00:00:00,O,Cerai Hidup,"Jl. Kenanga No. 32, Karawaci",Tangerang,Banten,+62 876-6344-2223,sekar.santoso.2223@example.invalid,Pribadi,08-Apr-2024,Ya,Tidak Aktif
PAT-MOCK-0002224,EMR-MOCK-0002224,MOCK-2750-19541028-2224,Intan Halim,Perempuan,1954-10-28 00:00:00,A,Cerai Hidup,"Jl. Cemara No. 170, Panakkukang",Makassar,Sulawesi Selatan,+62 828-7587-2224,intan.hidayat.2224@example.invalid,BPJS Kesehatan,08-Mar-2025,Tidak,Aktif
PAT-MOCK-0002225,EMR-MOCK-0002225,MOCK-2560-19860619-2225,Ahmad Siregar,Laki-laki,1986-06-19 00:00:00,O,Belum Menikah,"Jl. Anggrek No. 113, Wonokromo",Surabaya,Jawa Timur,+62 886-2501-2225,ahmad.nugraha.2225@example.invalid,BPJS Kesehatan,08-Oct-2018,Ya,Aktif
PAT-MOCK-0002226,EMR-MOCK-0002226,MOCK-4281-19821125-2226,Irfan Gunawan,Laki-laki,1982-11-25 00:00:00,AB,Cerai Mati,"Jl. Mawar No. 164, Wonokromo",Surabaya,Jawa Timur,+62 886-1521-2226,irfan.kusuma.2226@example.invalid,Pribadi,12-Apr-2018,Tidak,Aktif
PAT-MOCK-0002227,EMR-MOCK-0002227,MOCK-8511-19901016-2227,Dimas Utama,Laki-laki,1990-10-16 00:00:00,AB,Belum Menikah,"Jl. Rajawali No. 76, Kebayoran Baru",Jakarta Selatan,DKI Jakarta,+62 894-6052-2227,dimas.setiawan.2227@example.invalid,Corporate Guarantee,22-Oct-2018,Ya,Aktif
PAT-MOCK-0002228,EMR-MOCK-0002228,MOCK-2728-20100204-2228,Aditya Maulana,Laki-laki,2010-02-04 00:00:00,O,Cerai Mati,"Jl. Kenanga No. 114, Denpasar Selatan",Denpasar,Bali,+62 828-2261-2228,aditya.permana.2228@example.invalid,Pribadi,10-May-2018,Ya,Aktif
PAT-MOCK-0002229,EMR-MOCK-0002229,MOCK-1509-19640602-2229,Rani Simanjuntak,Perempuan,1964-06-02 00:00:00,B,Menikah,"Jl. Mawar No. 145, Beji",Depok,Jawa Barat,+62 818-2899-2229,rani.ramadhan.2229@example.invalid,Pribadi,16-Feb-2024,Ya,Aktif
PAT-MOCK-0002230,EMR-MOCK-0002230,MOCK-9598-20090709-2230,Sekar Hartono,Perempuan,2009-07-09 00:00:00,O,Cerai Mati,"Jl. Flamboyan No. 112, Medan Baru",Medan,Sumatera Utara,+62 897-4447-2230,sekar.maulana.2230@example.invalid,Asuransi Swasta,09-Apr-2019,Tidak,Aktif
PAT-MOCK-0002231,EMR-MOCK-0002231,MOCK-8069-19950412-2231,Dinda Gunawan,Perempuan,1995-04-12 00:00:00,B,Cerai Mati,"Jl. Kenanga No. 178, Banyumanik",Semarang,Jawa Tengah,+62 850-5950-2231,dinda.utama.2231@example.invalid,Asuransi Swasta,07-Apr-2018,Ya,Aktif
PAT-MOCK-0002232,EMR-MOCK-0002232,MOCK-5838-19530616-2232,Danu Ramadhan,Laki-laki,1953-06-16 00:00:00,B,Belum Menikah,"Jl. Rajawali No. 54, Karawaci",Tangerang,Banten,+62 889-3507-2232,danu.purnama.2232@example.invalid,Pribadi,09-Feb-2019,Ya,Aktif
PAT-MOCK-0002233,EMR-MOCK-0002233,MOCK-6425-20171012-2233,Aulia Saputra,Perempuan,2017-10-12 00:00:00,A,Belum Menikah,"Jl. Melati No. 145, Bekasi Selatan",Bekasi,Jawa Barat,+62 897-8883-2233,aulia.siregar.2233@example.invalid,BPJS Kesehatan,06-Jan-2024,Tidak,Aktif
PAT-MOCK-0002234,EMR-MOCK-0002234,MOCK-4404-19871121-2234,Rizky Lesmana,Laki-laki,1987-11-21 00:00:00,B,Menikah,"Jl. Mawar No. 65, Beji",Depok,Jawa Barat,+62 866-6513-2234,rizky.nasution.2234@example.invalid,Asuransi Perusahaan,25-Aug-2021,Ya,Aktif
PAT-MOCK-0002235,EMR-MOCK-0002235,MOCK-8587-19830915-2235,Danu Simanjuntak,Laki-laki,1983-09-15 00:00:00,A,Belum Menikah,"Jl. Flamboyan No. 163, Ilir Barat I",Palembang,Sumatera Selatan,+62 884-5512-2235,danu.simanjuntak.2235@example.invalid,Corporate Guarantee,24-Aug-2019,Ya,Aktif
PAT-MOCK-0002236,EMR-MOCK-0002236,MOCK-4640-19751018-2236,Tiara Santoso,Perempuan,1975-10-18 00:00:00,O,Menikah,"Jl. Rajawali No. 162, Bogor Tengah",Bogor,Jawa Barat,+62 814-9027-2236,tiara.halim.2236@example.invalid,Pribadi,25-Aug-2022,Tidak,Aktif
PAT-MOCK-0002237,EMR-MOCK-0002237,MOCK-2976-19960922-2237,Maya Gunawan,Perempuan,1996-09-22 00:00:00,O,Cerai Mati,"Jl. Rajawali No. 6, Banyumanik",Semarang,Jawa Tengah,+62 879-4307-2237,maya.gunawan.2237@example.invalid,Corporate Guarantee,23-Mar-2020,Tidak,Aktif
PAT-MOCK-0002238,EMR-MOCK-0002238,MOCK-9091-20181007-2238,Yoga Simanjuntak,Laki-laki,2018-10-07 00:00:00,O,Cerai Hidup,"Jl. Rajawali No. 127, Bogor Tengah",Bogor,Jawa Barat,+62 817-4067-2238,yoga.hartono.2238@example.invalid,Pribadi,19-Mar-2022,Ya,Aktif
PAT-MOCK-0002239,EMR-MOCK-0002239,MOCK-7823-19991124-2239,Arya Gunawan,Laki-laki,1999-11-24 00:00:00,B,Belum Menikah,"Jl. Dahlia No. 30, Bekasi Selatan",Bekasi,Jawa Barat,+62 863-6031-2239,arya.lesmana.2239@example.invalid,Asuransi Perusahaan,01-Jul-2025,Tidak,Aktif
PAT-MOCK-0002240,EMR-MOCK-0002240,MOCK-4018-19900317-2240,Dimas Wijaya,Laki-laki,1990-03-17 00:00:00,B,Cerai Hidup,"Jl. Merpati No. 170, Duren Sawit",Jakarta Timur,DKI Jakarta,+62 891-7842-2240,dimas.pratama.2240@example.invalid,Asuransi Perusahaan,14-Jul-2021,Ya,Aktif
PAT-MOCK-0002241,EMR-MOCK-0002241,MOCK-4037-20050424-2241,Bagas Purnama,Laki-laki,2005-04-24 00:00:00,B,Cerai Mati,"Jl. Melati No. 118, Serpong",Tangerang Selatan,Banten,+62 888-3977-2241,bagas.saputra.2241@example.invalid,Asuransi Swasta,14-Jul-2023,Tidak,Aktif
PAT-MOCK-0002242,EMR-MOCK-0002242,MOCK-4524-19540407-2242,Rangga Santoso,Laki-laki,1954-04-07 00:00:00,B,Cerai Hidup,"Jl. Dahlia No. 160, Medan Baru",Medan,Sumatera Utara,+62 885-2839-2242,rangga.wijaya.2242@example.invalid,Asuransi Perusahaan,28-Feb-2024,Tidak,Aktif
PAT-MOCK-0002243,EMR-MOCK-0002243,MOCK-5440-19810317-2243,Bima Nugraha,Laki-laki,1981-03-17 00:00:00,O,Cerai Hidup,"Jl. Merpati No. 44, Coblong",Bandung,Jawa Barat,+62 822-8422-2243,bima.santoso.2243@example.invalid,Asuransi Swasta,28-Oct-2021,Ya,Aktif
PAT-MOCK-0002244,EMR-MOCK-0002244,MOCK-6829-19820323-2244,Anindya Purnama,Perempuan,1982-03-23 00:00:00,B,Cerai Hidup,"Jl. Kenanga No. 74, Panakkukang",Makassar,Sulawesi Selatan,+62 847-8326-2244,anindya.hidayat.2244@example.invalid,Pribadi,12-Apr-2018,Ya,Aktif
PAT-MOCK-0002245,EMR-MOCK-0002245,MOCK-3900-20240810-2245,Fitri Pratama,Perempuan,2024-08-10 00:00:00,B,Cerai Hidup,"Jl. Rajawali No. 180, Bekasi Selatan",Bekasi,Jawa Barat,+62 871-9595-2245,fitri.nugraha.2245@example.invalid,Corporate Guarantee,11-Aug-2024,Tidak,Aktif
PAT-MOCK-0002246,EMR-MOCK-0002246,MOCK-7797-19900719-2246,Danu Lesmana,Laki-laki,1990-07-19 00:00:00,B,Menikah,"Jl. Mawar No. 133, Beji",Depok,Jawa Barat,+62 815-6514-2246,danu.kusuma.2246@example.invalid,Asuransi Swasta,04-Oct-2019,Ya,Aktif
PAT-MOCK-0002247,EMR-MOCK-0002247,MOCK-5578-20230503-2247,Yoga Lesmana,Laki-laki,2023-05-03 00:00:00,AB,Menikah,"Jl. Rajawali No. 97, Kebayoran Baru",Jakarta Selatan,DKI Jakarta,+62 866-6819-2247,yoga.setiawan.2247@example.invalid,BPJS Kesehatan,04-May-2023,Tidak,Aktif
PAT-MOCK-0002248,EMR-MOCK-0002248,MOCK-5472-19970103-2248,Ahmad Nasution,Laki-laki,1997-01-03 00:00:00,B,Cerai Hidup,"Jl. Dahlia No. 76, Denpasar Selatan",Denpasar,Bali,+62 885-7032-2248,ahmad.permana.2248@example.invalid,Asuransi Swasta,01-Oct-2018,Ya,Aktif
PAT-MOCK-0002249,EMR-MOCK-0002249,MOCK-6177-19620110-2249,Rani Hartono,Perempuan,1962-01-10 00:00:00,AB,Menikah,"Jl. Melati No. 134, Panakkukang",Makassar,Sulawesi Selatan,+62 898-9096-2249,rani.ramadhan.2249@example.invalid,Pribadi,26-Apr-2020,Ya,Aktif
PAT-MOCK-0002250,EMR-MOCK-0002250,MOCK-9734-19580418-2250,Amelia Maulana,Perempuan,1958-04-18 00:00:00,O,Cerai Mati,"Jl. Melati No. 111, Banyumanik",Semarang,Jawa Tengah,+62 813-8082-2250,amelia.maulana.2250@example.invalid,Corporate Guarantee,28-Aug-2019,Ya,Aktif
PAT-MOCK-0002251,EMR-MOCK-0002251,MOCK-6684-19720929-2251,Farhan Wijaya,Laki-laki,1972-09-29 00:00:00,B,Cerai Hidup,"Jl. Mawar No. 109, Serpong",Tangerang Selatan,Banten,+62 887-3258-2251,farhan.utama.2251@example.invalid,Pribadi,14-Feb-2018,Tidak,Aktif
PAT-MOCK-0002252,EMR-MOCK-0002252,MOCK-1626-20000312-2252,Bima Utama,Laki-laki,2000-03-12 00:00:00,AB,Cerai Mati,"Jl. Dahlia No. 13, Panakkukang",Makassar,Sulawesi Selatan,+62 893-7751-2252,bima.purnama.2252@example.invalid,Asuransi Swasta,16-Nov-2024,Tidak,Aktif
PAT-MOCK-0002253,EMR-MOCK-0002253,MOCK-6443-19510529-2253,Fajar Ramadhan,Laki-laki,1951-05-29 00:00:00,O,Menikah,"Jl. Cemara No. 76, Duren Sawit",Jakarta Timur,DKI Jakarta,+62 834-2469-2253,fajar.siregar.2253@example.invalid,Corporate Guarantee,15-May-2025,Ya,Aktif
PAT-MOCK-0002254,EMR-MOCK-0002254,MOCK-6390-19820528-2254,Danu Utama,Laki-laki,1982-05-28 00:00:00,A,Belum Menikah,"Jl. Cendana No. 158, Bogor Tengah",Bogor,Jawa Barat,+62 845-3292-2254,danu.nasution.2254@example.invalid,Asuransi Swasta,29-Jun-2020,Tidak,Aktif
PAT-MOCK-0002255,EMR-MOCK-0002255,MOCK-5459-19550504-2255,Joko Hidayat,Laki-laki,1955-05-04 00:00:00,B,Cerai Mati,"Jl. Dahlia No. 37, Bekasi Selatan",Bekasi,Jawa Barat,+62 864-6683-2255,joko.simanjuntak.2255@example.invalid,Corporate Guarantee,04-May-2026,Ya,Aktif
PAT-MOCK-0002256,EMR-MOCK-0002256,MOCK-4531-19470814-2256,Raka Pratama,Laki-laki,1947-08-14 00:00:00,O,Menikah,"Jl. Rajawali No. 97, Ilir Barat I",Palembang,Sumatera Selatan,+62 842-8073-2256,raka.halim.2256@example.invalid,Asuransi Perusahaan,17-Sep-2021,Ya,Aktif
PAT-MOCK-0002257,EMR-MOCK-0002257,MOCK-3560-19670107-2257,Dewi Santoso,Perempuan,1967-01-07 00:00:00,B,Cerai Hidup,"Jl. Merpati No. 103, Banyumanik",Semarang,Jawa Tengah,+62 854-8088-2257,dewi.gunawan.2257@example.invalid,Pribadi,15-Aug-2018,Ya,Aktif
PAT-MOCK-0002258,EMR-MOCK-0002258,MOCK-5144-19650926-2258,Rani Kusuma,Perempuan,1965-09-26 00:00:00,B,Cerai Hidup,"Jl. Anggrek No. 76, Medan Baru",Medan,Sumatera Utara,+62 827-7375-2258,rani.hartono.2258@example.invalid,Pribadi,04-Mar-2023,Ya,Aktif
PAT-MOCK-0002259,EMR-MOCK-0002259,MOCK-4992-19521112-2259,Rizky Lesmana,Laki-laki,1952-11-12 00:00:00,A,Cerai Hidup,"Jl. Cendana No. 86, Medan Baru",Medan,Sumatera Utara,+62 890-7577-2259,rizky.lesmana.2259@example.invalid,Asuransi Swasta,04-Jun-2021,Tidak,Aktif
PAT-MOCK-0002260,EMR-MOCK-0002260,MOCK-3547-20071224-2260,Andi Ramadhan,Laki-laki,2007-12-24 00:00:00,B,Cerai Hidup,"Jl. Flamboyan No. 155, Kebon Jeruk",Jakarta Barat,DKI Jakarta,+62 821-7053-2260,andi.pratama.2260@example.invalid,Corporate Guarantee,15-May-2024,Tidak,Aktif
PAT-MOCK-0002261,EMR-MOCK-0002261,MOCK-3787-19960626-2261,Danu Hidayat,Laki-laki,1996-06-26 00:00:00,A,Menikah,"Jl. Mawar No. 148, Duren Sawit",Jakarta Timur,DKI Jakarta,+62 812-5186-2261,danu.saputra.2261@example.invalid,Pribadi,06-Mar-2019,Tidak,Tidak Aktif
PAT-MOCK-0002262,EMR-MOCK-0002262,MOCK-1673-19950112-2262,Arya Lesmana,Laki-laki,1995-01-12 00:00:00,AB,Belum Menikah,"Jl. Kenanga No. 22, Kebon Jeruk",Jakarta Barat,DKI Jakarta,+62 846-9925-2262,arya.wijaya.2262@example.invalid,Asuransi Swasta,09-Mar-2023,Ya,Aktif
PAT-MOCK-0002263,EMR-MOCK-0002263,MOCK-8353-19961206-2263,Irfan Simanjuntak,Laki-laki,1996-12-06 00:00:00,O,Cerai Mati,"Jl. Anggrek No. 41, Coblong",Bandung,Jawa Barat,+62 819-8989-2263,irfan.santoso.2263@example.invalid,Asuransi Perusahaan,23-Aug-2022,Tidak,Aktif
PAT-MOCK-0002264,EMR-MOCK-0002264,MOCK-4236-20160128-2264,Wulan Ramadhan,Perempuan,2016-01-28 00:00:00,A,Belum Menikah,"Jl. Cendana No. 28, Denpasar Selatan",Denpasar,Bali,+62 844-6729-2264,wulan.hidayat.2264@example.invalid,Asuransi Perusahaan,14-Jan-2020,Tidak,Aktif
PAT-MOCK-0002265,EMR-MOCK-0002265,MOCK-8451-20140531-2265,Dewi Ramadhan,Perempuan,2014-05-31 00:00:00,A,Belum Menikah,"Jl. Cendana No. 33, Wonokromo",Surabaya,Jawa Timur,+62 879-1951-2265,dewi.nugraha.2265@example.invalid,Asuransi Perusahaan,26-Sep-2020,Ya,Aktif
PAT-MOCK-0002266,EMR-MOCK-0002266,MOCK-2909-20090309-2266,Fitri Hidayat,Perempuan,2009-03-09 00:00:00,O,Belum Menikah,"Jl. Flamboyan No. 78, Panakkukang",Makassar,Sulawesi Selatan,+62 838-5935-2266,fitri.kusuma.2266@example.invalid,Pribadi,25-Oct-2023,Ya,Aktif
PAT-MOCK-0002267,EMR-MOCK-0002267,MOCK-2267-20080730-2267,Citra Simanjuntak,Perempuan,2008-07-30 00:00:00,O,Menikah,"Jl. Anggrek No. 146, Karawaci",Tangerang,Banten,+62 812-5819-2267,citra.setiawan.2267@example.invalid,Corporate Guarantee,10-Aug-2025,Ya,Aktif
PAT-MOCK-0002268,EMR-MOCK-0002268,MOCK-6622-19830720-2268,Sekar Ramadhan,Perempuan,1983-07-20 00:00:00,B,Belum Menikah,"Jl. Dahlia No. 79, Kebon Jeruk",Jakarta Barat,DKI Jakarta,+62 852-1165-2268,sekar.permana.2268@example.invalid,Asuransi Swasta,08-Aug-2020,Ya,Aktif
PAT-MOCK-0002269,EMR-MOCK-0002269,MOCK-3090-19920303-2269,Aditya Nugraha,Laki-laki,1992-03-03 00:00:00,AB,Belum Menikah,"Jl. Dahlia No. 87, Denpasar Selatan",Denpasar,Bali,+62 842-8464-2269,aditya.ramadhan.2269@example.invalid,Asuransi Perusahaan,19-May-2020,Ya,Aktif
PAT-MOCK-0002270,EMR-MOCK-0002270,MOCK-3398-20230510-2270,Putri Santoso,Perempuan,2023-05-10 00:00:00,B,Belum Menikah,"Jl. Dahlia No. 140, Bekasi Selatan",Bekasi,Jawa Barat,+62 849-7941-2270,putri.maulana.2270@example.invalid,Corporate Guarantee,11-May-2023,Ya,Aktif
PAT-MOCK-0002271,EMR-MOCK-0002271,MOCK-1518-20101103-2271,Sekar Hidayat,Perempuan,2010-11-03 00:00:00,A,Cerai Mati,"Jl. Anggrek No. 166, Karawaci",Tangerang,Banten,+62 834-6506-2271,sekar.utama.2271@example.invalid,Asuransi Perusahaan,03-Jul-2022,Ya,Aktif
PAT-MOCK-0002272,EMR-MOCK-0002272,MOCK-4763-19670115-2272,Joko Lesmana,Laki-laki,1967-01-15 00:00:00,A,Cerai Hidup,"Jl. Rajawali No. 92, Bekasi Selatan",Bekasi,Jawa Barat,+62 871-9741-2272,joko.purnama.2272@example.invalid,Pribadi,07-Jul-2023,Tidak,Tidak Aktif
PAT-MOCK-0002273,EMR-MOCK-0002273,MOCK-9271-19590529-2273,Farhan Setiawan,Laki-laki,1959-05-29 00:00:00,A,Cerai Mati,"Jl. Dahlia No. 144, Medan Baru",Medan,Sumatera Utara,+62 870-9301-2273,farhan.siregar.2273@example.invalid,Asuransi Swasta,03-Oct-2018,Ya,Aktif
PAT-MOCK-0002274,EMR-MOCK-0002274,MOCK-2162-19890729-2274,Galang Hidayat,Laki-laki,1989-07-29 00:00:00,AB,Belum Menikah,"Jl. Anggrek No. 2, Medan Baru",Medan,Sumatera Utara,+62 816-1461-2274,galang.nasution.2274@example.invalid,Asuransi Perusahaan,28-Mar-2021,Ya,Aktif
PAT-MOCK-0002275,EMR-MOCK-0002275,MOCK-8648-19910605-2275,Eko Kusuma,Laki-laki,1991-06-05 00:00:00,O,Cerai Hidup,"Jl. Melati No. 33, Duren Sawit",Jakarta Timur,DKI Jakarta,+62 851-7901-2275,eko.simanjuntak.2275@example.invalid,Corporate Guarantee,13-Dec-2019,Ya,Aktif
PAT-MOCK-0002276,EMR-MOCK-0002276,MOCK-1520-19690925-2276,Dinda Nasution,Perempuan,1969-09-25 00:00:00,A,Cerai Hidup,"Jl. Melati No. 110, Karawaci",Tangerang,Banten,+62 863-3338-2276,dinda.halim.2276@example.invalid,BPJS Kesehatan,09-Nov-2021,Ya,Aktif
PAT-MOCK-0002277,EMR-MOCK-0002277,MOCK-6504-19650609-2277,Aulia Halim,Perempuan,1965-06-09 00:00:00,B,Cerai Mati,"Jl. Kenanga No. 27, Kebayoran Baru",Jakarta Selatan,DKI Jakarta,+62 841-4693-2277,aulia.gunawan.2277@example.invalid,Asuransi Perusahaan,17-Jul-2018,Ya,Aktif
PAT-MOCK-0002278,EMR-MOCK-0002278,MOCK-4770-19800325-2278,Raka Hidayat,Laki-laki,1980-03-25 00:00:00,A,Cerai Hidup,"Jl. Cemara No. 124, Coblong",Bandung,Jawa Barat,+62 872-6360-2278,raka.hartono.2278@example.invalid,Asuransi Perusahaan,09-Jun-2021,Ya,Aktif
PAT-MOCK-0002279,EMR-MOCK-0002279,MOCK-1518-19830712-2279,Yoga Siregar,Laki-laki,1983-07-12 00:00:00,O,Belum Menikah,"Jl. Cemara No. 138, Denpasar Selatan",Denpasar,Bali,+62 881-4915-2279,yoga.lesmana.2279@example.invalid,BPJS Kesehatan,13-Jun-2026,Ya,Aktif
PAT-MOCK-0002280,EMR-MOCK-0002280,MOCK-3495-19590323-2280,Nadia Purnama,Perempuan,1959-03-23 00:00:00,B,Cerai Hidup,"Jl. Anggrek No. 142, Serpong",Tangerang Selatan,Banten,+62 833-8028-2280,nadia.pratama.2280@example.invalid,Pribadi,07-Nov-2021,Tidak,Aktif
PAT-MOCK-0002281,EMR-MOCK-0002281,MOCK-3730-19870814-2281,Wulan Maulana,Perempuan,1987-08-14 00:00:00,A,Belum Menikah,"Jl. Rajawali No. 26, Serpong",Tangerang Selatan,Banten,+62 880-3113-2281,wulan.saputra.2281@example.invalid,Asuransi Swasta,24-May-2020,Ya,Aktif
PAT-MOCK-0002282,EMR-MOCK-0002282,MOCK-6815-19980502-2282,Aulia Santoso,Perempuan,1998-05-02 00:00:00,B,Menikah,"Jl. Dahlia No. 142, Karawaci",Tangerang,Banten,+62 872-8456-2282,aulia.wijaya.2282@example.invalid,Corporate Guarantee,13-Mar-2024,Ya,Aktif
PAT-MOCK-0002283,EMR-MOCK-0002283,MOCK-5733-19831009-2283,Lestari Permana,Perempuan,1983-10-09 00:00:00,AB,Belum Menikah,"Jl. Melati No. 118, Beji",Depok,Jawa Barat,+62 888-6711-2283,lestari.santoso.2283@example.invalid,Asuransi Perusahaan,26-Aug-2021,Ya,Aktif
PAT-MOCK-0002284,EMR-MOCK-0002284,MOCK-7229-19940213-2284,Rizky Lesmana,Laki-laki,1994-02-13 00:00:00,B,Menikah,"Jl. Anggrek No. 69, Bekasi Selatan",Bekasi,Jawa Barat,+62 866-8230-2284,rizky.hidayat.2284@example.invalid,Asuransi Perusahaan,08-Jan-2023,Ya,Aktif
PAT-MOCK-0002285,EMR-MOCK-0002285,MOCK-3878-20241220-2285,Nabila Setiawan,Perempuan,2024-12-20 00:00:00,O,Cerai Mati,"Jl. Cendana No. 122, Panakkukang",Makassar,Sulawesi Selatan,+62 891-7402-2285,nabila.nugraha.2285@example.invalid,Asuransi Swasta,21-Dec-2025,Ya,Aktif
PAT-MOCK-0002286,EMR-MOCK-0002286,MOCK-5590-20040507-2286,Nadia Permana,Perempuan,2004-05-07 00:00:00,A,Cerai Hidup,"Jl. Cendana No. 50, Banyumanik",Semarang,Jawa Tengah,+62 831-3434-2286,nadia.kusuma.2286@example.invalid,Corporate Guarantee,17-Jun-2021,Ya,Aktif
PAT-MOCK-0002287,EMR-MOCK-0002287,MOCK-4810-19530726-2287,Amelia Hidayat,Perempuan,1953-07-26 00:00:00,O,Belum Menikah,"Jl. Melati No. 101, Kebon Jeruk",Jakarta Barat,DKI Jakarta,+62 875-8272-2287,amelia.setiawan.2287@example.invalid,Pribadi,01-Nov-2022,Ya,Aktif
PAT-MOCK-0002288,EMR-MOCK-0002288,MOCK-5722-20181226-2288,Lestari Setiawan,Perempuan,2018-12-26 00:00:00,O,Cerai Mati,"Jl. Melati No. 174, Kebon Jeruk",Jakarta Barat,DKI Jakarta,+62 817-9888-2288,lestari.permana.2288@example.invalid,Corporate Guarantee,10-Jan-2020,Ya,Aktif
PAT-MOCK-0002289,EMR-MOCK-0002289,MOCK-3760-19980627-2289,Lestari Setiawan,Perempuan,1998-06-27 00:00:00,A,Cerai Mati,"Jl. Dahlia No. 148, Ilir Barat I",Palembang,Sumatera Selatan,+62 866-1101-2289,lestari.ramadhan.2289@example.invalid,Asuransi Swasta,21-Oct-2019,Ya,Aktif
PAT-MOCK-0002290,EMR-MOCK-0002290,MOCK-3242-20190301-2290,Lestari Santoso,Perempuan,2019-03-01 00:00:00,A,Menikah,"Jl. Rajawali No. 30, Denpasar Selatan",Denpasar,Bali,+62 887-8974-2290,lestari.maulana.2290@example.invalid,Corporate Guarantee,30-May-2022,Ya,Aktif
PAT-MOCK-0002291,EMR-MOCK-0002291,MOCK-7456-19650717-2291,Wulan Setiawan,Perempuan,1965-07-17 00:00:00,O,Belum Menikah,"Jl. Rajawali No. 65, Kebayoran Baru",Jakarta Selatan,DKI Jakarta,+62 855-5007-2291,wulan.utama.2291@example.invalid,Pribadi,10-Aug-2018,Tidak,Aktif
PAT-MOCK-0002292,EMR-MOCK-0002292,MOCK-7271-19980104-2292,Intan Nasution,Perempuan,1998-01-04 00:00:00,A,Belum Menikah,"Jl. Melati No. 50, Bogor Tengah",Bogor,Jawa Barat,+62 854-2681-2292,intan.purnama.2292@example.invalid,Asuransi Perusahaan,29-Aug-2023,Ya,Aktif
PAT-MOCK-0002293,EMR-MOCK-0002293,MOCK-2444-19610812-2293,Yoga Nasution,Laki-laki,1961-08-12 00:00:00,O,Belum Menikah,"Jl. Kenanga No. 157, Panakkukang",Makassar,Sulawesi Selatan,+62 843-6903-2293,yoga.siregar.2293@example.invalid,Pribadi,04-Aug-2024,Ya,Aktif
PAT-MOCK-0002294,EMR-MOCK-0002294,MOCK-6845-19480131-2294,Aulia Simanjuntak,Perempuan,1948-01-31 00:00:00,O,Menikah,"Jl. Dahlia No. 35, Coblong",Bandung,Jawa Barat,+62 844-9441-2294,aulia.nasution.2294@example.invalid,Corporate Guarantee,22-Jun-2024,Ya,Aktif
PAT-MOCK-0002295,EMR-MOCK-0002295,MOCK-6891-19890803-2295,Sekar Maulana,Perempuan,1989-08-03 00:00:00,A,Menikah,"Jl. Cemara No. 178, Wonokromo",Surabaya,Jawa Timur,+62 852-3690-2295,sekar.simanjuntak.2295@example.invalid,Asuransi Perusahaan,14-Apr-2026,Ya,Aktif
PAT-MOCK-0002296,EMR-MOCK-0002296,MOCK-3709-19580501-2296,Arya Utama,Laki-laki,1958-05-01 00:00:00,O,Cerai Hidup,"Jl. Cendana No. 65, Duren Sawit",Jakarta Timur,DKI Jakarta,+62 816-8658-2296,arya.halim.2296@example.invalid,Pribadi,28-Jan-2022,Tidak,Aktif
PAT-MOCK-0002297,EMR-MOCK-0002297,MOCK-5014-19490828-2297,Amelia Wijaya,Perempuan,1949-08-28 00:00:00,A,Menikah,"Jl. Anggrek No. 50, Bogor Tengah",Bogor,Jawa Barat,+62 813-9829-2297,amelia.gunawan.2297@example.invalid,Pribadi,03-Dec-2020,Ya,Aktif
PAT-MOCK-0002298,EMR-MOCK-0002298,MOCK-8167-20100525-2298,Bagas Siregar,Laki-laki,2010-05-25 00:00:00,O,Menikah,"Jl. Cemara No. 72, Medan Baru",Medan,Sumatera Utara,+62 859-2581-2298,bagas.hartono.2298@example.invalid,Asuransi Swasta,21-Nov-2023,Ya,Aktif
PAT-MOCK-0002299,EMR-MOCK-0002299,MOCK-3340-19980312-2299,Kartika Kusuma,Perempuan,1998-03-12 00:00:00,O,Cerai Mati,"Jl. Rajawali No. 102, Ilir Barat I",Palembang,Sumatera Selatan,+62 826-9020-2299,kartika.lesmana.2299@example.invalid,Corporate Guarantee,14-Nov-2025,Ya,Aktif
PAT-MOCK-0002300,EMR-MOCK-0002300,MOCK-7426-19610702-2300,Bima Setiawan,Laki-laki,1961-07-02 00:00:00,O,Belum Menikah,"Jl. Cendana No. 97, Panakkukang",Makassar,Sulawesi Selatan,+62 863-6877-2300,bima.pratama.2300@example.invalid,Asuransi Swasta,01-Jun-2020,Ya,Aktif
PAT-MOCK-0002301,EMR-MOCK-0002301,MOCK-9450-19780204-2301,Rizky Simanjuntak,Laki-laki,1978-02-04 00:00:00,O,Menikah,"Jl. Flamboyan No. 78, Bekasi Selatan",Bekasi,Jawa Barat,+62 873-7840-2301,rizky.saputra.2301@example.invalid,Asuransi Perusahaan,21-Jul-2019,Ya,Aktif
PAT-MOCK-0002302,EMR-MOCK-0002302,MOCK-9427-19550521-2302,Rangga Maulana,Laki-laki,1955-05-21 00:00:00,B,Menikah,"Jl. Dahlia No. 168, Beji",Depok,Jawa Barat,+62 839-8037-2302,rangga.wijaya.2302@example.invalid,Corporate Guarantee,26-Nov-2018,Ya,Aktif
PAT-MOCK-0002303,EMR-MOCK-0002303,MOCK-3452-19631126-2303,Aisyah Nugraha,Perempuan,1963-11-26 00:00:00,O,Menikah,"Jl. Melati No. 128, Wonokromo",Surabaya,Jawa Timur,+62 891-7080-2303,aisyah.santoso.2303@example.invalid,Corporate Guarantee,27-Feb-2018,Ya,Aktif
PAT-MOCK-0002304,EMR-MOCK-0002304,MOCK-7314-19950416-2304,Anindya Halim,Perempuan,1995-04-16 00:00:00,A,Menikah,"Jl. Flamboyan No. 136, Duren Sawit",Jakarta Timur,DKI Jakarta,+62 812-2998-2304,anindya.hidayat.2304@example.invalid,BPJS Kesehatan,21-Mar-2025,Ya,Aktif
PAT-MOCK-0002305,EMR-MOCK-0002305,MOCK-7568-19480418-2305,Danu Saputra,Laki-laki,1948-04-18 00:00:00,B,Cerai Mati,"Jl. Flamboyan No. 170, Wonokromo",Surabaya,Jawa Timur,+62 833-3070-2305,danu.nugraha.2305@example.invalid,Pribadi,27-Dec-2022,Ya,Aktif
PAT-MOCK-0002306,EMR-MOCK-0002306,MOCK-7382-19570713-2306,Intan Hidayat,Perempuan,1957-07-13 00:00:00,A,Cerai Hidup,"Jl. Rajawali No. 28, Coblong",Bandung,Jawa Barat,+62 872-6128-2306,intan.kusuma.2306@example.invalid,Asuransi Perusahaan,09-Aug-2022,Ya,Aktif
PAT-MOCK-0002307,EMR-MOCK-0002307,MOCK-9264-19881223-2307,Joko Nasution,Laki-laki,1988-12-23 00:00:00,O,Cerai Hidup,"Jl. Cendana No. 128, Serpong",Tangerang Selatan,Banten,+62 822-2491-2307,joko.setiawan.2307@example.invalid,Pribadi,18-May-2018,Ya,Aktif
PAT-MOCK-0002308,EMR-MOCK-0002308,MOCK-4829-19950222-2308,Fajar Kusuma,Laki-laki,1995-02-22 00:00:00,O,Cerai Hidup,"Jl. Kenanga No. 23, Duren Sawit",Jakarta Timur,DKI Jakarta,+62 897-4310-2308,fajar.permana.2308@example.invalid,Pribadi,14-Jun-2020,Ya,Aktif
PAT-MOCK-0002309,EMR-MOCK-0002309,MOCK-6488-20240108-2309,Yoga Wijaya,Laki-laki,2024-01-08 00:00:00,O,Cerai Hidup,"Jl. Cendana No. 114, Denpasar Selatan",Denpasar,Bali,+62 867-2633-2309,yoga.ramadhan.2309@example.invalid,BPJS Kesehatan,09-Jan-2024,Ya,Aktif
PAT-MOCK-0002310,EMR-MOCK-0002310,MOCK-5073-19660717-2310,Rizky Purnama,Laki-laki,1966-07-17 00:00:00,B,Menikah,"Jl. Mawar No. 62, Panakkukang",Makassar,Sulawesi Selatan,+62 866-7744-2310,rizky.maulana.2310@example.invalid,BPJS Kesehatan,04-Feb-2022,Ya,Aktif
PAT-MOCK-0002311,EMR-MOCK-0002311,MOCK-5917-20190416-2311,Arya Kusuma,Laki-laki,2019-04-16 00:00:00,A,Belum Menikah,"Jl. Anggrek No. 99, Wonokromo",Surabaya,Jawa Timur,+62 896-4880-2311,arya.utama.2311@example.invalid,Pribadi,17-Apr-2019,Ya,Aktif
PAT-MOCK-0002312,EMR-MOCK-0002312,MOCK-1126-19490820-2312,Hendra Purnama,Laki-laki,1949-08-20 00:00:00,O,Cerai Hidup,"Jl. Cendana No. 92, Karawaci",Tangerang,Banten,+62 843-9465-2312,hendra.purnama.2312@example.invalid,Pribadi,14-Jul-2021,Ya,Aktif
PAT-MOCK-0002313,EMR-MOCK-0002313,MOCK-5115-19911124-2313,Putri Purnama,Perempuan,1991-11-24 00:00:00,A,Menikah,"Jl. Rajawali No. 177, Wonokromo",Surabaya,Jawa Timur,+62 816-8118-2313,putri.siregar.2313@example.invalid,Corporate Guarantee,08-Jan-2022,Tidak,Aktif
PAT-MOCK-0002314,EMR-MOCK-0002314,MOCK-1752-20130618-2314,Wulan Nugraha,Perempuan,2013-06-18 00:00:00,B,Menikah,"Jl. Rajawali No. 82, Panakkukang",Makassar,Sulawesi Selatan,+62 837-1074-2314,wulan.nasution.2314@example.invalid,Asuransi Swasta,01-Oct-2020,Ya,Aktif
PAT-MOCK-0002315,EMR-MOCK-0002315,MOCK-6465-20010523-2315,Fajar Siregar,Laki-laki,2001-05-23 00:00:00,O,Cerai Hidup,"Jl. Cemara No. 9, Kebon Jeruk",Jakarta Barat,DKI Jakarta,+62 812-5818-2315,fajar.simanjuntak.2315@example.invalid,Corporate Guarantee,22-Jul-2025,Tidak,Aktif
PAT-MOCK-0002316,EMR-MOCK-0002316,MOCK-4589-19780923-2316,Dimas Permana,Laki-laki,1978-09-23 00:00:00,O,Cerai Hidup,"Jl. Merpati No. 133, Coblong",Bandung,Jawa Barat,+62 886-7838-2316,dimas.halim.2316@example.invalid,Corporate Guarantee,08-Mar-2022,Tidak,Aktif
PAT-MOCK-0002317,EMR-MOCK-0002317,MOCK-3807-19900130-2317,Aisyah Nugraha,Perempuan,1990-01-30 00:00:00,A,Belum Menikah,"Jl. Cendana No. 41, Serpong",Tangerang Selatan,Banten,+62 850-1175-2317,aisyah.gunawan.2317@example.invalid,Pribadi,07-Feb-2024,Tidak,Aktif
PAT-MOCK-0002318,EMR-MOCK-0002318,MOCK-3721-20131223-2318,Dinda Santoso,Perempuan,2013-12-23 00:00:00,AB,Cerai Mati,"Jl. Merpati No. 149, Serpong",Tangerang Selatan,Banten,+62 839-4198-2318,dinda.hartono.2318@example.invalid,Pribadi,01-Jan-2023,Ya,Aktif
PAT-MOCK-0002319,EMR-MOCK-0002319,MOCK-6985-20221125-2319,Farhan Siregar,Laki-laki,2022-11-25 00:00:00,Belum diperiksa,Menikah,"Jl. Flamboyan No. 21, Karawaci",Tangerang,Banten,+62 845-7023-2319,farhan.lesmana.2319@example.invalid,Pribadi,26-Nov-2022,Ya,Aktif
PAT-MOCK-0002320,EMR-MOCK-0002320,MOCK-9485-20141128-2320,Rizky Nugraha,Laki-laki,2014-11-28 00:00:00,Belum diperiksa,Cerai Mati,"Jl. Rajawali No. 19, Ilir Barat I",Palembang,Sumatera Selatan,+62 851-8760-2320,rizky.pratama.2320@example.invalid,Pribadi,29-Jul-2018,Ya,Aktif
PAT-MOCK-0002321,EMR-MOCK-0002321,MOCK-2203-20090505-2321,Sari Hidayat,Perempuan,2009-05-05 00:00:00,B,Belum Menikah,"Jl. Anggrek No. 89, Kebon Jeruk",Jakarta Barat,DKI Jakarta,+62 830-1455-2321,sari.saputra.2321@example.invalid,Asuransi Perusahaan,09-Sep-2025,Ya,Aktif
PAT-MOCK-0002322,EMR-MOCK-0002322,MOCK-5593-19491010-2322,Irfan Halim,Laki-laki,1949-10-10 00:00:00,O,Belum Menikah,"Jl. Cemara No. 97, Beji",Depok,Jawa Barat,+62 859-5782-2322,irfan.wijaya.2322@example.invalid,Corporate Guarantee,09-Feb-2024,Ya,Aktif
PAT-MOCK-0002323,EMR-MOCK-0002323,MOCK-6165-20090608-2323,Sekar Pratama,Perempuan,2009-06-08 00:00:00,O,Cerai Hidup,"Jl. Rajawali No. 112, Bogor Tengah",Bogor,Jawa Barat,+62 858-9269-2323,sekar.santoso.2323@example.invalid,Asuransi Swasta,15-Apr-2019,Ya,Aktif
PAT-MOCK-0002324,EMR-MOCK-0002324,MOCK-6223-19930803-2324,Anindya Nasution,Perempuan,1993-08-03 00:00:00,B,Menikah,"Jl. Anggrek No. 48, Medan Baru",Medan,Sumatera Utara,+62 881-4342-2324,anindya.hidayat.2324@example.invalid,Asuransi Swasta,12-Jun-2019,Ya,Aktif
PAT-MOCK-0002325,EMR-MOCK-0002325,MOCK-7725-19740630-2325,Eko Halim,Laki-laki,1974-06-30 00:00:00,A,Menikah,"Jl. Mawar No. 170, Beji",Depok,Jawa Barat,+62 872-9357-2325,eko.nugraha.2325@example.invalid,Pribadi,20-Jun-2018,Ya,Aktif
PAT-MOCK-0002326,EMR-MOCK-0002326,MOCK-3443-19541128-2326,Bagas Hidayat,Laki-laki,1954-11-28 00:00:00,O,Belum Menikah,"Jl. Cemara No. 3, Serpong",Tangerang Selatan,Banten,+62 854-3688-2326,bagas.kusuma.2326@example.invalid,Asuransi Perusahaan,29-Jan-2024,Ya,Aktif
PAT-MOCK-0002327,EMR-MOCK-0002327,MOCK-5051-20130925-2327,Aisyah Hartono,Perempuan,2013-09-25 00:00:00,O,Cerai Hidup,"Jl. Cendana No. 141, Wonokromo",Surabaya,Jawa Timur,+62 825-3768-2327,aisyah.setiawan.2327@example.invalid,Asuransi Perusahaan,31-May-2018,Ya,Aktif
PAT-MOCK-0002328,EMR-MOCK-0002328,MOCK-5792-19510916-2328,Rangga Simanjuntak,Laki-laki,1951-09-16 00:00:00,B,Cerai Mati,"Jl. Cemara No. 158, Kebon Jeruk",Jakarta Barat,DKI Jakarta,+62 820-8241-2328,rangga.permana.2328@example.invalid,Pribadi,29-Dec-2019,Tidak,Aktif
PAT-MOCK-0002329,EMR-MOCK-0002329,MOCK-6020-19691112-2329,Intan Purnama,Perempuan,1969-11-12 00:00:00,O,Cerai Mati,"Jl. Cendana No. 62, Bekasi Selatan",Bekasi,Jawa Barat,+62 898-9235-2329,intan.ramadhan.2329@example.invalid,Corporate Guarantee,28-Jul-2021,Ya,Aktif
PAT-MOCK-0002330,EMR-MOCK-0002330,MOCK-5452-19470313-2330,Anindya Ramadhan,Perempuan,1947-03-13 00:00:00,AB,Belum Menikah,"Jl. Flamboyan No. 53, Denpasar Selatan",Denpasar,Bali,+62 882-1124-2330,anindya.maulana.2330@example.invalid,Asuransi Swasta,01-Nov-2023,Ya,Aktif
PAT-MOCK-0002331,EMR-MOCK-0002331,MOCK-5842-19860120-2331,Farhan Nasution,Laki-laki,1986-01-20 00:00:00,AB,Menikah,"Jl. Cemara No. 46, Duren Sawit",Jakarta Timur,DKI Jakarta,+62 840-5498-2331,farhan.utama.2331@example.invalid,Pribadi,25-Feb-2024,Ya,Aktif
PAT-MOCK-0002332,EMR-MOCK-0002332,MOCK-4669-19880617-2332,Aisyah Pratama,Perempuan,1988-06-17 00:00:00,O,Menikah,"Jl. Cendana No. 47, Banyumanik",Semarang,Jawa Tengah,+62 873-7398-2332,aisyah.purnama.2332@example.invalid,Asuransi Perusahaan,31-Jan-2020,Tidak,Aktif
PAT-MOCK-0002333,EMR-MOCK-0002333,MOCK-2036-20060106-2333,Fajar Setiawan,Laki-laki,2006-01-06 00:00:00,O,Cerai Mati,"Jl. Rajawali No. 126, Coblong",Bandung,Jawa Barat,+62 873-2529-2333,fajar.siregar.2333@example.invalid,Corporate Guarantee,02-Jun-2018,Tidak,Tidak Aktif
PAT-MOCK-0002334,EMR-MOCK-0002334,MOCK-3736-20111008-2334,Wulan Hidayat,Perempuan,2011-10-08 00:00:00,A,Menikah,"Jl. Dahlia No. 22, Bekasi Selatan",Bekasi,Jawa Barat,+62 855-5342-2334,wulan.nasution.2334@example.invalid,Pribadi,01-Sep-2019,Ya,Aktif
PAT-MOCK-0002335,EMR-MOCK-0002335,MOCK-3558-19790829-2335,Ahmad Gunawan,Laki-laki,1979-08-29 00:00:00,O,Cerai Mati,"Jl. Rajawali No. 132, Duren Sawit",Jakarta Timur,DKI Jakarta,+62 828-8569-2335,ahmad.simanjuntak.2335@example.invalid,Asuransi Perusahaan,15-Aug-2023,Ya,Aktif
PAT-MOCK-0002336,EMR-MOCK-0002336,MOCK-9981-20151212-2336,Yoga Santoso,Laki-laki,2015-12-12 00:00:00,A,Belum Menikah,"Jl. Anggrek No. 34, Banyumanik",Semarang,Jawa Tengah,+62 889-1792-2336,yoga.halim.2336@example.invalid,BPJS Kesehatan,23-May-2026,Tidak,Aktif
PAT-MOCK-0002337,EMR-MOCK-0002337,MOCK-2691-20151029-2337,Wulan Maulana,Perempuan,2015-10-29 00:00:00,O,Belum Menikah,"Jl. Mawar No. 16, Wonokromo",Surabaya,Jawa Timur,+62 839-2452-2337,wulan.gunawan.2337@example.invalid,Asuransi Perusahaan,06-Feb-2018,Ya,Aktif
PAT-MOCK-0002338,EMR-MOCK-0002338,MOCK-8959-19930901-2338,Dimas Maulana,Laki-laki,1993-09-01 00:00:00,O,Menikah,"Jl. Kenanga No. 74, Serpong",Tangerang Selatan,Banten,+62 810-6542-2338,dimas.hartono.2338@example.invalid,Asuransi Perusahaan,09-May-2025,Ya,Aktif
PAT-MOCK-0002339,EMR-MOCK-0002339,MOCK-9763-19640208-2339,Wulan Santoso,Perempuan,1964-02-08 00:00:00,O,Cerai Hidup,"Jl. Rajawali No. 141, Wonokromo",Surabaya,Jawa Timur,+62 896-3192-2339,wulan.lesmana.2339@example.invalid,Asuransi Perusahaan,09-Apr-2018,Tidak,Aktif
PAT-MOCK-0002340,EMR-MOCK-0002340,MOCK-1617-19520116-2340,Bagas Permana,Laki-laki,1952-01-16 00:00:00,B,Cerai Mati,"Jl. Cemara No. 31, Bekasi Selatan",Bekasi,Jawa Barat,+62 880-3021-2340,bagas.pratama.2340@example.invalid,Asuransi Perusahaan,06-Jun-2024,Ya,Aktif
PAT-MOCK-0002341,EMR-MOCK-0002341,MOCK-2266-19880313-2341,Farhan Hidayat,Laki-laki,1988-03-13 00:00:00,B,Belum Menikah,"Jl. Dahlia No. 115, Serpong",Tangerang Selatan,Banten,+62 812-2803-2341,farhan.saputra.2341@example.invalid,Corporate Guarantee,10-Mar-2019,Ya,Aktif
PAT-MOCK-0002342,EMR-MOCK-0002342,MOCK-9482-20141110-2342,Dinda Utama,Perempuan,2014-11-10 00:00:00,A,Cerai Hidup,"Jl. Melati No. 20, Coblong",Bandung,Jawa Barat,+62 890-1530-2342,dinda.wijaya.2342@example.invalid,Asuransi Swasta,16-Feb-2019,Tidak,Aktif
PAT-MOCK-0002343,EMR-MOCK-0002343,MOCK-6861-20230506-2343,Aditya Purnama,Laki-laki,2023-05-06 00:00:00,A,Menikah,"Jl. Anggrek No. 59, Panakkukang",Makassar,Sulawesi Selatan,+62 821-7943-2343,aditya.santoso.2343@example.invalid,Corporate Guarantee,18-Nov-2025,Ya,Aktif
PAT-MOCK-0002344,EMR-MOCK-0002344,MOCK-9796-19780907-2344,Putri Nugraha,Perempuan,1978-09-07 00:00:00,O,Belum Menikah,"Jl. Merpati No. 17, Panakkukang",Makassar,Sulawesi Selatan,+62 813-3684-2344,putri.hidayat.2344@example.invalid,Pribadi,21-Sep-2021,Ya,Aktif
PAT-MOCK-0002345,EMR-MOCK-0002345,MOCK-1392-20180119-2345,Amelia Nugraha,Perempuan,2018-01-19 00:00:00,O,Belum Menikah,"Jl. Cemara No. 148, Banyumanik",Semarang,Jawa Tengah,+62 830-7655-2345,amelia.nugraha.2345@example.invalid,Asuransi Swasta,30-Jun-2018,Ya,Aktif
PAT-MOCK-0002346,EMR-MOCK-0002346,MOCK-8804-19751230-2346,Rani Kusuma,Perempuan,1975-12-30 00:00:00,AB,Cerai Hidup,"Jl. Rajawali No. 134, Kebon Jeruk",Jakarta Barat,DKI Jakarta,+62 825-6822-2346,rani.kusuma.2346@example.invalid,Asuransi Swasta,22-Oct-2025,Ya,Aktif
PAT-MOCK-0002347,EMR-MOCK-0002347,MOCK-5057-19990122-2347,Bagas Wijaya,Laki-laki,1999-01-22 00:00:00,A,Menikah,"Jl. Anggrek No. 155, Denpasar Selatan",Denpasar,Bali,+62 827-2650-2347,bagas.setiawan.2347@example.invalid,Corporate Guarantee,25-Jul-2022,Tidak,Aktif
PAT-MOCK-0002348,EMR-MOCK-0002348,MOCK-8286-20210825-2348,Danu Utama,Laki-laki,2021-08-25 00:00:00,B,Belum Menikah,"Jl. Kenanga No. 170, Denpasar Selatan",Denpasar,Bali,+62 815-2795-2348,danu.permana.2348@example.invalid,Asuransi Swasta,26-Aug-2021,Ya,Aktif
PAT-MOCK-0002349,EMR-MOCK-0002349,MOCK-3274-20221128-2349,Aisyah Gunawan,Perempuan,2022-11-28 00:00:00,A,Belum Menikah,"Jl. Flamboyan No. 119, Serpong",Tangerang Selatan,Banten,+62 874-4485-2349,aisyah.ramadhan.2349@example.invalid,Corporate Guarantee,27-Jan-2026,Ya,Aktif
PAT-MOCK-0002350,EMR-MOCK-0002350,MOCK-4164-19580322-2350,Nadia Lesmana,Perempuan,1958-03-22 00:00:00,B,Cerai Hidup,"Jl. Cemara No. 83, Panakkukang",Makassar,Sulawesi Selatan,+62 872-7965-2350,nadia.maulana.2350@example.invalid,Pribadi,22-May-2024,Ya,Aktif
PAT-MOCK-0002351,EMR-MOCK-0002351,MOCK-8992-20150215-2351,Nabila Siregar,Perempuan,2015-02-15 00:00:00,O,Cerai Mati,"Jl. Merpati No. 177, Kebayoran Baru",Jakarta Selatan,DKI Jakarta,+62 873-1864-2351,nabila.utama.2351@example.invalid,Asuransi Swasta,30-May-2021,Ya,Aktif
PAT-MOCK-0002352,EMR-MOCK-0002352,MOCK-7122-19560103-2352,Galang Simanjuntak,Laki-laki,1956-01-03 00:00:00,A,Cerai Hidup,"Jl. Melati No. 45, Kebon Jeruk",Jakarta Barat,DKI Jakarta,+62 854-3632-2352,galang.purnama.2352@example.invalid,Corporate Guarantee,18-May-2023,Tidak,Aktif
PAT-MOCK-0002353,EMR-MOCK-0002353,MOCK-5601-19550608-2353,Tiara Permana,Perempuan,1955-06-08 00:00:00,B,Cerai Hidup,"Jl. Kenanga No. 2, Serpong",Tangerang Selatan,Banten,+62 826-4879-2353,tiara.siregar.2353@example.invalid,Corporate Guarantee,16-Sep-2023,Ya,Aktif
PAT-MOCK-0002354,EMR-MOCK-0002354,MOCK-6705-19870719-2354,Aulia Ramadhan,Perempuan,1987-07-19 00:00:00,O,Menikah,"Jl. Rajawali No. 50, Wonokromo",Surabaya,Jawa Timur,+62 862-6949-2354,aulia.nasution.2354@example.invalid,BPJS Kesehatan,07-Nov-2019,Ya,Aktif
PAT-MOCK-0002355,EMR-MOCK-0002355,MOCK-5345-19960906-2355,Arya Saputra,Laki-laki,1996-09-06 00:00:00,B,Belum Menikah,"Jl. Rajawali No. 133, Ilir Barat I",Palembang,Sumatera Selatan,+62 879-1590-2355,arya.simanjuntak.2355@example.invalid,Asuransi Swasta,19-Oct-2019,Ya,Aktif
PAT-MOCK-0002356,EMR-MOCK-0002356,MOCK-8054-19920313-2356,Rani Siregar,Perempuan,1992-03-13 00:00:00,O,Cerai Mati,"Jl. Melati No. 45, Bogor Tengah",Bogor,Jawa Barat,+62 835-1502-2356,rani.halim.2356@example.invalid,Corporate Guarantee,21-Nov-2020,Ya,Aktif
PAT-MOCK-0002357,EMR-MOCK-0002357,MOCK-4162-20160304-2357,Putri Purnama,Perempuan,2016-03-04 00:00:00,A,Cerai Hidup,"Jl. Cemara No. 86, Karawaci",Tangerang,Banten,+62 883-1781-2357,putri.gunawan.2357@example.invalid,Asuransi Perusahaan,29-Dec-2021,Tidak,Aktif
PAT-MOCK-0002358,EMR-MOCK-0002358,MOCK-7807-20080109-2358,Wulan Hartono,Perempuan,2008-01-09 00:00:00,O,Cerai Hidup,"Jl. Flamboyan No. 151, Medan Baru",Medan,Sumatera Utara,+62 875-4530-2358,wulan.hartono.2358@example.invalid,Asuransi Swasta,19-Oct-2025,Ya,Aktif
PAT-MOCK-0002359,EMR-MOCK-0002359,MOCK-9860-19660930-2359,Putri Hartono,Perempuan,1966-09-30 00:00:00,O,Cerai Mati,"Jl. Cendana No. 77, Beji",Depok,Jawa Barat,+62 890-2967-2359,putri.lesmana.2359@example.invalid,Asuransi Perusahaan,25-Feb-2020,Ya,Aktif
PAT-MOCK-0002360,EMR-MOCK-0002360,MOCK-2192-19760210-2360,Nadia Nasution,Perempuan,1976-02-10 00:00:00,AB,Cerai Mati,"Jl. Flamboyan No. 109, Coblong",Bandung,Jawa Barat,+62 895-1762-2360,nadia.pratama.2360@example.invalid,Pribadi,26-Jun-2024,Tidak,Aktif
PAT-MOCK-0002361,EMR-MOCK-0002361,MOCK-4331-20111221-2361,Rizky Maulana,Laki-laki,2011-12-21 00:00:00,AB,Belum Menikah,"Jl. Merpati No. 112, Kebon Jeruk",Jakarta Barat,DKI Jakarta,+62 857-9556-2361,rizky.saputra.2361@example.invalid,Pribadi,05-May-2020,Ya,Aktif
PAT-MOCK-0002362,EMR-MOCK-0002362,MOCK-1554-19720903-2362,Eko Siregar,Laki-laki,1972-09-03 00:00:00,B,Cerai Hidup,"Jl. Dahlia No. 40, Wonokromo",Surabaya,Jawa Timur,+62 830-2491-2362,eko.wijaya.2362@example.invalid,Pribadi,24-Apr-2023,Ya,Aktif
PAT-MOCK-0002363,EMR-MOCK-0002363,MOCK-4521-20220805-2363,Arif Nugraha,Laki-laki,2022-08-05 00:00:00,A,Cerai Mati,"Jl. Cendana No. 145, Medan Baru",Medan,Sumatera Utara,+62 850-6110-2363,arif.santoso.2363@example.invalid,Corporate Guarantee,03-Aug-2023,Ya,Tidak Aktif
PAT-MOCK-0002364,EMR-MOCK-0002364,MOCK-5638-19870730-2364,Hendra Gunawan,Laki-laki,1987-07-30 00:00:00,B,Cerai Hidup,"Jl. Kenanga No. 144, Serpong",Tangerang Selatan,Banten,+62 899-3037-2364,hendra.hidayat.2364@example.invalid,BPJS Kesehatan,25-Oct-2020,Ya,Aktif
PAT-MOCK-0002365,EMR-MOCK-0002365,MOCK-6833-19660308-2365,Irfan Hidayat,Laki-laki,1966-03-08 00:00:00,O,Cerai Mati,"Jl. Mawar No. 19, Kebon Jeruk",Jakarta Barat,DKI Jakarta,+62 860-3339-2365,irfan.nugraha.2365@example.invalid,Pribadi,07-Nov-2023,Tidak,Aktif
PAT-MOCK-0002366,EMR-MOCK-0002366,MOCK-5332-20030919-2366,Rani Wijaya,Perempuan,2003-09-19 00:00:00,O,Cerai Mati,"Jl. Merpati No. 72, Wonokromo",Surabaya,Jawa Timur,+62 811-8267-2366,rani.kusuma.2366@example.invalid,Corporate Guarantee,16-Aug-2018,Ya,Aktif
PAT-MOCK-0002367,EMR-MOCK-0002367,MOCK-5086-19920127-2367,Raka Nugraha,Laki-laki,1992-01-27 00:00:00,A,Menikah,"Jl. Melati No. 66, Medan Baru",Medan,Sumatera Utara,+62 818-7454-2367,raka.setiawan.2367@example.invalid,Pribadi,26-Feb-2024,Ya,Aktif
PAT-MOCK-0002368,EMR-MOCK-0002368,MOCK-1256-19780101-2368,Citra Maulana,Perempuan,1978-01-01 00:00:00,AB,Cerai Hidup,"Jl. Merpati No. 95, Beji",Depok,Jawa Barat,+62 849-5752-2368,citra.permana.2368@example.invalid,Corporate Guarantee,15-Nov-2025,Tidak,Aktif
PAT-MOCK-0002369,EMR-MOCK-0002369,MOCK-7303-20160503-2369,Irfan Simanjuntak,Laki-laki,2016-05-03 00:00:00,O,Belum Menikah,"Jl. Rajawali No. 39, Ilir Barat I",Palembang,Sumatera Selatan,+62 843-5052-2369,irfan.ramadhan.2369@example.invalid,BPJS Kesehatan,03-Aug-2020,Ya,Aktif
PAT-MOCK-0002370,EMR-MOCK-0002370,MOCK-1340-19840816-2370,Arya Wijaya,Laki-laki,1984-08-16 00:00:00,Belum diperiksa,Cerai Hidup,"Jl. Kenanga No. 47, Kebayoran Baru",Jakarta Selatan,DKI Jakarta,+62 862-1264-2370,arya.maulana.2370@example.invalid,Pribadi,11-Aug-2023,Ya,Aktif
PAT-MOCK-0002371,EMR-MOCK-0002371,MOCK-2806-19720412-2371,Yoga Santoso,Laki-laki,1972-04-12 00:00:00,O,Belum Menikah,"Jl. Melati No. 117, Serpong",Tangerang Selatan,Banten,+62 834-8640-2371,yoga.utama.2371@example.invalid,BPJS Kesehatan,14-Jun-2026,Ya,Aktif
PAT-MOCK-0002372,EMR-MOCK-0002372,MOCK-6199-19641217-2372,Aulia Permana,Perempuan,1964-12-17 00:00:00,O,Cerai Mati,"Jl. Cemara No. 128, Ilir Barat I",Palembang,Sumatera Selatan,+62 895-1071-2372,aulia.purnama.2372@example.invalid,Asuransi Perusahaan,25-Dec-2022,Ya,Aktif
PAT-MOCK-0002373,EMR-MOCK-0002373,MOCK-7019-20070920-2373,Dewi Setiawan,Perempuan,2007-09-20 00:00:00,O,Belum Menikah,"Jl. Dahlia No. 131, Banyumanik",Semarang,Jawa Tengah,+62 876-7926-2373,dewi.siregar.2373@example.invalid,Asuransi Perusahaan,01-Mar-2023,Ya,Aktif
PAT-MOCK-0002374,EMR-MOCK-0002374,MOCK-3774-19490318-2374,Intan Lesmana,Perempuan,1949-03-18 00:00:00,B,Menikah,"Jl. Merpati No. 99, Bogor Tengah",Bogor,Jawa Barat,+62 890-3333-2374,intan.nasution.2374@example.invalid,Asuransi Swasta,06-Jan-2019,Ya,Aktif
PAT-MOCK-0002375,EMR-MOCK-0002375,MOCK-1115-19621118-2375,Tiara Hidayat,Perempuan,1962-11-18 00:00:00,AB,Cerai Mati,"Jl. Rajawali No. 92, Serpong",Tangerang Selatan,Banten,+62 884-6179-2375,tiara.simanjuntak.2375@example.invalid,BPJS Kesehatan,29-Mar-2024,Ya,Aktif
PAT-MOCK-0002376,EMR-MOCK-0002376,MOCK-4255-19830623-2376,Wulan Nasution,Perempuan,1983-06-23 00:00:00,O,Menikah,"Jl. Cendana No. 31, Kebayoran Baru",Jakarta Selatan,DKI Jakarta,+62 849-4702-2376,wulan.halim.2376@example.invalid,Corporate Guarantee,13-May-2022,Ya,Aktif
PAT-MOCK-0002377,EMR-MOCK-0002377,MOCK-6174-20111204-2377,Aisyah Hidayat,Perempuan,2011-12-04 00:00:00,O,Cerai Mati,"Jl. Rajawali No. 126, Kebon Jeruk",Jakarta Barat,DKI Jakarta,+62 888-4761-2377,aisyah.gunawan.2377@example.invalid,Asuransi Swasta,07-Oct-2024,Ya,Aktif
PAT-MOCK-0002378,EMR-MOCK-0002378,MOCK-6063-20001027-2378,Arya Halim,Laki-laki,2000-10-27 00:00:00,AB,Cerai Hidup,"Jl. Dahlia No. 84, Panakkukang",Makassar,Sulawesi Selatan,+62 845-3797-2378,arya.hartono.2378@example.invalid,Asuransi Perusahaan,03-Jun-2021,Ya,Aktif
PAT-MOCK-0002379,EMR-MOCK-0002379,MOCK-9313-19700710-2379,Sekar Nugraha,Perempuan,1970-07-10 00:00:00,A,Cerai Mati,"Jl. Anggrek No. 103, Kebon Jeruk",Jakarta Barat,DKI Jakarta,+62 848-1689-2379,sekar.lesmana.2379@example.invalid,Asuransi Perusahaan,01-Oct-2018,Ya,Tidak Aktif
PAT-MOCK-0002380,EMR-MOCK-0002380,MOCK-8662-20180415-2380,Bima Utama,Laki-laki,2018-04-15 00:00:00,O,Menikah,"Jl. Cendana No. 87, Duren Sawit",Jakarta Timur,DKI Jakarta,+62 878-6203-2380,bima.pratama.2380@example.invalid,Asuransi Perusahaan,05-Jun-2025,Ya,Aktif
PAT-MOCK-0002381,EMR-MOCK-0002381,MOCK-9045-20021222-2381,Putri Wijaya,Perempuan,2002-12-22 00:00:00,A,Cerai Mati,"Jl. Dahlia No. 12, Coblong",Bandung,Jawa Barat,+62 854-9361-2381,putri.saputra.2381@example.invalid,Corporate Guarantee,21-Nov-2024,Ya,Aktif
PAT-MOCK-0002382,EMR-MOCK-0002382,MOCK-1836-19760111-2382,Dinda Kusuma,Perempuan,1976-01-11 00:00:00,B,Belum Menikah,"Jl. Merpati No. 21, Duren Sawit",Jakarta Timur,DKI Jakarta,+62 898-4361-2382,dinda.wijaya.2382@example.invalid,Asuransi Perusahaan,04-Nov-2018,Tidak,Aktif
PAT-MOCK-0002383,EMR-MOCK-0002383,MOCK-1600-19460224-2383,Bima Lesmana,Laki-laki,1946-02-24 00:00:00,O,Belum Menikah,"Jl. Flamboyan No. 179, Bogor Tengah",Bogor,Jawa Barat,+62 822-3280-2383,bima.santoso.2383@example.invalid,Corporate Guarantee,27-Nov-2020,Ya,Aktif
PAT-MOCK-0002384,EMR-MOCK-0002384,MOCK-2984-20031209-2384,Dinda Purnama,Perempuan,2003-12-09 00:00:00,A,Cerai Mati,"Jl. Melati No. 123, Kebayoran Baru",Jakarta Selatan,DKI Jakarta,+62 827-4179-2384,dinda.hidayat.2384@example.invalid,Asuransi Perusahaan,17-Jul-2026,Ya,Aktif
PAT-MOCK-0002385,EMR-MOCK-0002385,MOCK-7587-19900210-2385,Amelia Gunawan,Perempuan,1990-02-10 00:00:00,A,Menikah,"Jl. Melati No. 167, Medan Baru",Medan,Sumatera Utara,+62 875-1631-2385,amelia.nugraha.2385@example.invalid,Corporate Guarantee,21-Apr-2022,Tidak,Aktif
PAT-MOCK-0002386,EMR-MOCK-0002386,MOCK-4625-19500108-2386,Wulan Lesmana,Perempuan,1950-01-08 00:00:00,B,Belum Menikah,"Jl. Kenanga No. 130, Duren Sawit",Jakarta Timur,DKI Jakarta,+62 812-8332-2386,wulan.kusuma.2386@example.invalid,Pribadi,05-Mar-2019,Ya,Aktif
PAT-MOCK-0002387,EMR-MOCK-0002387,MOCK-4380-20120531-2387,Irfan Maulana,Laki-laki,2012-05-31 00:00:00,O,Menikah,"Jl. Merpati No. 115, Banyumanik",Semarang,Jawa Tengah,+62 874-2680-2387,irfan.setiawan.2387@example.invalid,Asuransi Swasta,30-Jan-2019,Tidak,Aktif
PAT-MOCK-0002388,EMR-MOCK-0002388,MOCK-3829-19881214-2388,Bima Maulana,Laki-laki,1988-12-14 00:00:00,AB,Belum Menikah,"Jl. Merpati No. 31, Bekasi Selatan",Bekasi,Jawa Barat,+62 858-1122-2388,bima.permana.2388@example.invalid,Asuransi Perusahaan,03-Jul-2026,Ya,Aktif
PAT-MOCK-0002389,EMR-MOCK-0002389,MOCK-3858-20191111-2389,Bagas Ramadhan,Laki-laki,2019-11-11 00:00:00,B,Belum Menikah,"Jl. Dahlia No. 115, Denpasar Selatan",Denpasar,Bali,+62 892-2063-2389,bagas.ramadhan.2389@example.invalid,Asuransi Perusahaan,02-Feb-2022,Ya,Aktif
PAT-MOCK-0002390,EMR-MOCK-0002390,MOCK-8787-19750117-2390,Bagas Halim,Laki-laki,1975-01-17 00:00:00,O,Menikah,"Jl. Flamboyan No. 34, Denpasar Selatan",Denpasar,Bali,+62 834-4536-2390,bagas.maulana.2390@example.invalid,Asuransi Swasta,29-Jul-2025,Ya,Aktif
PAT-MOCK-0002391,EMR-MOCK-0002391,MOCK-7075-20101108-2391,Aditya Utama,Laki-laki,2010-11-08 00:00:00,A,Cerai Hidup,"Jl. Dahlia No. 144, Coblong",Bandung,Jawa Barat,+62 824-8100-2391,aditya.utama.2391@example.invalid,Asuransi Perusahaan,25-Sep-2018,Ya,Aktif
PAT-MOCK-0002392,EMR-MOCK-0002392,MOCK-7411-20110731-2392,Sari Pratama,Perempuan,2011-07-31 00:00:00,O,Menikah,"Jl. Flamboyan No. 53, Serpong",Tangerang Selatan,Banten,+62 899-9010-2392,sari.purnama.2392@example.invalid,Pribadi,05-Jun-2022,Ya,Tidak Aktif
PAT-MOCK-0002393,EMR-MOCK-0002393,MOCK-3265-19510824-2393,Joko Nugraha,Laki-laki,1951-08-24 00:00:00,O,Cerai Hidup,"Jl. Cendana No. 122, Bogor Tengah",Bogor,Jawa Barat,+62 855-4824-2393,joko.siregar.2393@example.invalid,Corporate Guarantee,26-Jun-2022,Ya,Aktif
PAT-MOCK-0002394,EMR-MOCK-0002394,MOCK-6456-19681219-2394,Andi Siregar,Laki-laki,1968-12-19 00:00:00,O,Menikah,"Jl. Mawar No. 4, Banyumanik",Semarang,Jawa Tengah,+62 893-2277-2394,andi.nasution.2394@example.invalid,Pribadi,05-Jul-2026,Tidak,Aktif
PAT-MOCK-0002395,EMR-MOCK-0002395,MOCK-4178-20001012-2395,Intan Permana,Perempuan,2000-10-12 00:00:00,O,Menikah,"Jl. Cemara No. 180, Beji",Depok,Jawa Barat,+62 848-6916-2395,intan.simanjuntak.2395@example.invalid,Corporate Guarantee,09-Jan-2025,Ya,Aktif
PAT-MOCK-0002396,EMR-MOCK-0002396,MOCK-7803-19620212-2396,Andi Gunawan,Laki-laki,1962-02-12 00:00:00,B,Cerai Mati,"Jl. Cendana No. 72, Serpong",Tangerang Selatan,Banten,+62 886-8427-2396,andi.halim.2396@example.invalid,BPJS Kesehatan,22-Dec-2018,Ya,Aktif
PAT-MOCK-0002397,EMR-MOCK-0002397,MOCK-3218-19541210-2397,Lestari Simanjuntak,Perempuan,1954-12-10 00:00:00,B,Menikah,"Jl. Melati No. 153, Denpasar Selatan",Denpasar,Bali,+62 857-3967-2397,lestari.gunawan.2397@example.invalid,Asuransi Perusahaan,07-Jun-2023,Tidak,Aktif
PAT-MOCK-0002398,EMR-MOCK-0002398,MOCK-5444-19810908-2398,Kartika Hartono,Perempuan,1981-09-08 00:00:00,A,Cerai Hidup,"Jl. Kenanga No. 55, Beji",Depok,Jawa Barat,+62 889-6927-2398,kartika.hartono.2398@example.invalid,BPJS Kesehatan,27-Mar-2026,Ya,Aktif
PAT-MOCK-0002399,EMR-MOCK-0002399,MOCK-6286-19541008-2399,Joko Saputra,Laki-laki,1954-10-08 00:00:00,O,Menikah,"Jl. Mawar No. 172, Karawaci",Tangerang,Banten,+62 886-1704-2399,joko.lesmana.2399@example.invalid,BPJS Kesehatan,17-Mar-2026,Ya,Aktif
PAT-MOCK-0002400,EMR-MOCK-0002400,MOCK-2524-19850404-2400,Putri Simanjuntak,Perempuan,1985-04-04 00:00:00,O,Menikah,"Jl. Rajawali No. 35, Wonokromo",Surabaya,Jawa Timur,+62 890-9670-2400,putri.pratama.2400@example.invalid,Asuransi Perusahaan,19-May-2024,Ya,Aktif
PAT-MOCK-0002401,EMR-MOCK-0002401,MOCK-6002-19530106-2401,Galang Kusuma,Laki-laki,1953-01-06 00:00:00,A,Cerai Hidup,"Jl. Anggrek No. 66, Duren Sawit",Jakarta Timur,DKI Jakarta,+62 825-5773-2401,galang.saputra.2401@example.invalid,BPJS Kesehatan,22-Feb-2026,Ya,Aktif
PAT-MOCK-0002402,EMR-MOCK-0002402,MOCK-9255-20210717-2402,Putri Halim,Perempuan,2021-07-17 00:00:00,AB,Belum Menikah,"Jl. Merpati No. 26, Bogor Tengah",Bogor,Jawa Barat,+62 895-6030-2402,putri.wijaya.2402@example.invalid,BPJS Kesehatan,03-Jan-2023,Tidak,Aktif
PAT-MOCK-0002403,EMR-MOCK-0002403,MOCK-5720-19870118-2403,Rangga Purnama,Laki-laki,1987-01-18 00:00:00,B,Menikah,"Jl. Kenanga No. 5, Coblong",Bandung,Jawa Barat,+62 814-6035-2403,rangga.santoso.2403@example.invalid,Asuransi Perusahaan,14-Mar-2020,Ya,Aktif
PAT-MOCK-0002404,EMR-MOCK-0002404,MOCK-3366-19620422-2404,Irfan Kusuma,Laki-laki,1962-04-22 00:00:00,O,Belum Menikah,"Jl. Flamboyan No. 82, Duren Sawit",Jakarta Timur,DKI Jakarta,+62 831-2293-2404,irfan.hidayat.2404@example.invalid,Asuransi Perusahaan,22-Feb-2021,Ya,Aktif
PAT-MOCK-0002405,EMR-MOCK-0002405,MOCK-9306-19470815-2405,Fajar Saputra,Laki-laki,1947-08-15 00:00:00,O,Menikah,"Jl. Dahlia No. 121, Bogor Tengah",Bogor,Jawa Barat,+62 884-4359-2405,fajar.nugraha.2405@example.invalid,Pribadi,07-Jul-2019,Ya,Aktif
PAT-MOCK-0002406,EMR-MOCK-0002406,MOCK-7300-19640108-2406,Wulan Wijaya,Perempuan,1964-01-08 00:00:00,Belum diperiksa,Cerai Hidup,"Jl. Cemara No. 142, Kebayoran Baru",Jakarta Selatan,DKI Jakarta,+62 847-8608-2406,wulan.kusuma.2406@example.invalid,Asuransi Perusahaan,02-Sep-2018,Ya,Aktif
PAT-MOCK-0002407,EMR-MOCK-0002407,MOCK-7925-20091228-2407,Joko Siregar,Laki-laki,2009-12-28 00:00:00,B,Cerai Mati,"Jl. Anggrek No. 114, Serpong",Tangerang Selatan,Banten,+62 893-7015-2407,joko.setiawan.2407@example.invalid,Pribadi,26-Jun-2026,Ya,Aktif
PAT-MOCK-0002408,EMR-MOCK-0002408,MOCK-5739-19780620-2408,Dewi Nugraha,Perempuan,1978-06-20 00:00:00,O,Cerai Mati,"Jl. Flamboyan No. 10, Duren Sawit",Jakarta Timur,DKI Jakarta,+62 852-4042-2408,dewi.permana.2408@example.invalid,BPJS Kesehatan,15-Dec-2019,Tidak,Aktif
PAT-MOCK-0002409,EMR-MOCK-0002409,MOCK-8624-19901208-2409,Rani Permana,Perempuan,1990-12-08 00:00:00,O,Cerai Hidup,"Jl. Kenanga No. 13, Bekasi Selatan",Bekasi,Jawa Barat,+62 862-2330-2409,rani.ramadhan.2409@example.invalid,Asuransi Swasta,02-Aug-2022,Ya,Aktif
PAT-MOCK-0002410,EMR-MOCK-0002410,MOCK-7015-19820322-2410,Rizky Maulana,Laki-laki,1982-03-22 00:00:00,B,Belum Menikah,"Jl. Dahlia No. 37, Medan Baru",Medan,Sumatera Utara,+62 817-1984-2410,rizky.maulana.2410@example.invalid,Corporate Guarantee,05-Jun-2026,Ya,Aktif
PAT-MOCK-0002411,EMR-MOCK-0002411,MOCK-6295-19890310-2411,Maya Kusuma,Perempuan,1989-03-10 00:00:00,O,Cerai Mati,"Jl. Dahlia No. 47, Serpong",Tangerang Selatan,Banten,+62 841-5895-2411,maya.utama.2411@example.invalid,Pribadi,05-Mar-2021,Ya,Aktif
PAT-MOCK-0002412,EMR-MOCK-0002412,MOCK-1239-19540904-2412,Rangga Ramadhan,Laki-laki,1954-09-04 00:00:00,A,Belum Menikah,"Jl. Cendana No. 2, Wonokromo",Surabaya,Jawa Timur,+62 894-4172-2412,rangga.purnama.2412@example.invalid,Pribadi,01-Jun-2021,Ya,Aktif
PAT-MOCK-0002413,EMR-MOCK-0002413,MOCK-4338-19800615-2413,Bagas Maulana,Laki-laki,1980-06-15 00:00:00,O,Belum Menikah,"Jl. Kenanga No. 114, Medan Baru",Medan,Sumatera Utara,+62 884-2151-2413,bagas.siregar.2413@example.invalid,Corporate Guarantee,24-Sep-2019,Ya,Aktif
PAT-MOCK-0002414,EMR-MOCK-0002414,MOCK-9310-20080208-2414,Fajar Wijaya,Laki-laki,2008-02-08 00:00:00,AB,Cerai Mati,"Jl. Anggrek No. 135, Serpong",Tangerang Selatan,Banten,+62 861-1564-2414,fajar.nasution.2414@example.invalid,Pribadi,13-Jul-2022,Ya,Aktif
PAT-MOCK-0002415,EMR-MOCK-0002415,MOCK-7939-19490430-2415,Aditya Maulana,Laki-laki,1949-04-30 00:00:00,B,Cerai Mati,"Jl. Flamboyan No. 89, Kebon Jeruk",Jakarta Barat,DKI Jakarta,+62 879-3769-2415,aditya.simanjuntak.2415@example.invalid,Asuransi Perusahaan,02-Jun-2026,Ya,Tidak Aktif
PAT-MOCK-0002416,EMR-MOCK-0002416,MOCK-9112-19720422-2416,Tiara Hidayat,Perempuan,1972-04-22 00:00:00,B,Menikah,"Jl. Melati No. 69, Denpasar Selatan",Denpasar,Bali,+62 897-4919-2416,tiara.halim.2416@example.invalid,Corporate Guarantee,04-Oct-2019,Ya,Aktif
PAT-MOCK-0002417,EMR-MOCK-0002417,MOCK-4094-20101106-2417,Maya Utama,Perempuan,2010-11-06 00:00:00,O,Cerai Hidup,"Jl. Dahlia No. 16, Denpasar Selatan",Denpasar,Bali,+62 816-6930-2417,maya.gunawan.2417@example.invalid,Corporate Guarantee,10-May-2020,Tidak,Aktif
PAT-MOCK-0002418,EMR-MOCK-0002418,MOCK-7843-20120202-2418,Ahmad Siregar,Laki-laki,2012-02-02 00:00:00,O,Cerai Mati,"Jl. Merpati No. 30, Kebayoran Baru",Jakarta Selatan,DKI Jakarta,+62 846-7408-2418,ahmad.hartono.2418@example.invalid,Asuransi Perusahaan,03-Dec-2024,Ya,Aktif
PAT-MOCK-0002419,EMR-MOCK-0002419,MOCK-7858-19880428-2419,Rani Setiawan,Perempuan,1988-04-28 00:00:00,B,Cerai Hidup,"Jl. Merpati No. 119, Panakkukang",Makassar,Sulawesi Selatan,+62 851-8997-2419,rani.lesmana.2419@example.invalid,Pribadi,15-Jan-2026,Ya,Aktif
PAT-MOCK-0002420,EMR-MOCK-0002420,MOCK-1602-20010626-2420,Sekar Simanjuntak,Perempuan,2001-06-26 00:00:00,O,Belum Menikah,"Jl. Melati No. 78, Denpasar Selatan",Denpasar,Bali,+62 822-5963-2420,sekar.pratama.2420@example.invalid,Pribadi,04-Jun-2018,Ya,Aktif
PAT-MOCK-0002421,EMR-MOCK-0002421,MOCK-7401-19451103-2421,Intan Pratama,Perempuan,1945-11-03 00:00:00,AB,Cerai Hidup,"Jl. Merpati No. 13, Serpong",Tangerang Selatan,Banten,+62 859-2422-2421,intan.saputra.2421@example.invalid,BPJS Kesehatan,25-Aug-2024,Ya,Aktif
PAT-MOCK-0002422,EMR-MOCK-0002422,MOCK-9995-19751113-2422,Nabila Purnama,Perempuan,1975-11-13 00:00:00,AB,Cerai Hidup,"Jl. Merpati No. 75, Duren Sawit",Jakarta Timur,DKI Jakarta,+62 816-6560-2422,nabila.wijaya.2422@example.invalid,Asuransi Swasta,07-May-2026,Ya,Aktif
PAT-MOCK-0002423,EMR-MOCK-0002423,MOCK-3157-19831113-2423,Sekar Siregar,Perempuan,1983-11-13 00:00:00,O,Belum Menikah,"Jl. Merpati No. 43, Kebayoran Baru",Jakarta Selatan,DKI Jakarta,+62 890-8429-2423,sekar.santoso.2423@example.invalid,BPJS Kesehatan,15-May-2022,Ya,Aktif
PAT-MOCK-0002424,EMR-MOCK-0002424,MOCK-4168-19580520-2424,Arya Siregar,Laki-laki,1958-05-20 00:00:00,O,Cerai Mati,"Jl. Cendana No. 136, Duren Sawit",Jakarta Timur,DKI Jakarta,+62 871-2976-2424,arya.hidayat.2424@example.invalid,Asuransi Perusahaan,06-Dec-2021,Ya,Aktif
PAT-MOCK-0002425,EMR-MOCK-0002425,MOCK-3074-19670104-2425,Raka Nugraha,Laki-laki,1967-01-04 00:00:00,A,Menikah,"Jl. Merpati No. 167, Medan Baru",Medan,Sumatera Utara,+62 859-4353-2425,raka.nugraha.2425@example.invalid,Asuransi Swasta,23-Jun-2023,Tidak,Aktif
PAT-MOCK-0002426,EMR-MOCK-0002426,MOCK-9316-19780727-2426,Anindya Siregar,Perempuan,1978-07-27 00:00:00,B,Belum Menikah,"Jl. Melati No. 3, Serpong",Tangerang Selatan,Banten,+62 813-8334-2426,anindya.kusuma.2426@example.invalid,Asuransi Perusahaan,07-Mar-2025,Ya,Aktif
PAT-MOCK-0002427,EMR-MOCK-0002427,MOCK-1699-19540907-2427,Rizky Purnama,Laki-laki,1954-09-07 00:00:00,B,Menikah,"Jl. Cendana No. 53, Beji",Depok,Jawa Barat,+62 863-9907-2427,rizky.setiawan.2427@example.invalid,Pribadi,25-May-2018,Ya,Aktif
PAT-MOCK-0002428,EMR-MOCK-0002428,MOCK-2102-19450719-2428,Farhan Gunawan,Laki-laki,1945-07-19 00:00:00,A,Belum Menikah,"Jl. Dahlia No. 143, Bekasi Selatan",Bekasi,Jawa Barat,+62 817-4509-2428,farhan.permana.2428@example.invalid,BPJS Kesehatan,30-Jun-2021,Tidak,Aktif
PAT-MOCK-0002429,EMR-MOCK-0002429,MOCK-2026-19660116-2429,Ahmad Nugraha,Laki-laki,1966-01-16 00:00:00,B,Cerai Mati,"Jl. Mawar No. 9, Bogor Tengah",Bogor,Jawa Barat,+62 839-9256-2429,ahmad.ramadhan.2429@example.invalid,Corporate Guarantee,26-Mar-2021,Ya,Aktif
PAT-MOCK-0002430,EMR-MOCK-0002430,MOCK-9374-19830122-2430,Danu Saputra,Laki-laki,1983-01-22 00:00:00,O,Cerai Mati,"Jl. Merpati No. 144, Kebayoran Baru",Jakarta Selatan,DKI Jakarta,+62 873-1144-2430,danu.maulana.2430@example.invalid,BPJS Kesehatan,15-Feb-2021,Ya,Aktif
PAT-MOCK-0002431,EMR-MOCK-0002431,MOCK-8264-20130627-2431,Nabila Lesmana,Perempuan,2013-06-27 00:00:00,O,Menikah,"Jl. Rajawali No. 166, Panakkukang",Makassar,Sulawesi Selatan,+62 872-7546-2431,nabila.utama.2431@example.invalid,Corporate Guarantee,27-Jan-2026,Ya,Aktif
PAT-MOCK-0002432,EMR-MOCK-0002432,MOCK-3256-19781102-2432,Wulan Hidayat,Perempuan,1978-11-02 00:00:00,Belum diperiksa,Cerai Hidup,"Jl. Flamboyan No. 64, Bekasi Selatan",Bekasi,Jawa Barat,+62 863-2778-2432,wulan.purnama.2432@example.invalid,BPJS Kesehatan,15-Sep-2021,Ya,Aktif
PAT-MOCK-0002433,EMR-MOCK-0002433,MOCK-5355-20050719-2433,Amelia Nasution,Perempuan,2005-07-19 00:00:00,O,Cerai Mati,"Jl. Dahlia No. 128, Denpasar Selatan",Denpasar,Bali,+62 838-9491-2433,amelia.siregar.2433@example.invalid,Asuransi Perusahaan,05-Nov-2023,Tidak,Aktif
PAT-MOCK-0002434,EMR-MOCK-0002434,MOCK-7209-19740221-2434,Raka Saputra,Laki-laki,1974-02-21 00:00:00,A,Belum Menikah,"Jl. Kenanga No. 32, Serpong",Tangerang Selatan,Banten,+62 849-4673-2434,raka.nasution.2434@example.invalid,Asuransi Swasta,29-Apr-2026,Tidak,Aktif
PAT-MOCK-0002435,EMR-MOCK-0002435,MOCK-4371-19521113-2435,Nadia Purnama,Perempuan,1952-11-13 00:00:00,A,Belum Menikah,"Jl. Merpati No. 142, Beji",Depok,Jawa Barat,+62 813-6055-2435,nadia.simanjuntak.2435@example.invalid,Pribadi,10-Jan-2018,Ya,Aktif
PAT-MOCK-0002436,EMR-MOCK-0002436,MOCK-5053-19690308-2436,Hendra Halim,Laki-laki,1969-03-08 00:00:00,O,Menikah,"Jl. Melati No. 87, Karawaci",Tangerang,Banten,+62 815-2508-2436,hendra.halim.2436@example.invalid,Pribadi,03-Jun-2026,Tidak,Aktif
PAT-MOCK-0002437,EMR-MOCK-0002437,MOCK-2187-19801208-2437,Rangga Maulana,Laki-laki,1980-12-08 00:00:00,O,Belum Menikah,"Jl. Cemara No. 82, Banyumanik",Semarang,Jawa Tengah,+62 810-7644-2437,rangga.gunawan.2437@example.invalid,Pribadi,08-Jan-2024,Ya,Aktif
PAT-MOCK-0002438,EMR-MOCK-0002438,MOCK-9961-19730903-2438,Anindya Nugraha,Perempuan,1973-09-03 00:00:00,A,Cerai Mati,"Jl. Rajawali No. 118, Panakkukang",Makassar,Sulawesi Selatan,+62 865-8798-2438,anindya.hartono.2438@example.invalid,Pribadi,19-Nov-2022,Tidak,Aktif
PAT-MOCK-0002439,EMR-MOCK-0002439,MOCK-7075-19831122-2439,Farhan Utama,Laki-laki,1983-11-22 00:00:00,AB,Cerai Mati,"Jl. Anggrek No. 149, Banyumanik",Semarang,Jawa Tengah,+62 820-1236-2439,farhan.lesmana.2439@example.invalid,BPJS Kesehatan,12-May-2022,Ya,Aktif
PAT-MOCK-0002440,EMR-MOCK-0002440,MOCK-7246-20171018-2440,Aisyah Saputra,Perempuan,2017-10-18 00:00:00,A,Menikah,"Jl. Melati No. 144, Karawaci",Tangerang,Banten,+62 880-2688-2440,aisyah.pratama.2440@example.invalid,Corporate Guarantee,14-Jul-2024,Tidak,Aktif
PAT-MOCK-0002441,EMR-MOCK-0002441,MOCK-5296-19760317-2441,Fajar Nugraha,Laki-laki,1976-03-17 00:00:00,O,Menikah,"Jl. Cemara No. 71, Bekasi Selatan",Bekasi,Jawa Barat,+62 896-9881-2441,fajar.saputra.2441@example.invalid,Corporate Guarantee,20-Apr-2021,Ya,Aktif
PAT-MOCK-0002442,EMR-MOCK-0002442,MOCK-9370-19561210-2442,Nabila Purnama,Perempuan,1956-12-10 00:00:00,O,Cerai Hidup,"Jl. Flamboyan No. 21, Ilir Barat I",Palembang,Sumatera Selatan,+62 816-3508-2442,nabila.wijaya.2442@example.invalid,Pribadi,13-May-2024,Tidak,Aktif
PAT-MOCK-0002443,EMR-MOCK-0002443,MOCK-4340-19970822-2443,Amelia Utama,Perempuan,1997-08-22 00:00:00,O,Cerai Mati,"Jl. Rajawali No. 91, Beji",Depok,Jawa Barat,+62 835-3053-2443,amelia.santoso.2443@example.invalid,Asuransi Perusahaan,01-Jun-2018,Ya,Aktif
PAT-MOCK-0002444,EMR-MOCK-0002444,MOCK-8463-19650116-2444,Amelia Ramadhan,Perempuan,1965-01-16 00:00:00,Belum diperiksa,Belum Menikah,"Jl. Flamboyan No. 60, Duren Sawit",Jakarta Timur,DKI Jakarta,+62 873-3381-2444,amelia.hidayat.2444@example.invalid,Asuransi Perusahaan,07-Sep-2018,Ya,Aktif
PAT-MOCK-0002445,EMR-MOCK-0002445,MOCK-9916-19940215-2445,Amelia Nugraha,Perempuan,1994-02-15 00:00:00,A,Belum Menikah,"Jl. Kenanga No. 87, Duren Sawit",Jakarta Timur,DKI Jakarta,+62 887-1209-2445,amelia.nugraha.2445@example.invalid,Asuransi Perusahaan,29-Jan-2018,Ya,Aktif
PAT-MOCK-0002446,EMR-MOCK-0002446,MOCK-3457-19551216-2446,Anindya Halim,Perempuan,1955-12-16 00:00:00,B,Cerai Mati,"Jl. Cendana No. 156, Medan Baru",Medan,Sumatera Utara,+62 856-5066-2446,anindya.kusuma.2446@example.invalid,BPJS Kesehatan,04-May-2022,Ya,Aktif
PAT-MOCK-0002447,EMR-MOCK-0002447,MOCK-6280-19690725-2447,Wulan Santoso,Perempuan,1969-07-25 00:00:00,A,Cerai Mati,"Jl. Cendana No. 56, Banyumanik",Semarang,Jawa Tengah,+62 823-1614-2447,wulan.setiawan.2447@example.invalid,Corporate Guarantee,06-Dec-2025,Ya,Aktif
PAT-MOCK-0002448,EMR-MOCK-0002448,MOCK-5164-19821224-2448,Eko Siregar,Laki-laki,1982-12-24 00:00:00,B,Menikah,"Jl. Rajawali No. 23, Banyumanik",Semarang,Jawa Tengah,+62 814-8625-2448,eko.permana.2448@example.invalid,Corporate Guarantee,03-Dec-2023,Ya,Aktif
PAT-MOCK-0002449,EMR-MOCK-0002449,MOCK-2203-19630531-2449,Fajar Utama,Laki-laki,1963-05-31 00:00:00,O,Cerai Hidup,"Jl. Merpati No. 135, Ilir Barat I",Palembang,Sumatera Selatan,+62 846-9622-2449,fajar.ramadhan.2449@example.invalid,Asuransi Swasta,10-Nov-2019,Tidak,Aktif
PAT-MOCK-0002450,EMR-MOCK-0002450,MOCK-4892-20051223-2450,Amelia Simanjuntak,Perempuan,2005-12-23 00:00:00,O,Menikah,"Jl. Melati No. 22, Serpong",Tangerang Selatan,Banten,+62 897-8685-2450,amelia.maulana.2450@example.invalid,BPJS Kesehatan,18-May-2018,Tidak,Aktif
PAT-MOCK-0002451,EMR-MOCK-0002451,MOCK-7389-19860910-2451,Tiara Ramadhan,Perempuan,1986-09-10 00:00:00,B,Cerai Mati,"Jl. Merpati No. 2, Serpong",Tangerang Selatan,Banten,+62 848-3885-2451,tiara.utama.2451@example.invalid,Asuransi Perusahaan,23-Apr-2023,Ya,Aktif
PAT-MOCK-0002452,EMR-MOCK-0002452,MOCK-1789-19690222-2452,Kartika Utama,Perempuan,1969-02-22 00:00:00,O,Menikah,"Jl. Kenanga No. 120, Duren Sawit",Jakarta Timur,DKI Jakarta,+62 893-5984-2452,kartika.purnama.2452@example.invalid,BPJS Kesehatan,14-Mar-2022,Ya,Aktif
PAT-MOCK-0002453,EMR-MOCK-0002453,MOCK-8745-19511123-2453,Bima Wijaya,Laki-laki,1951-11-23 00:00:00,O,Cerai Hidup,"Jl. Kenanga No. 35, Ilir Barat I",Palembang,Sumatera Selatan,+62 862-7918-2453,bima.siregar.2453@example.invalid,Asuransi Swasta,29-Jan-2018,Ya,Tidak Aktif
PAT-MOCK-0002454,EMR-MOCK-0002454,MOCK-3125-19760319-2454,Arya Halim,Laki-laki,1976-03-19 00:00:00,A,Cerai Mati,"Jl. Kenanga No. 172, Panakkukang",Makassar,Sulawesi Selatan,+62 858-3724-2454,arya.nasution.2454@example.invalid,Corporate Guarantee,04-Jun-2026,Tidak,Aktif
PAT-MOCK-0002455,EMR-MOCK-0002455,MOCK-2226-20100626-2455,Ahmad Maulana,Laki-laki,2010-06-26 00:00:00,O,Menikah,"Jl. Dahlia No. 174, Banyumanik",Semarang,Jawa Tengah,+62 827-1231-2455,ahmad.simanjuntak.2455@example.invalid,Corporate Guarantee,01-Mar-2020,Ya,Aktif
PAT-MOCK-0002456,EMR-MOCK-0002456,MOCK-3358-19870403-2456,Putri Setiawan,Perempuan,1987-04-03 00:00:00,B,Cerai Mati,"Jl. Rajawali No. 111, Denpasar Selatan",Denpasar,Bali,+62 857-5122-2456,putri.halim.2456@example.invalid,Asuransi Perusahaan,08-Mar-2021,Ya,Aktif
PAT-MOCK-0002457,EMR-MOCK-0002457,MOCK-1450-19680729-2457,Fitri Hidayat,Perempuan,1968-07-29 00:00:00,O,Menikah,"Jl. Rajawali No. 47, Bekasi Selatan",Bekasi,Jawa Barat,+62 855-9638-2457,fitri.gunawan.2457@example.invalid,Corporate Guarantee,09-Jun-2024,Ya,Tidak Aktif
PAT-MOCK-0002458,EMR-MOCK-0002458,MOCK-6319-19810224-2458,Putri Lesmana,Perempuan,1981-02-24 00:00:00,O,Cerai Mati,"Jl. Mawar No. 22, Medan Baru",Medan,Sumatera Utara,+62 889-4028-2458,putri.hartono.2458@example.invalid,Asuransi Swasta,20-Jan-2025,Tidak,Aktif
PAT-MOCK-0002459,EMR-MOCK-0002459,MOCK-8369-19470526-2459,Hendra Kusuma,Laki-laki,1947-05-26 00:00:00,O,Menikah,"Jl. Flamboyan No. 172, Kebayoran Baru",Jakarta Selatan,DKI Jakarta,+62 840-4925-2459,hendra.lesmana.2459@example.invalid,Pribadi,24-Dec-2020,Ya,Aktif
PAT-MOCK-0002460,EMR-MOCK-0002460,MOCK-8249-19540314-2460,Nadia Purnama,Perempuan,1954-03-14 00:00:00,A,Menikah,"Jl. Cendana No. 91, Kebon Jeruk",Jakarta Barat,DKI Jakarta,+62 837-7209-2460,nadia.pratama.2460@example.invalid,Pribadi,14-Sep-2020,Ya,Aktif
PAT-MOCK-0002461,EMR-MOCK-0002461,MOCK-6141-19460612-2461,Galang Saputra,Laki-laki,1946-06-12 00:00:00,A,Menikah,"Jl. Melati No. 82, Kebon Jeruk",Jakarta Barat,DKI Jakarta,+62 832-7144-2461,galang.saputra.2461@example.invalid,Asuransi Perusahaan,22-Oct-2025,Tidak,Aktif
PAT-MOCK-0002462,EMR-MOCK-0002462,MOCK-7953-19880113-2462,Dinda Permana,Perempuan,1988-01-13 00:00:00,A,Cerai Mati,"Jl. Rajawali No. 58, Wonokromo",Surabaya,Jawa Timur,+62 848-8671-2462,dinda.wijaya.2462@example.invalid,Asuransi Perusahaan,10-Apr-2023,Ya,Aktif
PAT-MOCK-0002463,EMR-MOCK-0002463,MOCK-4985-19850515-2463,Galang Gunawan,Laki-laki,1985-05-15 00:00:00,O,Cerai Mati,"Jl. Merpati No. 135, Panakkukang",Makassar,Sulawesi Selatan,+62 838-8948-2463,galang.santoso.2463@example.invalid,Asuransi Swasta,16-Nov-2018,Ya,Aktif
PAT-MOCK-0002464,EMR-MOCK-0002464,MOCK-4370-19550804-2464,Andi Halim,Laki-laki,1955-08-04 00:00:00,A,Cerai Hidup,"Jl. Cendana No. 28, Karawaci",Tangerang,Banten,+62 844-2901-2464,andi.hidayat.2464@example.invalid,Pribadi,29-Dec-2018,Tidak,Tidak Aktif
PAT-MOCK-0002465,EMR-MOCK-0002465,MOCK-6250-20170521-2465,Hendra Ramadhan,Laki-laki,2017-05-21 00:00:00,A,Cerai Mati,"Jl. Flamboyan No. 176, Serpong",Tangerang Selatan,Banten,+62 853-3202-2465,hendra.nugraha.2465@example.invalid,Corporate Guarantee,20-Aug-2024,Ya,Tidak Aktif
PAT-MOCK-0002466,EMR-MOCK-0002466,MOCK-6251-20170208-2466,Joko Wijaya,Laki-laki,2017-02-08 00:00:00,A,Cerai Hidup,"Jl. Mawar No. 12, Kebon Jeruk",Jakarta Barat,DKI Jakarta,+62 852-5600-2466,joko.kusuma.2466@example.invalid,Corporate Guarantee,17-Oct-2020,Tidak,Aktif
PAT-MOCK-0002467,EMR-MOCK-0002467,MOCK-1827-19680712-2467,Yoga Permana,Laki-laki,1968-07-12 00:00:00,O,Cerai Mati,"Jl. Dahlia No. 157, Medan Baru",Medan,Sumatera Utara,+62 844-1147-2467,yoga.setiawan.2467@example.invalid,Asuransi Perusahaan,22-Dec-2019,Ya,Aktif
PAT-MOCK-0002468,EMR-MOCK-0002468,MOCK-5894-19740827-2468,Amelia Siregar,Perempuan,1974-08-27 00:00:00,AB,Cerai Mati,"Jl. Anggrek No. 48, Duren Sawit",Jakarta Timur,DKI Jakarta,+62 813-5786-2468,amelia.permana.2468@example.invalid,Pribadi,11-Feb-2025,Ya,Aktif
PAT-MOCK-0002469,EMR-MOCK-0002469,MOCK-4574-19851212-2469,Lestari Hartono,Perempuan,1985-12-12 00:00:00,B,Belum Menikah,"Jl. Melati No. 173, Kebayoran Baru",Jakarta Selatan,DKI Jakarta,+62 852-8065-2469,lestari.ramadhan.2469@example.invalid,Corporate Guarantee,18-Aug-2019,Ya,Aktif
PAT-MOCK-0002470,EMR-MOCK-0002470,MOCK-9828-19880104-2470,Joko Siregar,Laki-laki,1988-01-04 00:00:00,B,Cerai Mati,"Jl. Cemara No. 17, Wonokromo",Surabaya,Jawa Timur,+62 888-1040-2470,joko.maulana.2470@example.invalid,Pribadi,28-Sep-2023,Ya,Aktif
PAT-MOCK-0002471,EMR-MOCK-0002471,MOCK-7469-20071119-2471,Nadia Maulana,Perempuan,2007-11-19 00:00:00,O,Cerai Mati,"Jl. Merpati No. 100, Duren Sawit",Jakarta Timur,DKI Jakarta,+62 828-4959-2471,nadia.utama.2471@example.invalid,Pribadi,25-Oct-2022,Ya,Aktif
PAT-MOCK-0002472,EMR-MOCK-0002472,MOCK-7382-19580313-2472,Bima Hidayat,Laki-laki,1958-03-13 00:00:00,O,Belum Menikah,"Jl. Cemara No. 36, Coblong",Bandung,Jawa Barat,+62 811-8434-2472,bima.purnama.2472@example.invalid,Asuransi Swasta,13-Sep-2024,Ya,Aktif
PAT-MOCK-0002473,EMR-MOCK-0002473,MOCK-6400-20230828-2473,Citra Purnama,Perempuan,2023-08-28 00:00:00,B,Belum Menikah,"Jl. Mawar No. 179, Bekasi Selatan",Bekasi,Jawa Barat,+62 814-8415-2473,citra.siregar.2473@example.invalid,Asuransi Swasta,29-Aug-2023,Ya,Aktif
PAT-MOCK-0002474,EMR-MOCK-0002474,MOCK-1887-19771008-2474,Intan Halim,Perempuan,1977-10-08 00:00:00,O,Cerai Mati,"Jl. Flamboyan No. 20, Panakkukang",Makassar,Sulawesi Selatan,+62 897-7707-2474,intan.nasution.2474@example.invalid,BPJS Kesehatan,13-Jul-2023,Ya,Aktif
PAT-MOCK-0002475,EMR-MOCK-0002475,MOCK-6103-19911007-2475,Amelia Setiawan,Perempuan,1991-10-07 00:00:00,A,Belum Menikah,"Jl. Mawar No. 126, Medan Baru",Medan,Sumatera Utara,+62 857-3057-2475,amelia.simanjuntak.2475@example.invalid,Pribadi,02-Nov-2022,Tidak,Aktif
PAT-MOCK-0002476,EMR-MOCK-0002476,MOCK-6421-19920609-2476,Dimas Permana,Laki-laki,1992-06-09 00:00:00,O,Belum Menikah,"Jl. Cemara No. 114, Panakkukang",Makassar,Sulawesi Selatan,+62 813-8026-2476,dimas.halim.2476@example.invalid,BPJS Kesehatan,20-Nov-2022,Ya,Aktif
PAT-MOCK-0002477,EMR-MOCK-0002477,MOCK-6220-20190331-2477,Nadia Hartono,Perempuan,2019-03-31 00:00:00,Belum diperiksa,Cerai Hidup,"Jl. Anggrek No. 65, Bogor Tengah",Bogor,Jawa Barat,+62 883-6305-2477,nadia.gunawan.2477@example.invalid,Asuransi Perusahaan,15-Dec-2023,Ya,Aktif
PAT-MOCK-0002478,EMR-MOCK-0002478,MOCK-4757-19970405-2478,Andi Ramadhan,Laki-laki,1997-04-05 00:00:00,B,Cerai Hidup,"Jl. Rajawali No. 2, Kebon Jeruk",Jakarta Barat,DKI Jakarta,+62 895-5564-2478,andi.hartono.2478@example.invalid,Corporate Guarantee,09-Aug-2019,Tidak,Aktif
PAT-MOCK-0002479,EMR-MOCK-0002479,MOCK-9122-20081024-2479,Aditya Gunawan,Laki-laki,2008-10-24 00:00:00,B,Menikah,"Jl. Mawar No. 146, Kebon Jeruk",Jakarta Barat,DKI Jakarta,+62 816-8164-2479,aditya.lesmana.2479@example.invalid,BPJS Kesehatan,25-Jul-2020,Ya,Aktif
PAT-MOCK-0002480,EMR-MOCK-0002480,MOCK-5248-20171002-2480,Ahmad Pratama,Laki-laki,2017-10-02 00:00:00,A,Cerai Hidup,"Jl. Kenanga No. 15, Bekasi Selatan",Bekasi,Jawa Barat,+62 823-1719-2480,ahmad.pratama.2480@example.invalid,Pribadi,12-Jan-2024,Ya,Aktif
PAT-MOCK-0002481,EMR-MOCK-0002481,MOCK-7979-19831106-2481,Maya Hartono,Perempuan,1983-11-06 00:00:00,A,Cerai Mati,"Jl. Mawar No. 133, Medan Baru",Medan,Sumatera Utara,+62 859-9778-2481,maya.saputra.2481@example.invalid,Corporate Guarantee,10-Jun-2023,Ya,Aktif
PAT-MOCK-0002482,EMR-MOCK-0002482,MOCK-5987-19910808-2482,Arif Simanjuntak,Laki-laki,1991-08-08 00:00:00,A,Cerai Hidup,"Jl. Dahlia No. 107, Ilir Barat I",Palembang,Sumatera Selatan,+62 827-6640-2482,arif.wijaya.2482@example.invalid,BPJS Kesehatan,14-Mar-2019,Ya,Aktif
PAT-MOCK-0002483,EMR-MOCK-0002483,MOCK-5992-19621103-2483,Intan Wijaya,Perempuan,1962-11-03 00:00:00,O,Cerai Hidup,"Jl. Cemara No. 133, Ilir Barat I",Palembang,Sumatera Selatan,+62 861-5656-2483,intan.santoso.2483@example.invalid,Corporate Guarantee,10-Jul-2024,Ya,Aktif
PAT-MOCK-0002484,EMR-MOCK-0002484,MOCK-7230-19570311-2484,Aisyah Saputra,Perempuan,1957-03-11 00:00:00,B,Cerai Mati,"Jl. Cendana No. 96, Panakkukang",Makassar,Sulawesi Selatan,+62 875-7533-2484,aisyah.hidayat.2484@example.invalid,Asuransi Perusahaan,02-Jan-2022,Ya,Aktif
PAT-MOCK-0002485,EMR-MOCK-0002485,MOCK-2907-19500508-2485,Sekar Siregar,Perempuan,1950-05-08 00:00:00,B,Belum Menikah,"Jl. Kenanga No. 52, Serpong",Tangerang Selatan,Banten,+62 847-3297-2485,sekar.nugraha.2485@example.invalid,BPJS Kesehatan,29-Jun-2026,Ya,Aktif
PAT-MOCK-0002486,EMR-MOCK-0002486,MOCK-2556-20231102-2486,Nabila Hidayat,Perempuan,2023-11-02 00:00:00,B,Belum Menikah,"Jl. Merpati No. 4, Duren Sawit",Jakarta Timur,DKI Jakarta,+62 852-1567-2486,nabila.kusuma.2486@example.invalid,Corporate Guarantee,10-Aug-2025,Ya,Aktif
PAT-MOCK-0002487,EMR-MOCK-0002487,MOCK-4742-19520417-2487,Sari Gunawan,Perempuan,1952-04-17 00:00:00,A,Cerai Mati,"Jl. Cemara No. 138, Coblong",Bandung,Jawa Barat,+62 893-4011-2487,sari.setiawan.2487@example.invalid,Pribadi,01-Aug-2021,Ya,Aktif
PAT-MOCK-0002488,EMR-MOCK-0002488,MOCK-9709-20180621-2488,Irfan Permana,Laki-laki,2018-06-21 00:00:00,Belum diperiksa,Belum Menikah,"Jl. Anggrek No. 129, Coblong",Bandung,Jawa Barat,+62 828-4219-2488,irfan.permana.2488@example.invalid,Asuransi Perusahaan,23-Oct-2024,Tidak,Aktif
PAT-MOCK-0002489,EMR-MOCK-0002489,MOCK-4041-19910617-2489,Rani Kusuma,Perempuan,1991-06-17 00:00:00,A,Belum Menikah,"Jl. Rajawali No. 7, Ilir Barat I",Palembang,Sumatera Selatan,+62 818-2181-2489,rani.ramadhan.2489@example.invalid,Asuransi Swasta,09-May-2020,Ya,Aktif
PAT-MOCK-0002490,EMR-MOCK-0002490,MOCK-4067-20160521-2490,Amelia Saputra,Perempuan,2016-05-21 00:00:00,A,Cerai Mati,"Jl. Mawar No. 124, Denpasar Selatan",Denpasar,Bali,+62 820-2008-2490,amelia.maulana.2490@example.invalid,Pribadi,21-Apr-2022,Ya,Aktif
PAT-MOCK-0002491,EMR-MOCK-0002491,MOCK-1759-19481206-2491,Andi Hartono,Laki-laki,1948-12-06 00:00:00,O,Menikah,"Jl. Rajawali No. 38, Ilir Barat I",Palembang,Sumatera Selatan,+62 838-2199-2491,andi.utama.2491@example.invalid,Corporate Guarantee,17-Sep-2019,Tidak,Aktif
PAT-MOCK-0002492,EMR-MOCK-0002492,MOCK-7055-19960403-2492,Citra Hartono,Perempuan,1996-04-03 00:00:00,A,Cerai Hidup,"Jl. Melati No. 132, Karawaci",Tangerang,Banten,+62 871-6929-2492,citra.purnama.2492@example.invalid,Pribadi,03-Aug-2022,Ya,Aktif
PAT-MOCK-0002493,EMR-MOCK-0002493,MOCK-3185-20150102-2493,Dinda Ramadhan,Perempuan,2015-01-02 00:00:00,O,Cerai Hidup,"Jl. Flamboyan No. 60, Banyumanik",Semarang,Jawa Tengah,+62 865-9147-2493,dinda.siregar.2493@example.invalid,Pribadi,04-Apr-2019,Tidak,Aktif
PAT-MOCK-0002494,EMR-MOCK-0002494,MOCK-3219-19660923-2494,Anindya Hidayat,Perempuan,1966-09-23 00:00:00,O,Cerai Mati,"Jl. Anggrek No. 89, Beji",Depok,Jawa Barat,+62 826-8413-2494,anindya.nasution.2494@example.invalid,BPJS Kesehatan,19-Feb-2023,Ya,Aktif
PAT-MOCK-0002495,EMR-MOCK-0002495,MOCK-3070-20180224-2495,Aulia Lesmana,Perempuan,2018-02-24 00:00:00,B,Menikah,"Jl. Cemara No. 159, Beji",Depok,Jawa Barat,+62 872-3009-2495,aulia.simanjuntak.2495@example.invalid,BPJS Kesehatan,26-Sep-2020,Ya,Aktif
PAT-MOCK-0002496,EMR-MOCK-0002496,MOCK-3489-19831202-2496,Tiara Halim,Perempuan,1983-12-02 00:00:00,O,Cerai Mati,"Jl. Cemara No. 147, Beji",Depok,Jawa Barat,+62 893-4790-2496,tiara.halim.2496@example.invalid,Asuransi Swasta,19-May-2023,Ya,Aktif
PAT-MOCK-0002497,EMR-MOCK-0002497,MOCK-9638-19730915-2497,Dinda Siregar,Perempuan,1973-09-15 00:00:00,B,Cerai Hidup,"Jl. Flamboyan No. 150, Bogor Tengah",Bogor,Jawa Barat,+62 816-2674-2497,dinda.gunawan.2497@example.invalid,Corporate Guarantee,16-May-2023,Ya,Aktif
PAT-MOCK-0002498,EMR-MOCK-0002498,MOCK-1643-19761031-2498,Wulan Maulana,Perempuan,1976-10-31 00:00:00,O,Cerai Hidup,"Jl. Kenanga No. 10, Medan Baru",Medan,Sumatera Utara,+62 891-5167-2498,wulan.hartono.2498@example.invalid,Pribadi,14-Feb-2025,Ya,Aktif
PAT-MOCK-0002499,EMR-MOCK-0002499,MOCK-4304-20020814-2499,Eko Santoso,Laki-laki,2002-08-14 00:00:00,B,Cerai Hidup,"Jl. Cendana No. 75, Bogor Tengah",Bogor,Jawa Barat,+62 897-3220-2499,eko.lesmana.2499@example.invalid,Asuransi Perusahaan,24-Nov-2022,Tidak,Aktif
PAT-MOCK-0002500,EMR-MOCK-0002500,MOCK-2939-20170810-2500,Amelia Maulana,Perempuan,2017-08-10 00:00:00,A,Belum Menikah,"Jl. Cendana No. 113, Coblong",Bandung,Jawa Barat,+62 896-6197-2500,amelia.pratama.2500@example.invalid,Asuransi Swasta,16-Sep-2025,Ya,Aktif
PAT-MOCK-0002501,EMR-MOCK-0002501,MOCK-9574-19820407-2501,Fitri Maulana,Perempuan,1982-04-07 00:00:00,B,Belum Menikah,"Jl. Anggrek No. 169, Medan Baru",Medan,Sumatera Utara,+62 819-2680-2501,fitri.saputra.2501@example.invalid,Asuransi Swasta,27-May-2023,Ya,Aktif
PAT-MOCK-0002502,EMR-MOCK-0002502,MOCK-4560-19970218-2502,Lestari Saputra,Perempuan,1997-02-18 00:00:00,A,Cerai Mati,"Jl. Anggrek No. 73, Bekasi Selatan",Bekasi,Jawa Barat,+62 815-1649-2502,lestari.wijaya.2502@example.invalid,BPJS Kesehatan,19-Oct-2022,Ya,Aktif
PAT-MOCK-0002503,EMR-MOCK-0002503,MOCK-3831-19750212-2503,Andi Santoso,Laki-laki,1975-02-12 00:00:00,AB,Belum Menikah,"Jl. Cendana No. 154, Ilir Barat I",Palembang,Sumatera Selatan,+62 874-2933-2503,andi.santoso.2503@example.invalid,Pribadi,02-Sep-2024,Ya,Aktif
PAT-MOCK-0002504,EMR-MOCK-0002504,MOCK-8698-20121219-2504,Bima Gunawan,Laki-laki,2012-12-19 00:00:00,A,Cerai Hidup,"Jl. Kenanga No. 112, Panakkukang",Makassar,Sulawesi Selatan,+62 864-5943-2504,bima.hidayat.2504@example.invalid,Corporate Guarantee,15-Sep-2019,Ya,Aktif
PAT-MOCK-0002505,EMR-MOCK-0002505,MOCK-1570-19810604-2505,Dimas Setiawan,Laki-laki,1981-06-04 00:00:00,B,Belum Menikah,"Jl. Mawar No. 112, Bekasi Selatan",Bekasi,Jawa Barat,+62 851-9674-2505,dimas.nugraha.2505@example.invalid,BPJS Kesehatan,31-Dec-2018,Ya,Aktif
PAT-MOCK-0002506,EMR-MOCK-0002506,MOCK-8427-19680702-2506,Irfan Ramadhan,Laki-laki,1968-07-02 00:00:00,Belum diperiksa,Cerai Mati,"Jl. Mawar No. 22, Denpasar Selatan",Denpasar,Bali,+62 887-4787-2506,irfan.kusuma.2506@example.invalid,Asuransi Perusahaan,21-Feb-2024,Ya,Aktif
PAT-MOCK-0002507,EMR-MOCK-0002507,MOCK-7076-19950228-2507,Rani Hartono,Perempuan,1995-02-28 00:00:00,O,Menikah,"Jl. Rajawali No. 150, Medan Baru",Medan,Sumatera Utara,+62 873-7034-2507,rani.setiawan.2507@example.invalid,Pribadi,18-Feb-2020,Ya,Aktif
PAT-MOCK-0002508,EMR-MOCK-0002508,MOCK-3521-19580615-2508,Rizky Santoso,Laki-laki,1958-06-15 00:00:00,O,Cerai Mati,"Jl. Melati No. 15, Medan Baru",Medan,Sumatera Utara,+62 835-5564-2508,rizky.permana.2508@example.invalid,Pribadi,28-Jan-2023,Ya,Aktif
PAT-MOCK-0002509,EMR-MOCK-0002509,MOCK-6730-20020827-2509,Farhan Hidayat,Laki-laki,2002-08-27 00:00:00,AB,Belum Menikah,"Jl. Cendana No. 111, Beji",Depok,Jawa Barat,+62 870-2616-2509,farhan.ramadhan.2509@example.invalid,Asuransi Swasta,02-May-2023,Ya,Aktif
PAT-MOCK-0002510,EMR-MOCK-0002510,MOCK-7528-19531213-2510,Citra Setiawan,Perempuan,1953-12-13 00:00:00,O,Cerai Hidup,"Jl. Melati No. 168, Serpong",Tangerang Selatan,Banten,+62 892-9031-2510,citra.maulana.2510@example.invalid,Pribadi,06-Jun-2026,Ya,Aktif
PAT-MOCK-0002511,EMR-MOCK-0002511,MOCK-2200-20000711-2511,Lestari Saputra,Perempuan,2000-07-11 00:00:00,Belum diperiksa,Belum Menikah,"Jl. Kenanga No. 16, Medan Baru",Medan,Sumatera Utara,+62 844-5507-2511,lestari.utama.2511@example.invalid,BPJS Kesehatan,11-May-2021,Ya,Aktif
PAT-MOCK-0002512,EMR-MOCK-0002512,MOCK-3100-20240625-2512,Hendra Simanjuntak,Laki-laki,2024-06-25 00:00:00,O,Cerai Hidup,"Jl. Cendana No. 144, Serpong",Tangerang Selatan,Banten,+62 886-8638-2512,hendra.purnama.2512@example.invalid,Corporate Guarantee,19-Aug-2024,Tidak,Aktif
PAT-MOCK-0002513,EMR-MOCK-0002513,MOCK-1397-19560202-2513,Lestari Saputra,Perempuan,1956-02-02 00:00:00,A,Cerai Mati,"Jl. Flamboyan No. 124, Serpong",Tangerang Selatan,Banten,+62 828-4161-2513,lestari.siregar.2513@example.invalid,Asuransi Perusahaan,07-Mar-2022,Ya,Aktif
PAT-MOCK-0002514,EMR-MOCK-0002514,MOCK-2480-20120810-2514,Danu Saputra,Laki-laki,2012-08-10 00:00:00,A,Cerai Hidup,"Jl. Merpati No. 127, Panakkukang",Makassar,Sulawesi Selatan,+62 847-7319-2514,danu.nasution.2514@example.invalid,Asuransi Perusahaan,03-May-2022,Ya,Aktif
PAT-MOCK-0002515,EMR-MOCK-0002515,MOCK-4131-19750406-2515,Amelia Pratama,Perempuan,1975-04-06 00:00:00,O,Cerai Hidup,"Jl. Kenanga No. 119, Panakkukang",Makassar,Sulawesi Selatan,+62 818-7891-2515,amelia.simanjuntak.2515@example.invalid,Corporate Guarantee,26-Apr-2024,Tidak,Tidak Aktif
PAT-MOCK-0002516,EMR-MOCK-0002516,MOCK-9034-19981115-2516,Sari Lesmana,Perempuan,1998-11-15 00:00:00,O,Cerai Mati,"Jl. Merpati No. 104, Medan Baru",Medan,Sumatera Utara,+62 844-3054-2516,sari.halim.2516@example.invalid,Asuransi Perusahaan,08-Apr-2022,Ya,Aktif
PAT-MOCK-0002517,EMR-MOCK-0002517,MOCK-5212-19500116-2517,Arya Hidayat,Laki-laki,1950-01-16 00:00:00,B,Cerai Hidup,"Jl. Anggrek No. 90, Coblong",Bandung,Jawa Barat,+62 814-5864-2517,arya.gunawan.2517@example.invalid,Pribadi,18-Jan-2024,Ya,Aktif
PAT-MOCK-0002518,EMR-MOCK-0002518,MOCK-1240-19930405-2518,Irfan Purnama,Laki-laki,1993-04-05 00:00:00,O,Menikah,"Jl. Flamboyan No. 92, Duren Sawit",Jakarta Timur,DKI Jakarta,+62 832-2242-2518,irfan.hartono.2518@example.invalid,Asuransi Perusahaan,22-Jul-2018,Ya,Aktif
PAT-MOCK-0002519,EMR-MOCK-0002519,MOCK-2902-19851204-2519,Sari Nasution,Perempuan,1985-12-04 00:00:00,O,Menikah,"Jl. Anggrek No. 86, Banyumanik",Semarang,Jawa Tengah,+62 878-2444-2519,sari.lesmana.2519@example.invalid,Pribadi,06-Jul-2019,Tidak,Aktif
PAT-MOCK-0002520,EMR-MOCK-0002520,MOCK-2316-19821208-2520,Raka Hartono,Laki-laki,1982-12-08 00:00:00,A,Belum Menikah,"Jl. Cemara No. 21, Banyumanik",Semarang,Jawa Tengah,+62 863-6047-2520,raka.pratama.2520@example.invalid,BPJS Kesehatan,03-Jun-2018,Tidak,Aktif
PAT-MOCK-0002521,EMR-MOCK-0002521,MOCK-6082-19670619-2521,Anindya Ramadhan,Perempuan,1967-06-19 00:00:00,O,Menikah,"Jl. Melati No. 169, Medan Baru",Medan,Sumatera Utara,+62 861-7144-2521,anindya.saputra.2521@example.invalid,Corporate Guarantee,30-Nov-2022,Ya,Aktif
PAT-MOCK-0002522,EMR-MOCK-0002522,MOCK-9320-19560325-2522,Intan Purnama,Perempuan,1956-03-25 00:00:00,A,Belum Menikah,"Jl. Dahlia No. 154, Panakkukang",Makassar,Sulawesi Selatan,+62 814-9289-2522,intan.wijaya.2522@example.invalid,Corporate Guarantee,29-Aug-2026,Ya,Aktif
PAT-MOCK-0002523,EMR-MOCK-0002523,MOCK-3094-19690810-2523,Arif Lesmana,Laki-laki,1969-08-10 00:00:00,AB,Belum Menikah,"Jl. Cemara No. 55, Denpasar Selatan",Denpasar,Bali,+62 822-2731-2523,arif.santoso.2523@example.invalid,Corporate Guarantee,12-Nov-2025,Ya,Aktif
PAT-MOCK-0002524,EMR-MOCK-0002524,MOCK-3689-20030818-2524,Farhan Simanjuntak,Laki-laki,2003-08-18 00:00:00,B,Cerai Mati,"Jl. Dahlia No. 172, Medan Baru",Medan,Sumatera Utara,+62 812-7707-2524,farhan.hidayat.2524@example.invalid,Pribadi,26-Aug-2019,Ya,Aktif
PAT-MOCK-0002525,EMR-MOCK-0002525,MOCK-5685-19540115-2525,Bima Setiawan,Laki-laki,1954-01-15 00:00:00,B,Cerai Hidup,"Jl. Dahlia No. 113, Panakkukang",Makassar,Sulawesi Selatan,+62 885-6734-2525,bima.nugraha.2525@example.invalid,Pribadi,21-Apr-2024,Ya,Aktif
PAT-MOCK-0002526,EMR-MOCK-0002526,MOCK-3475-20170315-2526,Tiara Kusuma,Perempuan,2017-03-15 00:00:00,O,Cerai Mati,"Jl. Dahlia No. 72, Duren Sawit",Jakarta Timur,DKI Jakarta,+62 844-7697-2526,tiara.kusuma.2526@example.invalid,Pribadi,14-May-2022,Ya,Aktif
PAT-MOCK-0002527,EMR-MOCK-0002527,MOCK-8163-19741207-2527,Lestari Simanjuntak,Perempuan,1974-12-07 00:00:00,Belum diperiksa,Menikah,"Jl. Merpati No. 150, Denpasar Selatan",Denpasar,Bali,+62 816-6170-2527,lestari.setiawan.2527@example.invalid,Asuransi Perusahaan,16-Dec-2021,Ya,Aktif
PAT-MOCK-0002528,EMR-MOCK-0002528,MOCK-2825-19800407-2528,Bagas Gunawan,Laki-laki,1980-04-07 00:00:00,O,Menikah,"Jl. Mawar No. 123, Kebon Jeruk",Jakarta Barat,DKI Jakarta,+62 832-2192-2528,bagas.permana.2528@example.invalid,Asuransi Swasta,19-Mar-2022,Tidak,Aktif
PAT-MOCK-0002529,EMR-MOCK-0002529,MOCK-2122-20200519-2529,Lestari Ramadhan,Perempuan,2020-05-19 00:00:00,B,Cerai Hidup,"Jl. Anggrek No. 54, Karawaci",Tangerang,Banten,+62 850-2408-2529,lestari.ramadhan.2529@example.invalid,Asuransi Swasta,20-May-2020,Ya,Aktif
PAT-MOCK-0002530,EMR-MOCK-0002530,MOCK-8455-20120520-2530,Galang Utama,Laki-laki,2012-05-20 00:00:00,A,Cerai Hidup,"Jl. Mawar No. 120, Ilir Barat I",Palembang,Sumatera Selatan,+62 854-6873-2530,galang.maulana.2530@example.invalid,BPJS Kesehatan,02-Jul-2018,Tidak,Aktif
PAT-MOCK-0002531,EMR-MOCK-0002531,MOCK-9263-20050115-2531,Dewi Gunawan,Perempuan,2005-01-15 00:00:00,A,Menikah,"Jl. Kenanga No. 179, Karawaci",Tangerang,Banten,+62 835-2297-2531,dewi.utama.2531@example.invalid,Corporate Guarantee,05-Sep-2022,Ya,Aktif
PAT-MOCK-0002532,EMR-MOCK-0002532,MOCK-4047-19951229-2532,Aditya Kusuma,Laki-laki,1995-12-29 00:00:00,B,Cerai Mati,"Jl. Melati No. 160, Bekasi Selatan",Bekasi,Jawa Barat,+62 888-8573-2532,aditya.purnama.2532@example.invalid,Pribadi,04-Apr-2024,Ya,Aktif
PAT-MOCK-0002533,EMR-MOCK-0002533,MOCK-6175-19780130-2533,Kartika Permana,Perempuan,1978-01-30 00:00:00,A,Cerai Mati,"Jl. Dahlia No. 170, Banyumanik",Semarang,Jawa Tengah,+62 839-6813-2533,kartika.siregar.2533@example.invalid,Asuransi Swasta,16-Dec-2019,Ya,Aktif
PAT-MOCK-0002534,EMR-MOCK-0002534,MOCK-2450-19810105-2534,Fajar Wijaya,Laki-laki,1981-01-05 00:00:00,O,Belum Menikah,"Jl. Mawar No. 105, Kebayoran Baru",Jakarta Selatan,DKI Jakarta,+62 831-9847-2534,fajar.nasution.2534@example.invalid,BPJS Kesehatan,17-Feb-2019,Ya,Aktif
PAT-MOCK-0002535,EMR-MOCK-0002535,MOCK-2628-20241213-2535,Bagas Wijaya,Laki-laki,2024-12-13 00:00:00,B,Cerai Mati,"Jl. Melati No. 138, Karawaci",Tangerang,Banten,+62 852-4240-2535,bagas.simanjuntak.2535@example.invalid,Corporate Guarantee,14-Dec-2024,Ya,Aktif
PAT-MOCK-0002536,EMR-MOCK-0002536,MOCK-5646-20240814-2536,Arya Ramadhan,Laki-laki,2024-08-14 00:00:00,A,Menikah,"Jl. Kenanga No. 141, Kebayoran Baru",Jakarta Selatan,DKI Jakarta,+62 815-7164-2536,arya.halim.2536@example.invalid,Asuransi Perusahaan,15-Aug-2024,Ya,Aktif
PAT-MOCK-0002537,EMR-MOCK-0002537,MOCK-3453-20190408-2537,Ahmad Wijaya,Laki-laki,2019-04-08 00:00:00,AB,Cerai Mati,"Jl. Merpati No. 62, Bekasi Selatan",Bekasi,Jawa Barat,+62 812-2443-2537,ahmad.gunawan.2537@example.invalid,BPJS Kesehatan,11-Aug-2025,Ya,Aktif
PAT-MOCK-0002538,EMR-MOCK-0002538,MOCK-7053-19490827-2538,Joko Maulana,Laki-laki,1949-08-27 00:00:00,A,Belum Menikah,"Jl. Mawar No. 67, Kebayoran Baru",Jakarta Selatan,DKI Jakarta,+62 887-3078-2538,joko.hartono.2538@example.invalid,Asuransi Swasta,18-Oct-2024,Tidak,Aktif
PAT-MOCK-0002539,EMR-MOCK-0002539,MOCK-5793-19690210-2539,Aisyah Nugraha,Perempuan,1969-02-10 00:00:00,O,Cerai Hidup,"Jl. Cemara No. 169, Serpong",Tangerang Selatan,Banten,+62 898-4776-2539,aisyah.lesmana.2539@example.invalid,Corporate Guarantee,13-Jul-2018,Ya,Aktif
PAT-MOCK-0002540,EMR-MOCK-0002540,MOCK-9816-20170901-2540,Sari Kusuma,Perempuan,2017-09-01 00:00:00,O,Cerai Mati,"Jl. Rajawali No. 156, Duren Sawit",Jakarta Timur,DKI Jakarta,+62 819-5365-2540,sari.pratama.2540@example.invalid,Pribadi,14-Aug-2021,Ya,Aktif
PAT-MOCK-0002541,EMR-MOCK-0002541,MOCK-5617-19831018-2541,Arya Wijaya,Laki-laki,1983-10-18 00:00:00,B,Menikah,"Jl. Cemara No. 31, Banyumanik",Semarang,Jawa Tengah,+62 882-5250-2541,arya.saputra.2541@example.invalid,Asuransi Swasta,08-Sep-2024,Ya,Aktif
PAT-MOCK-0002542,EMR-MOCK-0002542,MOCK-7978-20020829-2542,Danu Nugraha,Laki-laki,2002-08-29 00:00:00,AB,Menikah,"Jl. Merpati No. 33, Serpong",Tangerang Selatan,Banten,+62 891-8673-2542,danu.wijaya.2542@example.invalid,Pribadi,10-Nov-2022,Ya,Aktif
PAT-MOCK-0002543,EMR-MOCK-0002543,MOCK-5797-19871207-2543,Yoga Kusuma,Laki-laki,1987-12-07 00:00:00,O,Menikah,"Jl. Dahlia No. 7, Bogor Tengah",Bogor,Jawa Barat,+62 827-5838-2543,yoga.santoso.2543@example.invalid,Pribadi,15-Jun-2020,Ya,Aktif
PAT-MOCK-0002544,EMR-MOCK-0002544,MOCK-1731-19611103-2544,Tiara Gunawan,Perempuan,1961-11-03 00:00:00,O,Cerai Hidup,"Jl. Flamboyan No. 116, Karawaci",Tangerang,Banten,+62 826-1603-2544,tiara.hidayat.2544@example.invalid,Asuransi Perusahaan,30-Aug-2021,Ya,Aktif
PAT-MOCK-0002545,EMR-MOCK-0002545,MOCK-7989-19680227-2545,Raka Pratama,Laki-laki,1968-02-27 00:00:00,B,Cerai Mati,"Jl. Dahlia No. 176, Serpong",Tangerang Selatan,Banten,+62 848-1831-2545,raka.nugraha.2545@example.invalid,Asuransi Perusahaan,17-Apr-2019,Ya,Aktif
PAT-MOCK-0002546,EMR-MOCK-0002546,MOCK-6876-20031106-2546,Tiara Maulana,Perempuan,2003-11-06 00:00:00,B,Belum Menikah,"Jl. Melati No. 105, Denpasar Selatan",Denpasar,Bali,+62 860-4840-2546,tiara.kusuma.2546@example.invalid,Asuransi Swasta,15-Jun-2020,Ya,Aktif
PAT-MOCK-0002547,EMR-MOCK-0002547,MOCK-3584-19470511-2547,Aulia Nugraha,Perempuan,1947-05-11 00:00:00,O,Cerai Mati,"Jl. Melati No. 44, Wonokromo",Surabaya,Jawa Timur,+62 813-1983-2547,aulia.setiawan.2547@example.invalid,Asuransi Swasta,13-Dec-2024,Ya,Aktif
PAT-MOCK-0002548,EMR-MOCK-0002548,MOCK-4667-19651124-2548,Amelia Hartono,Perempuan,1965-11-24 00:00:00,A,Cerai Mati,"Jl. Anggrek No. 157, Ilir Barat I",Palembang,Sumatera Selatan,+62 877-9390-2548,amelia.permana.2548@example.invalid,Asuransi Swasta,20-Jul-2021,Ya,Aktif
PAT-MOCK-0002549,EMR-MOCK-0002549,MOCK-6823-20231122-2549,Sekar Simanjuntak,Perempuan,2023-11-22 00:00:00,A,Cerai Hidup,"Jl. Merpati No. 50, Bekasi Selatan",Bekasi,Jawa Barat,+62 849-7512-2549,sekar.ramadhan.2549@example.invalid,Corporate Guarantee,03-Mar-2024,Ya,Aktif
PAT-MOCK-0002550,EMR-MOCK-0002550,MOCK-7373-19900302-2550,Citra Hartono,Perempuan,1990-03-02 00:00:00,O,Menikah,"Jl. Dahlia No. 141, Ilir Barat I",Palembang,Sumatera Selatan,+62 811-4383-2550,citra.maulana.2550@example.invalid,BPJS Kesehatan,23-Jan-2023,Ya,Aktif
PAT-MOCK-0002551,EMR-MOCK-0002551,MOCK-9876-19820309-2551,Maya Wijaya,Perempuan,1982-03-09 00:00:00,A,Belum Menikah,"Jl. Cendana No. 101, Coblong",Bandung,Jawa Barat,+62 828-9719-2551,maya.utama.2551@example.invalid,Asuransi Swasta,17-Sep-2021,Tidak,Aktif
PAT-MOCK-0002552,EMR-MOCK-0002552,MOCK-4225-19990725-2552,Raka Maulana,Laki-laki,1999-07-25 00:00:00,A,Cerai Hidup,"Jl. Rajawali No. 132, Bekasi Selatan",Bekasi,Jawa Barat,+62 864-6806-2552,raka.purnama.2552@example.invalid,Asuransi Swasta,18-Dec-2024,Ya,Aktif
PAT-MOCK-0002553,EMR-MOCK-0002553,MOCK-5951-19691219-2553,Rangga Kusuma,Laki-laki,1969-12-19 00:00:00,A,Belum Menikah,"Jl. Mawar No. 2, Medan Baru",Medan,Sumatera Utara,+62 818-2327-2553,rangga.siregar.2553@example.invalid,Pribadi,27-Jun-2025,Ya,Aktif
PAT-MOCK-0002554,EMR-MOCK-0002554,MOCK-4725-20220805-2554,Nadia Saputra,Perempuan,2022-08-05 00:00:00,A,Menikah,"Jl. Cendana No. 23, Ilir Barat I",Palembang,Sumatera Selatan,+62 850-6963-2554,nadia.nasution.2554@example.invalid,Corporate Guarantee,06-Aug-2026,Ya,Aktif
PAT-MOCK-0002555,EMR-MOCK-0002555,MOCK-1564-20221130-2555,Sekar Maulana,Perempuan,2022-11-30 00:00:00,Belum diperiksa,Belum Menikah,"Jl. Dahlia No. 142, Serpong",Tangerang Selatan,Banten,+62 889-4475-2555,sekar.simanjuntak.2555@example.invalid,Pribadi,24-Aug-2024,Ya,Aktif
PAT-MOCK-0002556,EMR-MOCK-0002556,MOCK-8677-19700514-2556,Dimas Nasution,Laki-laki,1970-05-14 00:00:00,O,Menikah,"Jl. Melati No. 134, Ilir Barat I",Palembang,Sumatera Selatan,+62 884-8639-2556,dimas.halim.2556@example.invalid,Asuransi Swasta,03-Feb-2025,Ya,Aktif
PAT-MOCK-0002557,EMR-MOCK-0002557,MOCK-8682-19730304-2557,Dimas Simanjuntak,Laki-laki,1973-03-04 00:00:00,O,Cerai Mati,"Jl. Anggrek No. 66, Duren Sawit",Jakarta Timur,DKI Jakarta,+62 877-4856-2557,dimas.gunawan.2557@example.invalid,Asuransi Perusahaan,28-Sep-2021,Ya,Aktif
PAT-MOCK-0002558,EMR-MOCK-0002558,MOCK-8844-19890407-2558,Sekar Maulana,Perempuan,1989-04-07 00:00:00,O,Menikah,"Jl. Melati No. 152, Kebon Jeruk",Jakarta Barat,DKI Jakarta,+62 847-4418-2558,sekar.hartono.2558@example.invalid,Pribadi,18-Aug-2024,Tidak,Aktif
PAT-MOCK-0002559,EMR-MOCK-0002559,MOCK-9521-19600607-2559,Sekar Gunawan,Perempuan,1960-06-07 00:00:00,Belum diperiksa,Belum Menikah,"Jl. Cemara No. 154, Ilir Barat I",Palembang,Sumatera Selatan,+62 821-8871-2559,sekar.lesmana.2559@example.invalid,Corporate Guarantee,29-Nov-2020,Tidak,Aktif
PAT-MOCK-0002560,EMR-MOCK-0002560,MOCK-3444-19590302-2560,Danu Hartono,Laki-laki,1959-03-02 00:00:00,A,Cerai Mati,"Jl. Merpati No. 42, Bogor Tengah",Bogor,Jawa Barat,+62 875-4362-2560,danu.pratama.2560@example.invalid,Pribadi,20-Apr-2025,Ya,Aktif
PAT-MOCK-0002561,EMR-MOCK-0002561,MOCK-9613-19860417-2561,Bagas Kusuma,Laki-laki,1986-04-17 00:00:00,O,Belum Menikah,"Jl. Flamboyan No. 36, Banyumanik",Semarang,Jawa Tengah,+62 852-2184-2561,bagas.saputra.2561@example.invalid,BPJS Kesehatan,12-May-2019,Tidak,Aktif
PAT-MOCK-0002562,EMR-MOCK-0002562,MOCK-2007-20230520-2562,Fitri Hartono,Perempuan,2023-05-20 00:00:00,O,Belum Menikah,"Jl. Mawar No. 117, Denpasar Selatan",Denpasar,Bali,+62 831-8928-2562,fitri.wijaya.2562@example.invalid,BPJS Kesehatan,19-Nov-2025,Ya,Aktif
PAT-MOCK-0002563,EMR-MOCK-0002563,MOCK-7881-20111203-2563,Farhan Ramadhan,Laki-laki,2011-12-03 00:00:00,O,Belum Menikah,"Jl. Rajawali No. 119, Wonokromo",Surabaya,Jawa Timur,+62 834-2476-2563,farhan.santoso.2563@example.invalid,Asuransi Perusahaan,16-Oct-2024,Tidak,Aktif
PAT-MOCK-0002564,EMR-MOCK-0002564,MOCK-1887-19931104-2564,Amelia Siregar,Perempuan,1993-11-04 00:00:00,O,Cerai Mati,"Jl. Dahlia No. 100, Panakkukang",Makassar,Sulawesi Selatan,+62 821-9573-2564,amelia.hidayat.2564@example.invalid,Corporate Guarantee,16-Aug-2024,Ya,Aktif
PAT-MOCK-0002565,EMR-MOCK-0002565,MOCK-5838-19691231-2565,Dewi Nasution,Perempuan,1969-12-31 00:00:00,O,Belum Menikah,"Jl. Cendana No. 90, Karawaci",Tangerang,Banten,+62 823-3010-2565,dewi.nugraha.2565@example.invalid,Corporate Guarantee,22-Apr-2021,Ya,Aktif
PAT-MOCK-0002566,EMR-MOCK-0002566,MOCK-3361-19670805-2566,Citra Kusuma,Perempuan,1967-08-05 00:00:00,O,Cerai Mati,"Jl. Kenanga No. 83, Medan Baru",Medan,Sumatera Utara,+62 870-2054-2566,citra.kusuma.2566@example.invalid,Corporate Guarantee,08-Nov-2019,Ya,Aktif
PAT-MOCK-0002567,EMR-MOCK-0002567,MOCK-7918-20000711-2567,Nadia Simanjuntak,Perempuan,2000-07-11 00:00:00,Belum diperiksa,Cerai Hidup,"Jl. Rajawali No. 66, Banyumanik",Semarang,Jawa Tengah,+62 855-3904-2567,nadia.setiawan.2567@example.invalid,Asuransi Perusahaan,24-Jul-2022,Ya,Aktif
PAT-MOCK-0002568,EMR-MOCK-0002568,MOCK-2420-19681105-2568,Dinda Permana,Perempuan,1968-11-05 00:00:00,B,Cerai Hidup,"Jl. Rajawali No. 9, Duren Sawit",Jakarta Timur,DKI Jakarta,+62 846-3280-2568,dinda.permana.2568@example.invalid,BPJS Kesehatan,22-May-2026,Ya,Aktif
PAT-MOCK-0002569,EMR-MOCK-0002569,MOCK-6266-20071222-2569,Maya Nasution,Perempuan,2007-12-22 00:00:00,B,Menikah,"Jl. Dahlia No. 155, Medan Baru",Medan,Sumatera Utara,+62 834-1793-2569,maya.ramadhan.2569@example.invalid,Pribadi,07-Jul-2022,Ya,Aktif
PAT-MOCK-0002570,EMR-MOCK-0002570,MOCK-1831-19731012-2570,Fajar Maulana,Laki-laki,1973-10-12 00:00:00,B,Menikah,"Jl. Melati No. 51, Denpasar Selatan",Denpasar,Bali,+62 811-9055-2570,fajar.maulana.2570@example.invalid,BPJS Kesehatan,29-Jun-2023,Tidak,Aktif
PAT-MOCK-0002571,EMR-MOCK-0002571,MOCK-1522-19490830-2571,Aditya Hidayat,Laki-laki,1949-08-30 00:00:00,O,Cerai Mati,"Jl. Melati No. 2, Wonokromo",Surabaya,Jawa Timur,+62 849-6402-2571,aditya.utama.2571@example.invalid,Pribadi,26-Jul-2021,Ya,Aktif
PAT-MOCK-0002572,EMR-MOCK-0002572,MOCK-1717-19840104-2572,Fajar Saputra,Laki-laki,1984-01-04 00:00:00,B,Menikah,"Jl. Kenanga No. 92, Panakkukang",Makassar,Sulawesi Selatan,+62 836-1520-2572,fajar.purnama.2572@example.invalid,Corporate Guarantee,04-Apr-2026,Ya,Aktif
PAT-MOCK-0002573,EMR-MOCK-0002573,MOCK-6564-19610331-2573,Rangga Simanjuntak,Laki-laki,1961-03-31 00:00:00,A,Cerai Mati,"Jl. Anggrek No. 124, Serpong",Tangerang Selatan,Banten,+62 857-7984-2573,rangga.siregar.2573@example.invalid,Asuransi Swasta,26-Nov-2023,Ya,Tidak Aktif
PAT-MOCK-0002574,EMR-MOCK-0002574,MOCK-7087-20131010-2574,Joko Lesmana,Laki-laki,2013-10-10 00:00:00,A,Cerai Hidup,"Jl. Flamboyan No. 122, Denpasar Selatan",Denpasar,Bali,+62 843-9156-2574,joko.nasution.2574@example.invalid,Corporate Guarantee,30-Nov-2021,Ya,Aktif
PAT-MOCK-0002575,EMR-MOCK-0002575,MOCK-9912-19661230-2575,Arya Purnama,Laki-laki,1966-12-30 00:00:00,A,Cerai Hidup,"Jl. Anggrek No. 25, Bekasi Selatan",Bekasi,Jawa Barat,+62 864-1499-2575,arya.simanjuntak.2575@example.invalid,Asuransi Swasta,24-Apr-2025,Ya,Aktif
PAT-MOCK-0002576,EMR-MOCK-0002576,MOCK-9442-20170625-2576,Nabila Lesmana,Perempuan,2017-06-25 00:00:00,A,Cerai Mati,"Jl. Anggrek No. 124, Wonokromo",Surabaya,Jawa Timur,+62 884-8234-2576,nabila.halim.2576@example.invalid,Asuransi Perusahaan,21-Sep-2019,Ya,Aktif
PAT-MOCK-0002577,EMR-MOCK-0002577,MOCK-4806-19940722-2577,Tiara Pratama,Perempuan,1994-07-22 00:00:00,O,Menikah,"Jl. Merpati No. 137, Coblong",Bandung,Jawa Barat,+62 838-8692-2577,tiara.gunawan.2577@example.invalid,Pribadi,08-Mar-2019,Ya,Aktif
PAT-MOCK-0002578,EMR-MOCK-0002578,MOCK-9474-19571009-2578,Andi Maulana,Laki-laki,1957-10-09 00:00:00,A,Cerai Mati,"Jl. Melati No. 147, Kebayoran Baru",Jakarta Selatan,DKI Jakarta,+62 817-6714-2578,andi.hartono.2578@example.invalid,Asuransi Perusahaan,21-Nov-2023,Ya,Aktif
PAT-MOCK-0002579,EMR-MOCK-0002579,MOCK-8645-19891221-2579,Galang Purnama,Laki-laki,1989-12-21 00:00:00,AB,Menikah,"Jl. Cemara No. 7, Kebon Jeruk",Jakarta Barat,DKI Jakarta,+62 857-3320-2579,galang.lesmana.2579@example.invalid,Asuransi Swasta,30-Jan-2022,Ya,Aktif
PAT-MOCK-0002580,EMR-MOCK-0002580,MOCK-3522-20040802-2580,Hendra Nasution,Laki-laki,2004-08-02 00:00:00,A,Menikah,"Jl. Melati No. 131, Banyumanik",Semarang,Jawa Tengah,+62 898-9756-2580,hendra.pratama.2580@example.invalid,Pribadi,11-Jan-2023,Tidak,Aktif
PAT-MOCK-0002581,EMR-MOCK-0002581,MOCK-1145-19860924-2581,Kartika Hidayat,Perempuan,1986-09-24 00:00:00,B,Cerai Hidup,"Jl. Cemara No. 101, Kebon Jeruk",Jakarta Barat,DKI Jakarta,+62 864-8664-2581,kartika.saputra.2581@example.invalid,BPJS Kesehatan,03-May-2021,Ya,Aktif
PAT-MOCK-0002582,EMR-MOCK-0002582,MOCK-3951-19461030-2582,Dewi Halim,Perempuan,1946-10-30 00:00:00,AB,Menikah,"Jl. Mawar No. 155, Denpasar Selatan",Denpasar,Bali,+62 895-7209-2582,dewi.wijaya.2582@example.invalid,Asuransi Swasta,10-Feb-2020,Ya,Aktif
PAT-MOCK-0002583,EMR-MOCK-0002583,MOCK-1179-19700110-2583,Rangga Santoso,Laki-laki,1970-01-10 00:00:00,O,Cerai Mati,"Jl. Cemara No. 76, Denpasar Selatan",Denpasar,Bali,+62 814-5114-2583,rangga.santoso.2583@example.invalid,BPJS Kesehatan,21-Apr-2025,Tidak,Aktif
PAT-MOCK-0002584,EMR-MOCK-0002584,MOCK-2215-19770705-2584,Yoga Santoso,Laki-laki,1977-07-05 00:00:00,O,Belum Menikah,"Jl. Merpati No. 129, Kebayoran Baru",Jakarta Selatan,DKI Jakarta,+62 897-2354-2584,yoga.hidayat.2584@example.invalid,BPJS Kesehatan,08-Feb-2024,Ya,Aktif
PAT-MOCK-0002585,EMR-MOCK-0002585,MOCK-8570-19621105-2585,Aisyah Pratama,Perempuan,1962-11-05 00:00:00,A,Menikah,"Jl. Dahlia No. 84, Duren Sawit",Jakarta Timur,DKI Jakarta,+62 877-8103-2585,aisyah.nugraha.2585@example.invalid,BPJS Kesehatan,27-Sep-2019,Ya,Aktif
PAT-MOCK-0002586,EMR-MOCK-0002586,MOCK-1866-20200803-2586,Nadia Siregar,Perempuan,2020-08-03 00:00:00,O,Belum Menikah,"Jl. Rajawali No. 43, Panakkukang",Makassar,Sulawesi Selatan,+62 845-6268-2586,nadia.kusuma.2586@example.invalid,BPJS Kesehatan,01-Dec-2024,Ya,Aktif
PAT-MOCK-0002587,EMR-MOCK-0002587,MOCK-3819-19891001-2587,Bagas Permana,Laki-laki,1989-10-01 00:00:00,O,Menikah,"Jl. Rajawali No. 20, Beji",Depok,Jawa Barat,+62 840-9964-2587,bagas.setiawan.2587@example.invalid,Pribadi,04-Aug-2026,Ya,Aktif
PAT-MOCK-0002588,EMR-MOCK-0002588,MOCK-7301-20241109-2588,Dinda Setiawan,Perempuan,2024-11-09 00:00:00,O,Cerai Hidup,"Jl. Cendana No. 140, Kebon Jeruk",Jakarta Barat,DKI Jakarta,+62 854-9611-2588,dinda.permana.2588@example.invalid,Asuransi Swasta,10-Nov-2024,Ya,Aktif
PAT-MOCK-0002589,EMR-MOCK-0002589,MOCK-8570-19910201-2589,Aisyah Hidayat,Perempuan,1991-02-01 00:00:00,A,Cerai Mati,"Jl. Cendana No. 164, Bogor Tengah",Bogor,Jawa Barat,+62 863-7538-2589,aisyah.ramadhan.2589@example.invalid,Asuransi Perusahaan,27-Oct-2020,Ya,Aktif
PAT-MOCK-0002590,EMR-MOCK-0002590,MOCK-6495-19960924-2590,Aditya Ramadhan,Laki-laki,1996-09-24 00:00:00,O,Cerai Hidup,"Jl. Cemara No. 15, Panakkukang",Makassar,Sulawesi Selatan,+62 882-9138-2590,aditya.maulana.2590@example.invalid,Asuransi Perusahaan,09-Apr-2026,Tidak,Aktif
PAT-MOCK-0002591,EMR-MOCK-0002591,MOCK-9838-19640715-2591,Putri Setiawan,Perempuan,1964-07-15 00:00:00,O,Cerai Mati,"Jl. Cendana No. 3, Wonokromo",Surabaya,Jawa Timur,+62 832-8852-2591,putri.utama.2591@example.invalid,Asuransi Perusahaan,09-Sep-2025,Ya,Aktif
PAT-MOCK-0002592,EMR-MOCK-0002592,MOCK-6723-20080303-2592,Aulia Maulana,Perempuan,2008-03-03 00:00:00,B,Belum Menikah,"Jl. Mawar No. 40, Bogor Tengah",Bogor,Jawa Barat,+62 890-9263-2592,aulia.purnama.2592@example.invalid,Asuransi Swasta,25-Mar-2023,Ya,Aktif
PAT-MOCK-0002593,EMR-MOCK-0002593,MOCK-3673-20110808-2593,Raka Nasution,Laki-laki,2011-08-08 00:00:00,O,Belum Menikah,"Jl. Merpati No. 87, Bekasi Selatan",Bekasi,Jawa Barat,+62 881-2500-2593,raka.siregar.2593@example.invalid,Asuransi Swasta,02-Oct-2019,Ya,Aktif
PAT-MOCK-0002594,EMR-MOCK-0002594,MOCK-8469-20060705-2594,Andi Permana,Laki-laki,2006-07-05 00:00:00,B,Cerai Mati,"Jl. Anggrek No. 156, Serpong",Tangerang Selatan,Banten,+62 871-8827-2594,andi.nasution.2594@example.invalid,Pribadi,13-Jun-2019,Ya,Aktif
PAT-MOCK-0002595,EMR-MOCK-0002595,MOCK-8144-19750115-2595,Joko Santoso,Laki-laki,1975-01-15 00:00:00,B,Cerai Mati,"Jl. Rajawali No. 57, Karawaci",Tangerang,Banten,+62 851-5030-2595,joko.simanjuntak.2595@example.invalid,BPJS Kesehatan,22-Feb-2023,Tidak,Aktif
PAT-MOCK-0002596,EMR-MOCK-0002596,MOCK-3522-19870410-2596,Dewi Ramadhan,Perempuan,1987-04-10 00:00:00,B,Belum Menikah,"Jl. Merpati No. 113, Coblong",Bandung,Jawa Barat,+62 860-8296-2596,dewi.halim.2596@example.invalid,Asuransi Perusahaan,01-Feb-2024,Ya,Aktif
PAT-MOCK-0002597,EMR-MOCK-0002597,MOCK-7986-20110113-2597,Joko Siregar,Laki-laki,2011-01-13 00:00:00,O,Menikah,"Jl. Cendana No. 178, Bekasi Selatan",Bekasi,Jawa Barat,+62 887-9348-2597,joko.gunawan.2597@example.invalid,Pribadi,26-Sep-2018,Ya,Aktif
PAT-MOCK-0002598,EMR-MOCK-0002598,MOCK-3463-19500208-2598,Amelia Gunawan,Perempuan,1950-02-08 00:00:00,O,Menikah,"Jl. Cemara No. 153, Ilir Barat I",Palembang,Sumatera Selatan,+62 858-8031-2598,amelia.hartono.2598@example.invalid,Asuransi Perusahaan,09-Mar-2020,Ya,Aktif
PAT-MOCK-0002599,EMR-MOCK-0002599,MOCK-5542-19491209-2599,Lestari Saputra,Perempuan,1949-12-09 00:00:00,A,Cerai Hidup,"Jl. Cemara No. 58, Duren Sawit",Jakarta Timur,DKI Jakarta,+62 828-9816-2599,lestari.lesmana.2599@example.invalid,Asuransi Swasta,02-May-2020,Ya,Aktif
PAT-MOCK-0002600,EMR-MOCK-0002600,MOCK-4409-19890515-2600,Aulia Nasution,Perempuan,1989-05-15 00:00:00,O,Menikah,"Jl. Kenanga No. 106, Coblong",Bandung,Jawa Barat,+62 857-7363-2600,aulia.pratama.2600@example.invalid,BPJS Kesehatan,21-Nov-2020,Ya,Aktif
PAT-MOCK-0002601,EMR-MOCK-0002601,MOCK-6483-20140322-2601,Yoga Simanjuntak,Laki-laki,2014-03-22 00:00:00,Belum diperiksa,Cerai Mati,"Jl. Cemara No. 63, Medan Baru",Medan,Sumatera Utara,+62 888-3302-2601,yoga.saputra.2601@example.invalid,Pribadi,15-Sep-2018,Ya,Aktif
PAT-MOCK-0002602,EMR-MOCK-0002602,MOCK-6447-19500702-2602,Danu Wijaya,Laki-laki,1950-07-02 00:00:00,A,Cerai Mati,"Jl. Dahlia No. 168, Kebayoran Baru",Jakarta Selatan,DKI Jakarta,+62 866-7703-2602,danu.wijaya.2602@example.invalid,Asuransi Swasta,31-May-2019,Ya,Aktif
PAT-MOCK-0002603,EMR-MOCK-0002603,MOCK-3313-19851110-2603,Raka Utama,Laki-laki,1985-11-10 00:00:00,Belum diperiksa,Belum Menikah,"Jl. Merpati No. 13, Duren Sawit",Jakarta Timur,DKI Jakarta,+62 825-5293-2603,raka.santoso.2603@example.invalid,BPJS Kesehatan,27-Apr-2021,Ya,Aktif
PAT-MOCK-0002604,EMR-MOCK-0002604,MOCK-1238-19510806-2604,Bima Halim,Laki-laki,1951-08-06 00:00:00,AB,Cerai Mati,"Jl. Merpati No. 28, Serpong",Tangerang Selatan,Banten,+62 861-8552-2604,bima.hidayat.2604@example.invalid,Corporate Guarantee,26-Nov-2018,Ya,Aktif
PAT-MOCK-0002605,EMR-MOCK-0002605,MOCK-3797-20020220-2605,Dinda Siregar,Perempuan,2002-02-20 00:00:00,A,Cerai Mati,"Jl. Cendana No. 109, Ilir Barat I",Palembang,Sumatera Selatan,+62 851-6511-2605,dinda.nugraha.2605@example.invalid,Asuransi Swasta,11-Mar-2020,Ya,Aktif
PAT-MOCK-0002606,EMR-MOCK-0002606,MOCK-5203-19870315-2606,Rani Utama,Perempuan,1987-03-15 00:00:00,AB,Cerai Hidup,"Jl. Merpati No. 116, Ilir Barat I",Palembang,Sumatera Selatan,+62 881-2397-2606,rani.kusuma.2606@example.invalid,Corporate Guarantee,11-Mar-2022,Ya,Aktif
PAT-MOCK-0002607,EMR-MOCK-0002607,MOCK-8976-19770718-2607,Wulan Ramadhan,Perempuan,1977-07-18 00:00:00,B,Cerai Hidup,"Jl. Flamboyan No. 170, Medan Baru",Medan,Sumatera Utara,+62 891-1670-2607,wulan.setiawan.2607@example.invalid,Corporate Guarantee,11-Nov-2025,Ya,Aktif
PAT-MOCK-0002608,EMR-MOCK-0002608,MOCK-5102-20141101-2608,Dimas Permana,Laki-laki,2014-11-01 00:00:00,O,Cerai Hidup,"Jl. Cendana No. 51, Banyumanik",Semarang,Jawa Tengah,+62 888-4491-2608,dimas.permana.2608@example.invalid,Corporate Guarantee,19-Mar-2026,Tidak,Aktif
PAT-MOCK-0002609,EMR-MOCK-0002609,MOCK-9812-19990530-2609,Bima Siregar,Laki-laki,1999-05-30 00:00:00,O,Cerai Hidup,"Jl. Cendana No. 13, Beji",Depok,Jawa Barat,+62 886-4929-2609,bima.ramadhan.2609@example.invalid,Pribadi,22-Dec-2023,Ya,Aktif
PAT-MOCK-0002610,EMR-MOCK-0002610,MOCK-7257-20240929-2610,Nabila Gunawan,Perempuan,2024-09-29 00:00:00,O,Belum Menikah,"Jl. Merpati No. 55, Coblong",Bandung,Jawa Barat,+62 863-7427-2610,nabila.maulana.2610@example.invalid,BPJS Kesehatan,30-Sep-2024,Ya,Aktif
PAT-MOCK-0002611,EMR-MOCK-0002611,MOCK-6807-20000528-2611,Rangga Gunawan,Laki-laki,2000-05-28 00:00:00,O,Menikah,"Jl. Rajawali No. 133, Ilir Barat I",Palembang,Sumatera Selatan,+62 873-2863-2611,rangga.utama.2611@example.invalid,Asuransi Perusahaan,30-Jul-2024,Ya,Aktif
PAT-MOCK-0002612,EMR-MOCK-0002612,MOCK-3281-19770401-2612,Rizky Maulana,Laki-laki,1977-04-01 00:00:00,O,Menikah,"Jl. Flamboyan No. 153, Bogor Tengah",Bogor,Jawa Barat,+62 874-8706-2612,rizky.purnama.2612@example.invalid,Corporate Guarantee,27-Apr-2024,Tidak,Aktif
PAT-MOCK-0002613,EMR-MOCK-0002613,MOCK-2101-19700423-2613,Aisyah Gunawan,Perempuan,1970-04-23 00:00:00,AB,Cerai Mati,"Jl. Mawar No. 20, Panakkukang",Makassar,Sulawesi Selatan,+62 858-8739-2613,aisyah.siregar.2613@example.invalid,BPJS Kesehatan,05-Oct-2018,Ya,Aktif
PAT-MOCK-0002614,EMR-MOCK-0002614,MOCK-5916-19980919-2614,Tiara Utama,Perempuan,1998-09-19 00:00:00,O,Menikah,"Jl. Anggrek No. 167, Bogor Tengah",Bogor,Jawa Barat,+62 894-7650-2614,tiara.nasution.2614@example.invalid,Corporate Guarantee,22-Dec-2018,Ya,Aktif
PAT-MOCK-0002615,EMR-MOCK-0002615,MOCK-9832-20181014-2615,Danu Santoso,Laki-laki,2018-10-14 00:00:00,A,Belum Menikah,"Jl. Cemara No. 105, Panakkukang",Makassar,Sulawesi Selatan,+62 885-5724-2615,danu.simanjuntak.2615@example.invalid,Asuransi Swasta,15-Jun-2026,Ya,Aktif
PAT-MOCK-0002616,EMR-MOCK-0002616,MOCK-8642-19860710-2616,Citra Santoso,Perempuan,1986-07-10 00:00:00,O,Cerai Mati,"Jl. Merpati No. 13, Coblong",Bandung,Jawa Barat,+62 812-2403-2616,citra.halim.2616@example.invalid,Corporate Guarantee,11-Jul-2019,Ya,Aktif
PAT-MOCK-0002617,EMR-MOCK-0002617,MOCK-3605-20040207-2617,Danu Kusuma,Laki-laki,2004-02-07 00:00:00,O,Cerai Mati,"Jl. Rajawali No. 63, Kebon Jeruk",Jakarta Barat,DKI Jakarta,+62 831-4996-2617,danu.gunawan.2617@example.invalid,Pribadi,01-Aug-2021,Ya,Aktif
PAT-MOCK-0002618,EMR-MOCK-0002618,MOCK-1445-20050109-2618,Rangga Simanjuntak,Laki-laki,2005-01-09 00:00:00,Belum diperiksa,Cerai Mati,"Jl. Mawar No. 58, Banyumanik",Semarang,Jawa Tengah,+62 852-6722-2618,rangga.hartono.2618@example.invalid,Asuransi Swasta,10-Nov-2018,Ya,Aktif
PAT-MOCK-0002619,EMR-MOCK-0002619,MOCK-7421-19851227-2619,Hendra Siregar,Laki-laki,1985-12-27 00:00:00,A,Cerai Hidup,"Jl. Mawar No. 152, Wonokromo",Surabaya,Jawa Timur,+62 883-5207-2619,hendra.lesmana.2619@example.invalid,Asuransi Perusahaan,14-Apr-2018,Ya,Aktif
PAT-MOCK-0002620,EMR-MOCK-0002620,MOCK-1604-19890217-2620,Sari Nugraha,Perempuan,1989-02-17 00:00:00,O,Cerai Hidup,"Jl. Rajawali No. 76, Karawaci",Tangerang,Banten,+62 870-3228-2620,sari.pratama.2620@example.invalid,Asuransi Perusahaan,22-Sep-2022,Ya,Aktif
PAT-MOCK-0002621,EMR-MOCK-0002621,MOCK-7649-19610728-2621,Joko Setiawan,Laki-laki,1961-07-28 00:00:00,AB,Cerai Hidup,"Jl. Flamboyan No. 154, Denpasar Selatan",Denpasar,Bali,+62 889-5896-2621,joko.saputra.2621@example.invalid,BPJS Kesehatan,08-Apr-2025,Tidak,Aktif
PAT-MOCK-0002622,EMR-MOCK-0002622,MOCK-4617-20120711-2622,Lestari Siregar,Perempuan,2012-07-11 00:00:00,B,Menikah,"Jl. Dahlia No. 117, Bogor Tengah",Bogor,Jawa Barat,+62 871-6960-2622,lestari.wijaya.2622@example.invalid,Asuransi Swasta,03-Apr-2021,Tidak,Aktif
PAT-MOCK-0002623,EMR-MOCK-0002623,MOCK-7705-19470404-2623,Arif Kusuma,Laki-laki,1947-04-04 00:00:00,O,Cerai Mati,"Jl. Anggrek No. 161, Panakkukang",Makassar,Sulawesi Selatan,+62 890-6841-2623,arif.santoso.2623@example.invalid,Pribadi,25-Dec-2024,Ya,Aktif
PAT-MOCK-0002624,EMR-MOCK-0002624,MOCK-9262-19660416-2624,Bima Lesmana,Laki-laki,1966-04-16 00:00:00,B,Cerai Hidup,"Jl. Flamboyan No. 75, Medan Baru",Medan,Sumatera Utara,+62 854-9550-2624,bima.hidayat.2624@example.invalid,Asuransi Swasta,15-Sep-2020,Ya,Aktif
PAT-MOCK-0002625,EMR-MOCK-0002625,MOCK-2777-19651127-2625,Nadia Pratama,Perempuan,1965-11-27 00:00:00,O,Cerai Hidup,"Jl. Rajawali No. 44, Ilir Barat I",Palembang,Sumatera Selatan,+62 846-4239-2625,nadia.nugraha.2625@example.invalid,Asuransi Perusahaan,21-Aug-2026,Ya,Aktif
PAT-MOCK-0002626,EMR-MOCK-0002626,MOCK-8324-20000922-2626,Rangga Permana,Laki-laki,2000-09-22 00:00:00,B,Belum Menikah,"Jl. Merpati No. 124, Kebayoran Baru",Jakarta Selatan,DKI Jakarta,+62 814-1596-2626,rangga.kusuma.2626@example.invalid,Corporate Guarantee,23-Mar-2018,Tidak,Aktif
PAT-MOCK-0002627,EMR-MOCK-0002627,MOCK-8090-20210904-2627,Tiara Utama,Perempuan,2021-09-04 00:00:00,O,Belum Menikah,"Jl. Flamboyan No. 98, Kebayoran Baru",Jakarta Selatan,DKI Jakarta,+62 875-8662-2627,tiara.setiawan.2627@example.invalid,BPJS Kesehatan,28-Nov-2022,Tidak,Aktif
PAT-MOCK-0002628,EMR-MOCK-0002628,MOCK-7402-19640308-2628,Putri Saputra,Perempuan,1964-03-08 00:00:00,AB,Cerai Hidup,"Jl. Cendana No. 63, Serpong",Tangerang Selatan,Banten,+62 818-2249-2628,putri.permana.2628@example.invalid,Asuransi Perusahaan,27-Jan-2021,Ya,Aktif
PAT-MOCK-0002629,EMR-MOCK-0002629,MOCK-1161-20150423-2629,Bagas Maulana,Laki-laki,2015-04-23 00:00:00,A,Cerai Mati,"Jl. Cemara No. 44, Coblong",Bandung,Jawa Barat,+62 878-9262-2629,bagas.ramadhan.2629@example.invalid,Asuransi Perusahaan,04-Jul-2025,Ya,Aktif
PAT-MOCK-0002630,EMR-MOCK-0002630,MOCK-5134-19500922-2630,Raka Setiawan,Laki-laki,1950-09-22 00:00:00,AB,Cerai Hidup,"Jl. Kenanga No. 88, Beji",Depok,Jawa Barat,+62 864-7034-2630,raka.maulana.2630@example.invalid,Pribadi,16-Mar-2025,Ya,Aktif
PAT-MOCK-0002631,EMR-MOCK-0002631,MOCK-3079-20011030-2631,Eko Hidayat,Laki-laki,2001-10-30 00:00:00,O,Menikah,"Jl. Melati No. 76, Duren Sawit",Jakarta Timur,DKI Jakarta,+62 861-5819-2631,eko.utama.2631@example.invalid,Corporate Guarantee,08-Mar-2020,Ya,Aktif
PAT-MOCK-0002632,EMR-MOCK-0002632,MOCK-1576-20080112-2632,Intan Simanjuntak,Perempuan,2008-01-12 00:00:00,A,Cerai Hidup,"Jl. Cendana No. 52, Bogor Tengah",Bogor,Jawa Barat,+62 811-1774-2632,intan.purnama.2632@example.invalid,Corporate Guarantee,29-Jul-2026,Ya,Aktif
PAT-MOCK-0002633,EMR-MOCK-0002633,MOCK-6623-19831001-2633,Bagas Santoso,Laki-laki,1983-10-01 00:00:00,A,Cerai Mati,"Jl. Cendana No. 115, Medan Baru",Medan,Sumatera Utara,+62 879-1585-2633,bagas.siregar.2633@example.invalid,Asuransi Swasta,31-Mar-2019,Ya,Aktif
PAT-MOCK-0002634,EMR-MOCK-0002634,MOCK-8198-19780711-2634,Tiara Purnama,Perempuan,1978-07-11 00:00:00,B,Menikah,"Jl. Rajawali No. 132, Serpong",Tangerang Selatan,Banten,+62 882-4436-2634,tiara.nasution.2634@example.invalid,Asuransi Swasta,14-Apr-2018,Ya,Aktif
PAT-MOCK-0002635,EMR-MOCK-0002635,MOCK-4797-19980427-2635,Citra Maulana,Perempuan,1998-04-27 00:00:00,B,Belum Menikah,"Jl. Rajawali No. 90, Banyumanik",Semarang,Jawa Tengah,+62 828-9531-2635,citra.simanjuntak.2635@example.invalid,Asuransi Perusahaan,01-Jul-2019,Ya,Aktif
PAT-MOCK-0002636,EMR-MOCK-0002636,MOCK-9553-19581008-2636,Irfan Nugraha,Laki-laki,1958-10-08 00:00:00,AB,Cerai Mati,"Jl. Anggrek No. 89, Duren Sawit",Jakarta Timur,DKI Jakarta,+62 824-8152-2636,irfan.halim.2636@example.invalid,BPJS Kesehatan,16-Aug-2023,Ya,Aktif
PAT-MOCK-0002637,EMR-MOCK-0002637,MOCK-6654-20070729-2637,Aisyah Kusuma,Perempuan,2007-07-29 00:00:00,AB,Cerai Mati,"Jl. Cendana No. 88, Kebayoran Baru",Jakarta Selatan,DKI Jakarta,+62 877-1518-2637,aisyah.gunawan.2637@example.invalid,BPJS Kesehatan,25-Apr-2018,Ya,Aktif
PAT-MOCK-0002638,EMR-MOCK-0002638,MOCK-2069-19520917-2638,Dimas Hartono,Laki-laki,1952-09-17 00:00:00,A,Belum Menikah,"Jl. Anggrek No. 19, Coblong",Bandung,Jawa Barat,+62 846-4951-2638,dimas.hartono.2638@example.invalid,Asuransi Perusahaan,01-Feb-2022,Ya,Tidak Aktif
PAT-MOCK-0002639,EMR-MOCK-0002639,MOCK-4460-19560330-2639,Nabila Gunawan,Perempuan,1956-03-30 00:00:00,O,Cerai Mati,"Jl. Anggrek No. 165, Banyumanik",Semarang,Jawa Tengah,+62 825-5177-2639,nabila.lesmana.2639@example.invalid,Asuransi Perusahaan,04-Dec-2023,Ya,Aktif
PAT-MOCK-0002640,EMR-MOCK-0002640,MOCK-8785-19771020-2640,Citra Purnama,Perempuan,1977-10-20 00:00:00,A,Menikah,"Jl. Rajawali No. 24, Wonokromo",Surabaya,Jawa Timur,+62 814-2356-2640,citra.pratama.2640@example.invalid,Corporate Guarantee,10-Oct-2020,Ya,Aktif
PAT-MOCK-0002641,EMR-MOCK-0002641,MOCK-7737-19470828-2641,Citra Siregar,Perempuan,1947-08-28 00:00:00,B,Menikah,"Jl. Melati No. 97, Denpasar Selatan",Denpasar,Bali,+62 852-4596-2641,citra.saputra.2641@example.invalid,Asuransi Swasta,17-Feb-2026,Tidak,Aktif
PAT-MOCK-0002642,EMR-MOCK-0002642,MOCK-4672-20010104-2642,Fitri Utama,Perempuan,2001-01-04 00:00:00,O,Cerai Mati,"Jl. Mawar No. 64, Bogor Tengah",Bogor,Jawa Barat,+62 868-3258-2642,fitri.wijaya.2642@example.invalid,Corporate Guarantee,06-Apr-2021,Tidak,Aktif
PAT-MOCK-0002643,EMR-MOCK-0002643,MOCK-2143-19860225-2643,Maya Maulana,Perempuan,1986-02-25 00:00:00,O,Menikah,"Jl. Flamboyan No. 13, Bekasi Selatan",Bekasi,Jawa Barat,+62 891-2164-2643,maya.santoso.2643@example.invalid,Pribadi,03-Nov-2022,Tidak,Aktif
PAT-MOCK-0002644,EMR-MOCK-0002644,MOCK-5438-19500919-2644,Ahmad Permana,Laki-laki,1950-09-19 00:00:00,O,Cerai Mati,"Jl. Cemara No. 162, Ilir Barat I",Palembang,Sumatera Selatan,+62 840-2216-2644,ahmad.hidayat.2644@example.invalid,Pribadi,23-Sep-2019,Ya,Aktif
PAT-MOCK-0002645,EMR-MOCK-0002645,MOCK-6226-19780905-2645,Galang Permana,Laki-laki,1978-09-05 00:00:00,O,Cerai Hidup,"Jl. Melati No. 115, Banyumanik",Semarang,Jawa Tengah,+62 848-5045-2645,galang.nugraha.2645@example.invalid,Corporate Guarantee,23-May-2026,Ya,Aktif
PAT-MOCK-0002646,EMR-MOCK-0002646,MOCK-4067-19851219-2646,Joko Lesmana,Laki-laki,1985-12-19 00:00:00,O,Cerai Hidup,"Jl. Cemara No. 122, Medan Baru",Medan,Sumatera Utara,+62 828-4604-2646,joko.kusuma.2646@example.invalid,Asuransi Perusahaan,26-May-2020,Ya,Aktif
PAT-MOCK-0002647,EMR-MOCK-0002647,MOCK-2987-19841008-2647,Raka Pratama,Laki-laki,1984-10-08 00:00:00,O,Cerai Hidup,"Jl. Merpati No. 180, Beji",Depok,Jawa Barat,+62 839-3561-2647,raka.setiawan.2647@example.invalid,Pribadi,19-Oct-2021,Ya,Aktif
PAT-MOCK-0002648,EMR-MOCK-0002648,MOCK-7946-20230922-2648,Anindya Nasution,Perempuan,2023-09-22 00:00:00,O,Belum Menikah,"Jl. Melati No. 156, Karawaci",Tangerang,Banten,+62 873-4641-2648,anindya.permana.2648@example.invalid,BPJS Kesehatan,23-Sep-2023,Ya,Aktif
PAT-MOCK-0002649,EMR-MOCK-0002649,MOCK-6328-19771211-2649,Bima Utama,Laki-laki,1977-12-11 00:00:00,O,Cerai Hidup,"Jl. Rajawali No. 28, Banyumanik",Semarang,Jawa Tengah,+62 826-9985-2649,bima.ramadhan.2649@example.invalid,Corporate Guarantee,02-Aug-2018,Ya,Aktif
PAT-MOCK-0002650,EMR-MOCK-0002650,MOCK-6639-19621204-2650,Hendra Setiawan,Laki-laki,1962-12-04 00:00:00,A,Cerai Mati,"Jl. Melati No. 126, Kebon Jeruk",Jakarta Barat,DKI Jakarta,+62 848-1347-2650,hendra.maulana.2650@example.invalid,Asuransi Perusahaan,06-Jun-2022,Tidak,Aktif
PAT-MOCK-0002651,EMR-MOCK-0002651,MOCK-3999-20070326-2651,Fitri Santoso,Perempuan,2007-03-26 00:00:00,AB,Cerai Hidup,"Jl. Cemara No. 86, Ilir Barat I",Palembang,Sumatera Selatan,+62 840-9259-2651,fitri.utama.2651@example.invalid,Asuransi Perusahaan,19-Mar-2021,Tidak,Aktif
PAT-MOCK-0002652,EMR-MOCK-0002652,MOCK-3828-19620507-2652,Fitri Wijaya,Perempuan,1962-05-07 00:00:00,AB,Belum Menikah,"Jl. Rajawali No. 174, Karawaci",Tangerang,Banten,+62 893-1165-2652,fitri.purnama.2652@example.invalid,Asuransi Perusahaan,25-Apr-2019,Ya,Aktif
PAT-MOCK-0002653,EMR-MOCK-0002653,MOCK-9259-19851212-2653,Putri Siregar,Perempuan,1985-12-12 00:00:00,A,Cerai Hidup,"Jl. Merpati No. 173, Banyumanik",Semarang,Jawa Tengah,+62 898-3868-2653,putri.siregar.2653@example.invalid,BPJS Kesehatan,16-Sep-2025,Tidak,Aktif
PAT-MOCK-0002654,EMR-MOCK-0002654,MOCK-3998-19970201-2654,Farhan Simanjuntak,Laki-laki,1997-02-01 00:00:00,B,Cerai Hidup,"Jl. Dahlia No. 180, Beji",Depok,Jawa Barat,+62 839-2058-2654,farhan.nasution.2654@example.invalid,Pribadi,18-Mar-2021,Ya,Aktif
PAT-MOCK-0002655,EMR-MOCK-0002655,MOCK-9106-20000902-2655,Dimas Maulana,Laki-laki,2000-09-02 00:00:00,B,Cerai Mati,"Jl. Merpati No. 77, Ilir Barat I",Palembang,Sumatera Selatan,+62 865-2002-2655,dimas.simanjuntak.2655@example.invalid,Asuransi Perusahaan,05-May-2022,Tidak,Aktif
PAT-MOCK-0002656,EMR-MOCK-0002656,MOCK-5735-19660626-2656,Putri Halim,Perempuan,1966-06-26 00:00:00,AB,Belum Menikah,"Jl. Cendana No. 124, Wonokromo",Surabaya,Jawa Timur,+62 820-4750-2656,putri.halim.2656@example.invalid,Asuransi Swasta,08-Dec-2023,Ya,Aktif
PAT-MOCK-0002657,EMR-MOCK-0002657,MOCK-3353-19790611-2657,Fitri Wijaya,Perempuan,1979-06-11 00:00:00,O,Belum Menikah,"Jl. Rajawali No. 39, Coblong",Bandung,Jawa Barat,+62 874-2857-2657,fitri.gunawan.2657@example.invalid,Asuransi Swasta,30-Jan-2018,Ya,Aktif
PAT-MOCK-0002658,EMR-MOCK-0002658,MOCK-8649-19910112-2658,Rani Ramadhan,Perempuan,1991-01-12 00:00:00,A,Cerai Hidup,"Jl. Anggrek No. 137, Coblong",Bandung,Jawa Barat,+62 891-6963-2658,rani.hartono.2658@example.invalid,Corporate Guarantee,02-Mar-2019,Ya,Tidak Aktif
PAT-MOCK-0002659,EMR-MOCK-0002659,MOCK-2683-19540220-2659,Joko Hartono,Laki-laki,1954-02-20 00:00:00,A,Belum Menikah,"Jl. Dahlia No. 31, Denpasar Selatan",Denpasar,Bali,+62 865-6502-2659,joko.lesmana.2659@example.invalid,Corporate Guarantee,27-Jun-2024,Ya,Aktif
PAT-MOCK-0002660,EMR-MOCK-0002660,MOCK-9490-19620804-2660,Rani Kusuma,Perempuan,1962-08-04 00:00:00,O,Belum Menikah,"Jl. Cendana No. 176, Ilir Barat I",Palembang,Sumatera Selatan,+62 874-4751-2660,rani.pratama.2660@example.invalid,BPJS Kesehatan,03-Jul-2022,Ya,Aktif
PAT-MOCK-0002661,EMR-MOCK-0002661,MOCK-2874-20030101-2661,Putri Maulana,Perempuan,2003-01-01 00:00:00,O,Belum Menikah,"Jl. Anggrek No. 174, Panakkukang",Makassar,Sulawesi Selatan,+62 865-2698-2661,putri.saputra.2661@example.invalid,Asuransi Swasta,19-Sep-2023,Ya,Aktif
PAT-MOCK-0002662,EMR-MOCK-0002662,MOCK-7986-19490711-2662,Aisyah Purnama,Perempuan,1949-07-11 00:00:00,A,Cerai Hidup,"Jl. Mawar No. 176, Serpong",Tangerang Selatan,Banten,+62 890-2459-2662,aisyah.wijaya.2662@example.invalid,Asuransi Swasta,11-Dec-2019,Tidak,Aktif
PAT-MOCK-0002663,EMR-MOCK-0002663,MOCK-2332-20040527-2663,Eko Nugraha,Laki-laki,2004-05-27 00:00:00,O,Menikah,"Jl. Anggrek No. 170, Kebayoran Baru",Jakarta Selatan,DKI Jakarta,+62 877-4106-2663,eko.santoso.2663@example.invalid,Pribadi,10-Jun-2021,Tidak,Aktif
PAT-MOCK-0002664,EMR-MOCK-0002664,MOCK-5374-19891009-2664,Eko Hartono,Laki-laki,1989-10-09 00:00:00,A,Cerai Mati,"Jl. Merpati No. 78, Kebon Jeruk",Jakarta Barat,DKI Jakarta,+62 858-9865-2664,eko.hidayat.2664@example.invalid,Corporate Guarantee,27-Sep-2021,Ya,Aktif
PAT-MOCK-0002665,EMR-MOCK-0002665,MOCK-8407-19610605-2665,Rani Gunawan,Perempuan,1961-06-05 00:00:00,B,Cerai Hidup,"Jl. Kenanga No. 165, Banyumanik",Semarang,Jawa Tengah,+62 857-2060-2665,rani.nugraha.2665@example.invalid,BPJS Kesehatan,03-Apr-2025,Ya,Aktif
PAT-MOCK-0002666,EMR-MOCK-0002666,MOCK-7203-19970206-2666,Kartika Hidayat,Perempuan,1997-02-06 00:00:00,Belum diperiksa,Menikah,"Jl. Anggrek No. 90, Banyumanik",Semarang,Jawa Tengah,+62 890-2254-2666,kartika.kusuma.2666@example.invalid,Asuransi Swasta,18-Apr-2022,Ya,Aktif
PAT-MOCK-0002667,EMR-MOCK-0002667,MOCK-4468-19510618-2667,Nabila Utama,Perempuan,1951-06-18 00:00:00,B,Belum Menikah,"Jl. Cendana No. 89, Serpong",Tangerang Selatan,Banten,+62 861-8753-2667,nabila.setiawan.2667@example.invalid,Asuransi Swasta,03-Sep-2025,Tidak,Aktif
PAT-MOCK-0002668,EMR-MOCK-0002668,MOCK-6158-20030804-2668,Dimas Nugraha,Laki-laki,2003-08-04 00:00:00,O,Belum Menikah,"Jl. Mawar No. 15, Denpasar Selatan",Denpasar,Bali,+62 884-1276-2668,dimas.permana.2668@example.invalid,Corporate Guarantee,28-May-2021,Ya,Tidak Aktif
PAT-MOCK-0002669,EMR-MOCK-0002669,MOCK-2143-20050514-2669,Wulan Gunawan,Perempuan,2005-05-14 00:00:00,A,Cerai Mati,"Jl. Flamboyan No. 58, Banyumanik",Semarang,Jawa Tengah,+62 891-7751-2669,wulan.ramadhan.2669@example.invalid,Pribadi,30-Jan-2020,Ya,Aktif
PAT-MOCK-0002670,EMR-MOCK-0002670,MOCK-3827-19460727-2670,Dinda Saputra,Perempuan,1946-07-27 00:00:00,A,Menikah,"Jl. Rajawali No. 65, Duren Sawit",Jakarta Timur,DKI Jakarta,+62 817-8623-2670,dinda.maulana.2670@example.invalid,Pribadi,19-Sep-2025,Tidak,Aktif
PAT-MOCK-0002671,EMR-MOCK-0002671,MOCK-1110-19900907-2671,Nadia Permana,Perempuan,1990-09-07 00:00:00,A,Belum Menikah,"Jl. Cemara No. 145, Bogor Tengah",Bogor,Jawa Barat,+62 822-4728-2671,nadia.utama.2671@example.invalid,BPJS Kesehatan,05-Apr-2020,Ya,Aktif
PAT-MOCK-0002672,EMR-MOCK-0002672,MOCK-9601-19980106-2672,Anindya Permana,Perempuan,1998-01-06 00:00:00,A,Belum Menikah,"Jl. Cemara No. 165, Denpasar Selatan",Denpasar,Bali,+62 864-4482-2672,anindya.purnama.2672@example.invalid,Corporate Guarantee,04-Jun-2019,Ya,Aktif
PAT-MOCK-0002673,EMR-MOCK-0002673,MOCK-1715-19560820-2673,Hendra Simanjuntak,Laki-laki,1956-08-20 00:00:00,AB,Cerai Hidup,"Jl. Mawar No. 167, Kebon Jeruk",Jakarta Barat,DKI Jakarta,+62 896-6859-2673,hendra.siregar.2673@example.invalid,Asuransi Perusahaan,29-Mar-2019,Tidak,Aktif
PAT-MOCK-0002674,EMR-MOCK-0002674,MOCK-7283-19930805-2674,Rani Simanjuntak,Perempuan,1993-08-05 00:00:00,O,Menikah,"Jl. Cemara No. 64, Coblong",Bandung,Jawa Barat,+62 837-7366-2674,rani.nasution.2674@example.invalid,BPJS Kesehatan,13-Sep-2022,Tidak,Aktif
PAT-MOCK-0002675,EMR-MOCK-0002675,MOCK-5283-19510606-2675,Yoga Permana,Laki-laki,1951-06-06 00:00:00,O,Belum Menikah,"Jl. Dahlia No. 130, Wonokromo",Surabaya,Jawa Timur,+62 820-1152-2675,yoga.simanjuntak.2675@example.invalid,Pribadi,15-Apr-2019,Ya,Aktif
PAT-MOCK-0002676,EMR-MOCK-0002676,MOCK-5175-19520806-2676,Arya Maulana,Laki-laki,1952-08-06 00:00:00,B,Cerai Mati,"Jl. Flamboyan No. 26, Banyumanik",Semarang,Jawa Tengah,+62 860-7872-2676,arya.halim.2676@example.invalid,Corporate Guarantee,30-May-2025,Tidak,Aktif
PAT-MOCK-0002677,EMR-MOCK-0002677,MOCK-2677-19881211-2677,Nabila Hidayat,Perempuan,1988-12-11 00:00:00,O,Belum Menikah,"Jl. Anggrek No. 131, Panakkukang",Makassar,Sulawesi Selatan,+62 820-9226-2677,nabila.gunawan.2677@example.invalid,Asuransi Swasta,03-Mar-2021,Ya,Aktif
PAT-MOCK-0002678,EMR-MOCK-0002678,MOCK-6055-19940425-2678,Dewi Purnama,Perempuan,1994-04-25 00:00:00,B,Belum Menikah,"Jl. Anggrek No. 19, Ilir Barat I",Palembang,Sumatera Selatan,+62 899-1000-2678,dewi.hartono.2678@example.invalid,Asuransi Swasta,06-Apr-2019,Ya,Tidak Aktif
PAT-MOCK-0002679,EMR-MOCK-0002679,MOCK-5585-19920216-2679,Raka Utama,Laki-laki,1992-02-16 00:00:00,A,Menikah,"Jl. Cemara No. 35, Duren Sawit",Jakarta Timur,DKI Jakarta,+62 849-5187-2679,raka.lesmana.2679@example.invalid,BPJS Kesehatan,13-Feb-2026,Tidak,Aktif
PAT-MOCK-0002680,EMR-MOCK-0002680,MOCK-7232-20041110-2680,Danu Wijaya,Laki-laki,2004-11-10 00:00:00,O,Cerai Hidup,"Jl. Flamboyan No. 171, Karawaci",Tangerang,Banten,+62 829-4514-2680,danu.pratama.2680@example.invalid,Corporate Guarantee,31-Dec-2025,Ya,Aktif
PAT-MOCK-0002681,EMR-MOCK-0002681,MOCK-5311-20140515-2681,Yoga Permana,Laki-laki,2014-05-15 00:00:00,B,Cerai Hidup,"Jl. Cendana No. 2, Medan Baru",Medan,Sumatera Utara,+62 817-3105-2681,yoga.saputra.2681@example.invalid,Asuransi Swasta,12-Apr-2018,Tidak,Aktif
PAT-MOCK-0002682,EMR-MOCK-0002682,MOCK-1276-19470608-2682,Sari Gunawan,Perempuan,1947-06-08 00:00:00,O,Cerai Mati,"Jl. Melati No. 168, Serpong",Tangerang Selatan,Banten,+62 865-7653-2682,sari.wijaya.2682@example.invalid,Asuransi Swasta,10-Mar-2022,Tidak,Aktif
PAT-MOCK-0002683,EMR-MOCK-0002683,MOCK-6538-19751127-2683,Aditya Santoso,Laki-laki,1975-11-27 00:00:00,A,Cerai Hidup,"Jl. Cemara No. 87, Bekasi Selatan",Bekasi,Jawa Barat,+62 884-7063-2683,aditya.santoso.2683@example.invalid,Corporate Guarantee,06-Dec-2018,Ya,Aktif
PAT-MOCK-0002684,EMR-MOCK-0002684,MOCK-5182-19620608-2684,Joko Wijaya,Laki-laki,1962-06-08 00:00:00,B,Belum Menikah,"Jl. Anggrek No. 148, Karawaci",Tangerang,Banten,+62 891-8010-2684,joko.hidayat.2684@example.invalid,BPJS Kesehatan,04-Mar-2023,Ya,Aktif
PAT-MOCK-0002685,EMR-MOCK-0002685,MOCK-5588-19651229-2685,Aditya Nugraha,Laki-laki,1965-12-29 00:00:00,O,Cerai Hidup,"Jl. Cendana No. 27, Banyumanik",Semarang,Jawa Tengah,+62 873-3201-2685,aditya.nugraha.2685@example.invalid,BPJS Kesehatan,08-Dec-2025,Ya,Aktif
PAT-MOCK-0002686,EMR-MOCK-0002686,MOCK-2130-19660304-2686,Kartika Santoso,Perempuan,1966-03-04 00:00:00,A,Belum Menikah,"Jl. Kenanga No. 93, Coblong",Bandung,Jawa Barat,+62 829-1538-2686,kartika.kusuma.2686@example.invalid,BPJS Kesehatan,18-Feb-2020,Ya,Aktif
PAT-MOCK-0002687,EMR-MOCK-0002687,MOCK-8581-19950218-2687,Intan Permana,Perempuan,1995-02-18 00:00:00,Belum diperiksa,Belum Menikah,"Jl. Dahlia No. 125, Beji",Depok,Jawa Barat,+62 883-5287-2687,intan.setiawan.2687@example.invalid,Corporate Guarantee,21-Nov-2021,Tidak,Aktif
PAT-MOCK-0002688,EMR-MOCK-0002688,MOCK-4536-20040109-2688,Bagas Kusuma,Laki-laki,2004-01-09 00:00:00,A,Cerai Mati,"Jl. Cemara No. 141, Karawaci",Tangerang,Banten,+62 847-1347-2688,bagas.permana.2688@example.invalid,Corporate Guarantee,21-Jul-2019,Tidak,Aktif
PAT-MOCK-0002689,EMR-MOCK-0002689,MOCK-3199-19540219-2689,Nadia Siregar,Perempuan,1954-02-19 00:00:00,O,Belum Menikah,"Jl. Merpati No. 28, Ilir Barat I",Palembang,Sumatera Selatan,+62 824-1371-2689,nadia.ramadhan.2689@example.invalid,BPJS Kesehatan,23-Aug-2020,Ya,Aktif
PAT-MOCK-0002690,EMR-MOCK-0002690,MOCK-1344-20000419-2690,Wulan Gunawan,Perempuan,2000-04-19 00:00:00,A,Belum Menikah,"Jl. Dahlia No. 101, Kebon Jeruk",Jakarta Barat,DKI Jakarta,+62 832-1824-2690,wulan.maulana.2690@example.invalid,Asuransi Perusahaan,04-Mar-2024,Ya,Aktif
PAT-MOCK-0002691,EMR-MOCK-0002691,MOCK-5482-20030720-2691,Citra Simanjuntak,Perempuan,2003-07-20 00:00:00,B,Menikah,"Jl. Cendana No. 41, Wonokromo",Surabaya,Jawa Timur,+62 833-2856-2691,citra.utama.2691@example.invalid,Pribadi,07-Mar-2018,Ya,Aktif
PAT-MOCK-0002692,EMR-MOCK-0002692,MOCK-7154-20140901-2692,Aditya Saputra,Laki-laki,2014-09-01 00:00:00,O,Belum Menikah,"Jl. Cemara No. 90, Denpasar Selatan",Denpasar,Bali,+62 835-8999-2692,aditya.purnama.2692@example.invalid,Corporate Guarantee,13-Jan-2024,Ya,Aktif
PAT-MOCK-0002693,EMR-MOCK-0002693,MOCK-5059-19930110-2693,Aulia Santoso,Perempuan,1993-01-10 00:00:00,A,Menikah,"Jl. Rajawali No. 18, Medan Baru",Medan,Sumatera Utara,+62 819-8318-2693,aulia.siregar.2693@example.invalid,Pribadi,17-Apr-2025,Ya,Aktif
PAT-MOCK-0002694,EMR-MOCK-0002694,MOCK-1296-19830501-2694,Maya Maulana,Perempuan,1983-05-01 00:00:00,A,Belum Menikah,"Jl. Merpati No. 127, Bekasi Selatan",Bekasi,Jawa Barat,+62 871-5236-2694,maya.nasution.2694@example.invalid,Asuransi Swasta,25-Nov-2024,Tidak,Aktif
PAT-MOCK-0002695,EMR-MOCK-0002695,MOCK-6335-19730423-2695,Tiara Saputra,Perempuan,1973-04-23 00:00:00,B,Cerai Mati,"Jl. Cendana No. 153, Beji",Depok,Jawa Barat,+62 899-1831-2695,tiara.simanjuntak.2695@example.invalid,Corporate Guarantee,22-Jan-2024,Tidak,Aktif
PAT-MOCK-0002696,EMR-MOCK-0002696,MOCK-5964-19961202-2696,Putri Saputra,Perempuan,1996-12-02 00:00:00,O,Cerai Mati,"Jl. Anggrek No. 83, Serpong",Tangerang Selatan,Banten,+62 830-6183-2696,putri.halim.2696@example.invalid,Asuransi Perusahaan,21-May-2024,Ya,Aktif
PAT-MOCK-0002697,EMR-MOCK-0002697,MOCK-5523-20150102-2697,Kartika Halim,Perempuan,2015-01-02 00:00:00,A,Belum Menikah,"Jl. Kenanga No. 39, Bekasi Selatan",Bekasi,Jawa Barat,+62 836-1959-2697,kartika.gunawan.2697@example.invalid,Asuransi Perusahaan,15-Oct-2025,Ya,Aktif
PAT-MOCK-0002698,EMR-MOCK-0002698,MOCK-8038-19740105-2698,Dimas Siregar,Laki-laki,1974-01-05 00:00:00,A,Cerai Hidup,"Jl. Dahlia No. 180, Bogor Tengah",Bogor,Jawa Barat,+62 851-2895-2698,dimas.hartono.2698@example.invalid,Pribadi,20-Dec-2022,Tidak,Aktif
PAT-MOCK-0002699,EMR-MOCK-0002699,MOCK-5069-20061216-2699,Bima Simanjuntak,Laki-laki,2006-12-16 00:00:00,O,Belum Menikah,"Jl. Melati No. 6, Denpasar Selatan",Denpasar,Bali,+62 884-2347-2699,bima.lesmana.2699@example.invalid,Asuransi Swasta,05-Oct-2021,Ya,Aktif
PAT-MOCK-0002700,EMR-MOCK-0002700,MOCK-5830-19521218-2700,Fajar Gunawan,Laki-laki,1952-12-18 00:00:00,B,Cerai Mati,"Jl. Merpati No. 166, Bekasi Selatan",Bekasi,Jawa Barat,+62 830-3901-2700,fajar.pratama.2700@example.invalid,BPJS Kesehatan,17-Jun-2019,Ya,Aktif
PAT-MOCK-0002701,EMR-MOCK-0002701,MOCK-9158-19980511-2701,Rangga Setiawan,Laki-laki,1998-05-11 00:00:00,AB,Belum Menikah,"Jl. Cemara No. 165, Serpong",Tangerang Selatan,Banten,+62 867-4943-2701,rangga.saputra.2701@example.invalid,Asuransi Perusahaan,26-Jan-2020,Tidak,Aktif
PAT-MOCK-0002702,EMR-MOCK-0002702,MOCK-6609-19561020-2702,Dimas Gunawan,Laki-laki,1956-10-20 00:00:00,B,Cerai Hidup,"Jl. Kenanga No. 95, Kebayoran Baru",Jakarta Selatan,DKI Jakarta,+62 858-2200-2702,dimas.wijaya.2702@example.invalid,BPJS Kesehatan,26-Nov-2023,Tidak,Aktif
PAT-MOCK-0002703,EMR-MOCK-0002703,MOCK-7178-19760612-2703,Tiara Gunawan,Perempuan,1976-06-12 00:00:00,A,Belum Menikah,"Jl. Rajawali No. 127, Duren Sawit",Jakarta Timur,DKI Jakarta,+62 873-2223-2703,tiara.santoso.2703@example.invalid,Asuransi Perusahaan,24-Aug-2018,Tidak,Aktif
PAT-MOCK-0002704,EMR-MOCK-0002704,MOCK-2976-19541123-2704,Danu Hidayat,Laki-laki,1954-11-23 00:00:00,AB,Cerai Mati,"Jl. Cendana No. 21, Bekasi Selatan",Bekasi,Jawa Barat,+62 896-4577-2704,danu.hidayat.2704@example.invalid,Corporate Guarantee,18-Aug-2019,Ya,Aktif
PAT-MOCK-0002705,EMR-MOCK-0002705,MOCK-7155-19470902-2705,Anindya Nasution,Perempuan,1947-09-02 00:00:00,O,Menikah,"Jl. Anggrek No. 93, Serpong",Tangerang Selatan,Banten,+62 867-9359-2705,anindya.nugraha.2705@example.invalid,Corporate Guarantee,05-Jan-2021,Ya,Aktif
PAT-MOCK-0002706,EMR-MOCK-0002706,MOCK-5070-19860925-2706,Dimas Gunawan,Laki-laki,1986-09-25 00:00:00,O,Cerai Hidup,"Jl. Cendana No. 33, Bogor Tengah",Bogor,Jawa Barat,+62 818-4014-2706,dimas.kusuma.2706@example.invalid,Asuransi Perusahaan,27-Apr-2019,Ya,Aktif
PAT-MOCK-0002707,EMR-MOCK-0002707,MOCK-9676-19510712-2707,Kartika Lesmana,Perempuan,1951-07-12 00:00:00,B,Menikah,"Jl. Flamboyan No. 125, Bogor Tengah",Bogor,Jawa Barat,+62 817-4506-2707,kartika.setiawan.2707@example.invalid,Pribadi,24-Feb-2020,Ya,Aktif
PAT-MOCK-0002708,EMR-MOCK-0002708,MOCK-8334-19820226-2708,Aditya Hidayat,Laki-laki,1982-02-26 00:00:00,O,Cerai Mati,"Jl. Rajawali No. 14, Kebayoran Baru",Jakarta Selatan,DKI Jakarta,+62 820-8990-2708,aditya.permana.2708@example.invalid,BPJS Kesehatan,10-May-2020,Ya,Tidak Aktif
PAT-MOCK-0002709,EMR-MOCK-0002709,MOCK-2701-19510716-2709,Citra Pratama,Perempuan,1951-07-16 00:00:00,O,Belum Menikah,"Jl. Cemara No. 23, Duren Sawit",Jakarta Timur,DKI Jakarta,+62 890-5720-2709,citra.ramadhan.2709@example.invalid,Asuransi Swasta,03-May-2025,Ya,Aktif
PAT-MOCK-0002710,EMR-MOCK-0002710,MOCK-4907-19561027-2710,Joko Siregar,Laki-laki,1956-10-27 00:00:00,B,Cerai Hidup,"Jl. Rajawali No. 119, Wonokromo",Surabaya,Jawa Timur,+62 860-4200-2710,joko.maulana.2710@example.invalid,BPJS Kesehatan,17-Apr-2019,Ya,Aktif
PAT-MOCK-0002711,EMR-MOCK-0002711,MOCK-1705-19881201-2711,Rizky Nasution,Laki-laki,1988-12-01 00:00:00,A,Cerai Mati,"Jl. Cendana No. 86, Medan Baru",Medan,Sumatera Utara,+62 838-8868-2711,rizky.utama.2711@example.invalid,Pribadi,11-Jun-2019,Ya,Aktif
PAT-MOCK-0002712,EMR-MOCK-0002712,MOCK-8797-20070115-2712,Nabila Hidayat,Perempuan,2007-01-15 00:00:00,AB,Menikah,"Jl. Rajawali No. 106, Beji",Depok,Jawa Barat,+62 842-6338-2712,nabila.purnama.2712@example.invalid,Asuransi Perusahaan,31-Jul-2025,Tidak,Aktif
PAT-MOCK-0002713,EMR-MOCK-0002713,MOCK-9642-19870701-2713,Raka Siregar,Laki-laki,1987-07-01 00:00:00,A,Cerai Mati,"Jl. Merpati No. 4, Duren Sawit",Jakarta Timur,DKI Jakarta,+62 866-4134-2713,raka.siregar.2713@example.invalid,BPJS Kesehatan,30-Nov-2023,Ya,Aktif
PAT-MOCK-0002714,EMR-MOCK-0002714,MOCK-1419-19640115-2714,Yoga Pratama,Laki-laki,1964-01-15 00:00:00,AB,Menikah,"Jl. Melati No. 15, Wonokromo",Surabaya,Jawa Timur,+62 839-7579-2714,yoga.nasution.2714@example.invalid,Asuransi Swasta,03-Feb-2022,Ya,Aktif
PAT-MOCK-0002715,EMR-MOCK-0002715,MOCK-2327-20020408-2715,Amelia Permana,Perempuan,2002-04-08 00:00:00,O,Belum Menikah,"Jl. Anggrek No. 69, Denpasar Selatan",Denpasar,Bali,+62 810-5277-2715,amelia.simanjuntak.2715@example.invalid,BPJS Kesehatan,26-Apr-2021,Ya,Tidak Aktif
PAT-MOCK-0002716,EMR-MOCK-0002716,MOCK-9193-20180921-2716,Aulia Santoso,Perempuan,2018-09-21 00:00:00,B,Menikah,"Jl. Merpati No. 179, Panakkukang",Makassar,Sulawesi Selatan,+62 882-3062-2716,aulia.halim.2716@example.invalid,Asuransi Swasta,07-Sep-2021,Tidak,Aktif
PAT-MOCK-0002717,EMR-MOCK-0002717,MOCK-1953-19530106-2717,Eko Pratama,Laki-laki,1953-01-06 00:00:00,B,Belum Menikah,"Jl. Merpati No. 141, Serpong",Tangerang Selatan,Banten,+62 828-5504-2717,eko.gunawan.2717@example.invalid,Asuransi Swasta,09-Mar-2020,Ya,Aktif
PAT-MOCK-0002718,EMR-MOCK-0002718,MOCK-6465-19751218-2718,Hendra Hidayat,Laki-laki,1975-12-18 00:00:00,B,Belum Menikah,"Jl. Cendana No. 20, Panakkukang",Makassar,Sulawesi Selatan,+62 820-3672-2718,hendra.hartono.2718@example.invalid,Asuransi Perusahaan,04-Sep-2019,Ya,Aktif
PAT-MOCK-0002719,EMR-MOCK-0002719,MOCK-3794-19590130-2719,Farhan Wijaya,Laki-laki,1959-01-30 00:00:00,A,Cerai Mati,"Jl. Cemara No. 37, Kebayoran Baru",Jakarta Selatan,DKI Jakarta,+62 877-8919-2719,farhan.lesmana.2719@example.invalid,Asuransi Swasta,06-Mar-2024,Ya,Aktif
PAT-MOCK-0002720,EMR-MOCK-0002720,MOCK-1470-20150728-2720,Sari Setiawan,Perempuan,2015-07-28 00:00:00,O,Cerai Mati,"Jl. Mawar No. 151, Bogor Tengah",Bogor,Jawa Barat,+62 877-9019-2720,sari.pratama.2720@example.invalid,BPJS Kesehatan,18-Feb-2025,Ya,Aktif
PAT-MOCK-0002721,EMR-MOCK-0002721,MOCK-1735-19830130-2721,Joko Purnama,Laki-laki,1983-01-30 00:00:00,O,Cerai Hidup,"Jl. Mawar No. 19, Bekasi Selatan",Bekasi,Jawa Barat,+62 838-3643-2721,joko.saputra.2721@example.invalid,Asuransi Perusahaan,14-Nov-2018,Tidak,Aktif
PAT-MOCK-0002722,EMR-MOCK-0002722,MOCK-4962-19500515-2722,Raka Gunawan,Laki-laki,1950-05-15 00:00:00,O,Cerai Mati,"Jl. Cendana No. 33, Coblong",Bandung,Jawa Barat,+62 893-4717-2722,raka.wijaya.2722@example.invalid,Pribadi,02-Sep-2023,Ya,Aktif
PAT-MOCK-0002723,EMR-MOCK-0002723,MOCK-8218-19781121-2723,Joko Hartono,Laki-laki,1978-11-21 00:00:00,AB,Cerai Hidup,"Jl. Melati No. 13, Wonokromo",Surabaya,Jawa Timur,+62 860-2974-2723,joko.santoso.2723@example.invalid,BPJS Kesehatan,26-Nov-2021,Tidak,Aktif
PAT-MOCK-0002724,EMR-MOCK-0002724,MOCK-7365-19930827-2724,Bima Permana,Laki-laki,1993-08-27 00:00:00,B,Belum Menikah,"Jl. Cendana No. 151, Kebayoran Baru",Jakarta Selatan,DKI Jakarta,+62 863-4581-2724,bima.hidayat.2724@example.invalid,BPJS Kesehatan,10-Aug-2025,Ya,Aktif
PAT-MOCK-0002725,EMR-MOCK-0002725,MOCK-7433-19880516-2725,Tiara Setiawan,Perempuan,1988-05-16 00:00:00,B,Menikah,"Jl. Flamboyan No. 119, Karawaci",Tangerang,Banten,+62 886-5182-2725,tiara.nugraha.2725@example.invalid,Pribadi,14-Jun-2025,Tidak,Aktif
PAT-MOCK-0002726,EMR-MOCK-0002726,MOCK-9329-19740531-2726,Joko Purnama,Laki-laki,1974-05-31 00:00:00,O,Cerai Hidup,"Jl. Cemara No. 116, Kebon Jeruk",Jakarta Barat,DKI Jakarta,+62 846-9221-2726,joko.kusuma.2726@example.invalid,Corporate Guarantee,19-Mar-2024,Ya,Aktif
PAT-MOCK-0002727,EMR-MOCK-0002727,MOCK-4765-20030219-2727,Rani Santoso,Perempuan,2003-02-19 00:00:00,A,Cerai Hidup,"Jl. Anggrek No. 71, Bekasi Selatan",Bekasi,Jawa Barat,+62 896-7110-2727,rani.setiawan.2727@example.invalid,BPJS Kesehatan,19-Jun-2019,Tidak,Aktif
PAT-MOCK-0002728,EMR-MOCK-0002728,MOCK-2528-20051206-2728,Bima Permana,Laki-laki,2005-12-06 00:00:00,O,Menikah,"Jl. Mawar No. 79, Panakkukang",Makassar,Sulawesi Selatan,+62 844-1332-2728,bima.permana.2728@example.invalid,Pribadi,24-Jul-2025,Ya,Aktif
PAT-MOCK-0002729,EMR-MOCK-0002729,MOCK-4748-19590905-2729,Rizky Halim,Laki-laki,1959-09-05 00:00:00,O,Belum Menikah,"Jl. Cendana No. 119, Banyumanik",Semarang,Jawa Tengah,+62 866-7117-2729,rizky.ramadhan.2729@example.invalid,Pribadi,17-Feb-2026,Tidak,Aktif
PAT-MOCK-0002730,EMR-MOCK-0002730,MOCK-3417-19551205-2730,Sari Ramadhan,Perempuan,1955-12-05 00:00:00,Belum diperiksa,Cerai Mati,"Jl. Flamboyan No. 60, Coblong",Bandung,Jawa Barat,+62 844-4610-2730,sari.maulana.2730@example.invalid,Asuransi Perusahaan,19-Jun-2021,Ya,Aktif
PAT-MOCK-0002731,EMR-MOCK-0002731,MOCK-2152-19930612-2731,Aisyah Purnama,Perempuan,1993-06-12 00:00:00,O,Menikah,"Jl. Rajawali No. 180, Duren Sawit",Jakarta Timur,DKI Jakarta,+62 865-6031-2731,aisyah.utama.2731@example.invalid,Asuransi Swasta,04-Jan-2024,Ya,Aktif
PAT-MOCK-0002732,EMR-MOCK-0002732,MOCK-8561-19460530-2732,Intan Utama,Perempuan,1946-05-30 00:00:00,A,Cerai Hidup,"Jl. Merpati No. 54, Duren Sawit",Jakarta Timur,DKI Jakarta,+62 882-6462-2732,intan.purnama.2732@example.invalid,Asuransi Perusahaan,25-Sep-2021,Ya,Aktif
PAT-MOCK-0002733,EMR-MOCK-0002733,MOCK-7569-20090828-2733,Aulia Maulana,Perempuan,2009-08-28 00:00:00,A,Cerai Mati,"Jl. Mawar No. 166, Coblong",Bandung,Jawa Barat,+62 855-7059-2733,aulia.siregar.2733@example.invalid,Asuransi Perusahaan,05-Sep-2022,Ya,Aktif
PAT-MOCK-0002734,EMR-MOCK-0002734,MOCK-9910-20120220-2734,Aulia Simanjuntak,Perempuan,2012-02-20 00:00:00,B,Menikah,"Jl. Cendana No. 179, Panakkukang",Makassar,Sulawesi Selatan,+62 889-3107-2734,aulia.nasution.2734@example.invalid,Pribadi,06-Jan-2019,Tidak,Aktif
PAT-MOCK-0002735,EMR-MOCK-0002735,MOCK-6117-19540621-2735,Anindya Halim,Perempuan,1954-06-21 00:00:00,Belum diperiksa,Belum Menikah,"Jl. Anggrek No. 12, Ilir Barat I",Palembang,Sumatera Selatan,+62 848-3643-2735,anindya.simanjuntak.2735@example.invalid,Asuransi Perusahaan,05-Jul-2019,Tidak,Tidak Aktif
PAT-MOCK-0002736,EMR-MOCK-0002736,MOCK-2180-19600412-2736,Citra Hartono,Perempuan,1960-04-12 00:00:00,B,Belum Menikah,"Jl. Cemara No. 115, Ilir Barat I",Palembang,Sumatera Selatan,+62 881-5122-2736,citra.halim.2736@example.invalid,Pribadi,05-Feb-2018,Ya,Aktif
PAT-MOCK-0002737,EMR-MOCK-0002737,MOCK-8090-19750104-2737,Rani Kusuma,Perempuan,1975-01-04 00:00:00,O,Menikah,"Jl. Melati No. 112, Beji",Depok,Jawa Barat,+62 861-7629-2737,rani.gunawan.2737@example.invalid,Corporate Guarantee,21-Sep-2021,Ya,Aktif
PAT-MOCK-0002738,EMR-MOCK-0002738,MOCK-9235-20121228-2738,Arya Wijaya,Laki-laki,2012-12-28 00:00:00,B,Cerai Mati,"Jl. Mawar No. 87, Ilir Barat I",Palembang,Sumatera Selatan,+62 835-6544-2738,arya.hartono.2738@example.invalid,Asuransi Perusahaan,04-Oct-2021,Tidak,Aktif
PAT-MOCK-0002739,EMR-MOCK-0002739,MOCK-2963-20191122-2739,Putri Simanjuntak,Perempuan,2019-11-22 00:00:00,AB,Cerai Mati,"Jl. Mawar No. 19, Bekasi Selatan",Bekasi,Jawa Barat,+62 895-8956-2739,putri.lesmana.2739@example.invalid,Asuransi Perusahaan,12-Aug-2024,Ya,Aktif
PAT-MOCK-0002740,EMR-MOCK-0002740,MOCK-7391-19550812-2740,Galang Nugraha,Laki-laki,1955-08-12 00:00:00,O,Cerai Mati,"Jl. Merpati No. 125, Bogor Tengah",Bogor,Jawa Barat,+62 830-3974-2740,galang.pratama.2740@example.invalid,BPJS Kesehatan,29-May-2021,Ya,Aktif
PAT-MOCK-0002741,EMR-MOCK-0002741,MOCK-9471-19521007-2741,Fajar Nasution,Laki-laki,1952-10-07 00:00:00,B,Menikah,"Jl. Melati No. 74, Medan Baru",Medan,Sumatera Utara,+62 898-9770-2741,fajar.saputra.2741@example.invalid,Asuransi Swasta,09-Jun-2019,Tidak,Aktif
PAT-MOCK-0002742,EMR-MOCK-0002742,MOCK-9009-19780428-2742,Danu Halim,Laki-laki,1978-04-28 00:00:00,O,Cerai Mati,"Jl. Flamboyan No. 14, Kebon Jeruk",Jakarta Barat,DKI Jakarta,+62 865-8160-2742,danu.wijaya.2742@example.invalid,Pribadi,26-Apr-2022,Tidak,Aktif
PAT-MOCK-0002743,EMR-MOCK-0002743,MOCK-8768-19971206-2743,Citra Nugraha,Perempuan,1997-12-06 00:00:00,A,Cerai Hidup,"Jl. Melati No. 73, Coblong",Bandung,Jawa Barat,+62 835-5699-2743,citra.santoso.2743@example.invalid,Pribadi,11-Mar-2020,Ya,Aktif
PAT-MOCK-0002744,EMR-MOCK-0002744,MOCK-4761-20100218-2744,Farhan Gunawan,Laki-laki,2010-02-18 00:00:00,AB,Cerai Mati,"Jl. Melati No. 120, Bekasi Selatan",Bekasi,Jawa Barat,+62 893-7134-2744,farhan.hidayat.2744@example.invalid,Corporate Guarantee,10-Aug-2024,Ya,Aktif
PAT-MOCK-0002745,EMR-MOCK-0002745,MOCK-7684-19970626-2745,Wulan Kusuma,Perempuan,1997-06-26 00:00:00,O,Cerai Mati,"Jl. Flamboyan No. 95, Medan Baru",Medan,Sumatera Utara,+62 845-1271-2745,wulan.nugraha.2745@example.invalid,BPJS Kesehatan,28-May-2019,Tidak,Aktif
PAT-MOCK-0002746,EMR-MOCK-0002746,MOCK-7728-20040913-2746,Eko Utama,Laki-laki,2004-09-13 00:00:00,A,Menikah,"Jl. Merpati No. 38, Duren Sawit",Jakarta Timur,DKI Jakarta,+62 879-7689-2746,eko.kusuma.2746@example.invalid,Asuransi Perusahaan,17-Jul-2022,Tidak,Aktif
PAT-MOCK-0002747,EMR-MOCK-0002747,MOCK-3915-19540113-2747,Andi Nasution,Laki-laki,1954-01-13 00:00:00,Belum diperiksa,Belum Menikah,"Jl. Melati No. 19, Karawaci",Tangerang,Banten,+62 835-9587-2747,andi.setiawan.2747@example.invalid,Pribadi,01-Feb-2022,Tidak,Aktif
PAT-MOCK-0002748,EMR-MOCK-0002748,MOCK-9325-20201212-2748,Aditya Hidayat,Laki-laki,2020-12-12 00:00:00,B,Cerai Mati,"Jl. Dahlia No. 137, Coblong",Bandung,Jawa Barat,+62 850-1243-2748,aditya.permana.2748@example.invalid,Corporate Guarantee,13-Dec-2020,Ya,Aktif
PAT-MOCK-0002749,EMR-MOCK-0002749,MOCK-6052-19490625-2749,Danu Simanjuntak,Laki-laki,1949-06-25 00:00:00,O,Cerai Mati,"Jl. Merpati No. 107, Kebon Jeruk",Jakarta Barat,DKI Jakarta,+62 811-2234-2749,danu.ramadhan.2749@example.invalid,Pribadi,17-Nov-2023,Ya,Aktif
PAT-MOCK-0002750,EMR-MOCK-0002750,MOCK-1431-20110217-2750,Irfan Maulana,Laki-laki,2011-02-17 00:00:00,O,Cerai Mati,"Jl. Kenanga No. 91, Karawaci",Tangerang,Banten,+62 838-5710-2750,irfan.maulana.2750@example.invalid,Asuransi Swasta,06-Oct-2022,Ya,Aktif
PAT-MOCK-0002751,EMR-MOCK-0002751,MOCK-2402-20151204-2751,Intan Ramadhan,Perempuan,2015-12-04 00:00:00,O,Belum Menikah,"Jl. Mawar No. 167, Denpasar Selatan",Denpasar,Bali,+62 853-4875-2751,intan.utama.2751@example.invalid,Asuransi Swasta,03-Apr-2023,Ya,Aktif
PAT-MOCK-0002752,EMR-MOCK-0002752,MOCK-7396-19750328-2752,Yoga Ramadhan,Laki-laki,1975-03-28 00:00:00,B,Cerai Mati,"Jl. Cemara No. 143, Panakkukang",Makassar,Sulawesi Selatan,+62 860-7030-2752,yoga.purnama.2752@example.invalid,Asuransi Perusahaan,07-Jul-2025,Ya,Aktif
PAT-MOCK-0002753,EMR-MOCK-0002753,MOCK-7413-19850627-2753,Farhan Nugraha,Laki-laki,1985-06-27 00:00:00,O,Cerai Mati,"Jl. Cemara No. 87, Wonokromo",Surabaya,Jawa Timur,+62 825-7134-2753,farhan.siregar.2753@example.invalid,Asuransi Swasta,23-Dec-2024,Ya,Aktif
PAT-MOCK-0002754,EMR-MOCK-0002754,MOCK-4085-19511020-2754,Joko Santoso,Laki-laki,1951-10-20 00:00:00,B,Cerai Mati,"Jl. Kenanga No. 147, Ilir Barat I",Palembang,Sumatera Selatan,+62 813-7310-2754,joko.nasution.2754@example.invalid,Pribadi,19-Feb-2025,Ya,Aktif
PAT-MOCK-0002755,EMR-MOCK-0002755,MOCK-7795-20170425-2755,Arya Lesmana,Laki-laki,2017-04-25 00:00:00,O,Menikah,"Jl. Kenanga No. 127, Serpong",Tangerang Selatan,Banten,+62 888-6649-2755,arya.simanjuntak.2755@example.invalid,BPJS Kesehatan,10-Jul-2024,Ya,Aktif
PAT-MOCK-0002756,EMR-MOCK-0002756,MOCK-8200-20070309-2756,Joko Nugraha,Laki-laki,2007-03-09 00:00:00,B,Cerai Mati,"Jl. Dahlia No. 36, Coblong",Bandung,Jawa Barat,+62 888-9224-2756,joko.halim.2756@example.invalid,BPJS Kesehatan,13-May-2021,Ya,Aktif
PAT-MOCK-0002757,EMR-MOCK-0002757,MOCK-5809-19791003-2757,Aditya Utama,Laki-laki,1979-10-03 00:00:00,O,Menikah,"Jl. Melati No. 161, Denpasar Selatan",Denpasar,Bali,+62 822-5325-2757,aditya.gunawan.2757@example.invalid,Corporate Guarantee,09-Jul-2019,Ya,Aktif
PAT-MOCK-0002758,EMR-MOCK-0002758,MOCK-3634-19650519-2758,Rani Utama,Perempuan,1965-05-19 00:00:00,O,Cerai Mati,"Jl. Rajawali No. 96, Bekasi Selatan",Bekasi,Jawa Barat,+62 837-6608-2758,rani.hartono.2758@example.invalid,Corporate Guarantee,12-Jun-2023,Tidak,Aktif
PAT-MOCK-0002759,EMR-MOCK-0002759,MOCK-7537-19680504-2759,Tiara Pratama,Perempuan,1968-05-04 00:00:00,O,Menikah,"Jl. Anggrek No. 102, Denpasar Selatan",Denpasar,Bali,+62 818-2153-2759,tiara.lesmana.2759@example.invalid,Asuransi Perusahaan,31-Dec-2024,Ya,Aktif
PAT-MOCK-0002760,EMR-MOCK-0002760,MOCK-8434-20230225-2760,Danu Ramadhan,Laki-laki,2023-02-25 00:00:00,A,Cerai Hidup,"Jl. Merpati No. 179, Coblong",Bandung,Jawa Barat,+62 837-7889-2760,danu.pratama.2760@example.invalid,Asuransi Perusahaan,29-May-2023,Ya,Aktif
PAT-MOCK-0002761,EMR-MOCK-0002761,MOCK-3175-20000610-2761,Galang Hidayat,Laki-laki,2000-06-10 00:00:00,O,Menikah,"Jl. Merpati No. 135, Banyumanik",Semarang,Jawa Tengah,+62 850-8542-2761,galang.saputra.2761@example.invalid,Asuransi Swasta,11-Jul-2023,Ya,Aktif
PAT-MOCK-0002762,EMR-MOCK-0002762,MOCK-9103-19540415-2762,Fajar Pratama,Laki-laki,1954-04-15 00:00:00,B,Menikah,"Jl. Kenanga No. 87, Kebayoran Baru",Jakarta Selatan,DKI Jakarta,+62 877-5630-2762,fajar.wijaya.2762@example.invalid,Pribadi,21-Feb-2021,Tidak,Aktif
PAT-MOCK-0002763,EMR-MOCK-0002763,MOCK-6237-20011220-2763,Amelia Ramadhan,Perempuan,2001-12-20 00:00:00,O,Belum Menikah,"Jl. Dahlia No. 42, Duren Sawit",Jakarta Timur,DKI Jakarta,+62 887-1441-2763,amelia.santoso.2763@example.invalid,Corporate Guarantee,19-Oct-2022,Tidak,Aktif
PAT-MOCK-0002764,EMR-MOCK-0002764,MOCK-5181-19991118-2764,Citra Kusuma,Perempuan,1999-11-18 00:00:00,O,Cerai Mati,"Jl. Dahlia No. 29, Kebon Jeruk",Jakarta Barat,DKI Jakarta,+62 841-2833-2764,citra.hidayat.2764@example.invalid,Asuransi Perusahaan,08-Oct-2018,Ya,Aktif
PAT-MOCK-0002765,EMR-MOCK-0002765,MOCK-8303-19851005-2765,Arif Kusuma,Laki-laki,1985-10-05 00:00:00,A,Menikah,"Jl. Cemara No. 22, Serpong",Tangerang Selatan,Banten,+62 889-9133-2765,arif.nugraha.2765@example.invalid,Corporate Guarantee,09-Feb-2026,Tidak,Aktif
PAT-MOCK-0002766,EMR-MOCK-0002766,MOCK-4120-20080710-2766,Dimas Permana,Laki-laki,2008-07-10 00:00:00,A,Menikah,"Jl. Dahlia No. 111, Karawaci",Tangerang,Banten,+62 853-6821-2766,dimas.kusuma.2766@example.invalid,BPJS Kesehatan,15-Mar-2025,Ya,Aktif
PAT-MOCK-0002767,EMR-MOCK-0002767,MOCK-3932-19880919-2767,Nadia Ramadhan,Perempuan,1988-09-19 00:00:00,A,Cerai Mati,"Jl. Dahlia No. 36, Ilir Barat I",Palembang,Sumatera Selatan,+62 877-4122-2767,nadia.setiawan.2767@example.invalid,Pribadi,25-Jun-2025,Ya,Aktif
PAT-MOCK-0002768,EMR-MOCK-0002768,MOCK-8216-20160425-2768,Fajar Utama,Laki-laki,2016-04-25 00:00:00,A,Belum Menikah,"Jl. Cendana No. 36, Medan Baru",Medan,Sumatera Utara,+62 889-4556-2768,fajar.permana.2768@example.invalid,Pribadi,17-Jan-2022,Tidak,Aktif
PAT-MOCK-0002769,EMR-MOCK-0002769,MOCK-2276-20200503-2769,Rizky Gunawan,Laki-laki,2020-05-03 00:00:00,A,Menikah,"Jl. Mawar No. 47, Kebon Jeruk",Jakarta Barat,DKI Jakarta,+62 824-6242-2769,rizky.ramadhan.2769@example.invalid,BPJS Kesehatan,04-May-2020,Tidak,Aktif
PAT-MOCK-0002770,EMR-MOCK-0002770,MOCK-4534-19760626-2770,Dinda Kusuma,Perempuan,1976-06-26 00:00:00,B,Cerai Mati,"Jl. Kenanga No. 177, Kebon Jeruk",Jakarta Barat,DKI Jakarta,+62 850-7022-2770,dinda.maulana.2770@example.invalid,Pribadi,02-Mar-2020,Ya,Aktif
PAT-MOCK-0002771,EMR-MOCK-0002771,MOCK-2701-19870810-2771,Ahmad Nasution,Laki-laki,1987-08-10 00:00:00,O,Cerai Mati,"Jl. Dahlia No. 162, Bekasi Selatan",Bekasi,Jawa Barat,+62 821-4137-2771,ahmad.utama.2771@example.invalid,BPJS Kesehatan,08-May-2024,Tidak,Tidak Aktif
PAT-MOCK-0002772,EMR-MOCK-0002772,MOCK-7236-19861117-2772,Farhan Hidayat,Laki-laki,1986-11-17 00:00:00,B,Cerai Mati,"Jl. Dahlia No. 67, Panakkukang",Makassar,Sulawesi Selatan,+62 891-6954-2772,farhan.purnama.2772@example.invalid,Asuransi Perusahaan,21-Nov-2025,Tidak,Aktif
PAT-MOCK-0002773,EMR-MOCK-0002773,MOCK-4260-19961211-2773,Wulan Kusuma,Perempuan,1996-12-11 00:00:00,B,Belum Menikah,"Jl. Kenanga No. 148, Kebon Jeruk",Jakarta Barat,DKI Jakarta,+62 855-3822-2773,wulan.siregar.2773@example.invalid,BPJS Kesehatan,11-Oct-2018,Ya,Aktif
PAT-MOCK-0002774,EMR-MOCK-0002774,MOCK-4914-19850610-2774,Aisyah Permana,Perempuan,1985-06-10 00:00:00,A,Belum Menikah,"Jl. Kenanga No. 137, Coblong",Bandung,Jawa Barat,+62 888-7397-2774,aisyah.nasution.2774@example.invalid,Pribadi,30-Nov-2025,Ya,Aktif
PAT-MOCK-0002775,EMR-MOCK-0002775,MOCK-5860-19670722-2775,Aisyah Hidayat,Perempuan,1967-07-22 00:00:00,B,Cerai Mati,"Jl. Anggrek No. 21, Bogor Tengah",Bogor,Jawa Barat,+62 824-6480-2775,aisyah.simanjuntak.2775@example.invalid,Pribadi,30-Nov-2022,Ya,Aktif
PAT-MOCK-0002776,EMR-MOCK-0002776,MOCK-5237-19930409-2776,Rizky Hartono,Laki-laki,1993-04-09 00:00:00,A,Belum Menikah,"Jl. Kenanga No. 52, Bekasi Selatan",Bekasi,Jawa Barat,+62 846-5963-2776,rizky.halim.2776@example.invalid,Pribadi,02-Feb-2020,Ya,Tidak Aktif
PAT-MOCK-0002777,EMR-MOCK-0002777,MOCK-1882-19680318-2777,Aulia Saputra,Perempuan,1968-03-18 00:00:00,B,Belum Menikah,"Jl. Melati No. 2, Denpasar Selatan",Denpasar,Bali,+62 885-9746-2777,aulia.gunawan.2777@example.invalid,Corporate Guarantee,05-Aug-2021,Tidak,Aktif
PAT-MOCK-0002778,EMR-MOCK-0002778,MOCK-7441-20050623-2778,Anindya Permana,Perempuan,2005-06-23 00:00:00,B,Cerai Hidup,"Jl. Anggrek No. 88, Beji",Depok,Jawa Barat,+62 810-7326-2778,anindya.hartono.2778@example.invalid,Asuransi Perusahaan,01-Sep-2022,Ya,Aktif
PAT-MOCK-0002779,EMR-MOCK-0002779,MOCK-8947-19880618-2779,Dimas Pratama,Laki-laki,1988-06-18 00:00:00,B,Belum Menikah,"Jl. Melati No. 160, Ilir Barat I",Palembang,Sumatera Selatan,+62 865-7216-2779,dimas.lesmana.2779@example.invalid,Asuransi Swasta,15-Feb-2024,Ya,Aktif
PAT-MOCK-0002780,EMR-MOCK-0002780,MOCK-7615-19570903-2780,Kartika Siregar,Perempuan,1957-09-03 00:00:00,B,Menikah,"Jl. Merpati No. 55, Panakkukang",Makassar,Sulawesi Selatan,+62 878-7767-2780,kartika.pratama.2780@example.invalid,Asuransi Swasta,16-Jun-2020,Ya,Aktif
PAT-MOCK-0002781,EMR-MOCK-0002781,MOCK-4056-19580411-2781,Rangga Hartono,Laki-laki,1958-04-11 00:00:00,O,Menikah,"Jl. Mawar No. 128, Beji",Depok,Jawa Barat,+62 887-6660-2781,rangga.saputra.2781@example.invalid,Corporate Guarantee,21-Jan-2018,Ya,Aktif
PAT-MOCK-0002782,EMR-MOCK-0002782,MOCK-3284-19770207-2782,Anindya Santoso,Perempuan,1977-02-07 00:00:00,A,Cerai Hidup,"Jl. Cemara No. 28, Beji",Depok,Jawa Barat,+62 823-8995-2782,anindya.wijaya.2782@example.invalid,Asuransi Swasta,22-Mar-2018,Ya,Aktif
PAT-MOCK-0002783,EMR-MOCK-0002783,MOCK-9225-20180606-2783,Aditya Kusuma,Laki-laki,2018-06-06 00:00:00,O,Cerai Mati,"Jl. Melati No. 63, Ilir Barat I",Palembang,Sumatera Selatan,+62 845-6191-2783,aditya.santoso.2783@example.invalid,BPJS Kesehatan,25-Jan-2024,Ya,Aktif
PAT-MOCK-0002784,EMR-MOCK-0002784,MOCK-5151-19480312-2784,Aulia Purnama,Perempuan,1948-03-12 00:00:00,O,Menikah,"Jl. Merpati No. 42, Duren Sawit",Jakarta Timur,DKI Jakarta,+62 830-9809-2784,aulia.hidayat.2784@example.invalid,Asuransi Swasta,17-May-2026,Ya,Aktif
PAT-MOCK-0002785,EMR-MOCK-0002785,MOCK-7895-19771204-2785,Fitri Purnama,Perempuan,1977-12-04 00:00:00,A,Cerai Mati,"Jl. Anggrek No. 125, Karawaci",Tangerang,Banten,+62 827-8721-2785,fitri.nugraha.2785@example.invalid,Pribadi,17-Feb-2022,Ya,Aktif
PAT-MOCK-0002786,EMR-MOCK-0002786,MOCK-9614-19690211-2786,Maya Hidayat,Perempuan,1969-02-11 00:00:00,B,Menikah,"Jl. Anggrek No. 162, Karawaci",Tangerang,Banten,+62 820-5063-2786,maya.kusuma.2786@example.invalid,Corporate Guarantee,15-Nov-2025,Tidak,Aktif
PAT-MOCK-0002787,EMR-MOCK-0002787,MOCK-5610-20051004-2787,Eko Santoso,Laki-laki,2005-10-04 00:00:00,O,Cerai Mati,"Jl. Anggrek No. 107, Kebayoran Baru",Jakarta Selatan,DKI Jakarta,+62 855-9107-2787,eko.setiawan.2787@example.invalid,Corporate Guarantee,16-May-2020,Ya,Aktif
PAT-MOCK-0002788,EMR-MOCK-0002788,MOCK-8383-19800506-2788,Fajar Permana,Laki-laki,1980-05-06 00:00:00,O,Cerai Mati,"Jl. Melati No. 25, Banyumanik",Semarang,Jawa Tengah,+62 812-8442-2788,fajar.permana.2788@example.invalid,Corporate Guarantee,23-Sep-2021,Ya,Aktif
PAT-MOCK-0002789,EMR-MOCK-0002789,MOCK-4513-19550120-2789,Aditya Hidayat,Laki-laki,1955-01-20 00:00:00,O,Cerai Hidup,"Jl. Cendana No. 35, Serpong",Tangerang Selatan,Banten,+62 887-5577-2789,aditya.ramadhan.2789@example.invalid,Asuransi Swasta,06-Aug-2024,Tidak,Aktif
PAT-MOCK-0002790,EMR-MOCK-0002790,MOCK-2199-19570620-2790,Fitri Halim,Perempuan,1957-06-20 00:00:00,A,Cerai Hidup,"Jl. Kenanga No. 16, Banyumanik",Semarang,Jawa Tengah,+62 816-3127-2790,fitri.maulana.2790@example.invalid,Asuransi Perusahaan,18-Sep-2020,Ya,Aktif
PAT-MOCK-0002791,EMR-MOCK-0002791,MOCK-2512-19881112-2791,Anindya Lesmana,Perempuan,1988-11-12 00:00:00,O,Menikah,"Jl. Anggrek No. 1, Banyumanik",Semarang,Jawa Tengah,+62 889-6164-2791,anindya.utama.2791@example.invalid,Corporate Guarantee,03-Sep-2022,Ya,Aktif
PAT-MOCK-0002792,EMR-MOCK-0002792,MOCK-9329-20070331-2792,Joko Nasution,Laki-laki,2007-03-31 00:00:00,A,Cerai Hidup,"Jl. Cemara No. 114, Ilir Barat I",Palembang,Sumatera Selatan,+62 816-8870-2792,joko.purnama.2792@example.invalid,Corporate Guarantee,02-Jan-2019,Ya,Aktif
PAT-MOCK-0002793,EMR-MOCK-0002793,MOCK-7066-19760217-2793,Anindya Nasution,Perempuan,1976-02-17 00:00:00,O,Belum Menikah,"Jl. Cendana No. 125, Panakkukang",Makassar,Sulawesi Selatan,+62 884-1718-2793,anindya.siregar.2793@example.invalid,Asuransi Swasta,30-Jan-2023,Ya,Aktif
PAT-MOCK-0002794,EMR-MOCK-0002794,MOCK-2667-19530317-2794,Rizky Wijaya,Laki-laki,1953-03-17 00:00:00,AB,Cerai Mati,"Jl. Melati No. 7, Wonokromo",Surabaya,Jawa Timur,+62 813-8143-2794,rizky.nasution.2794@example.invalid,Asuransi Perusahaan,02-Nov-2021,Tidak,Aktif
PAT-MOCK-0002795,EMR-MOCK-0002795,MOCK-5170-20240309-2795,Nabila Hidayat,Perempuan,2024-03-09 00:00:00,A,Cerai Mati,"Jl. Cendana No. 119, Banyumanik",Semarang,Jawa Tengah,+62 828-7379-2795,nabila.simanjuntak.2795@example.invalid,Asuransi Swasta,10-Mar-2024,Ya,Aktif
PAT-MOCK-0002796,EMR-MOCK-0002796,MOCK-2365-19461110-2796,Wulan Permana,Perempuan,1946-11-10 00:00:00,A,Cerai Hidup,"Jl. Cendana No. 48, Duren Sawit",Jakarta Timur,DKI Jakarta,+62 856-9368-2796,wulan.halim.2796@example.invalid,BPJS Kesehatan,25-Jan-2018,Ya,Aktif
PAT-MOCK-0002797,EMR-MOCK-0002797,MOCK-3305-19921204-2797,Galang Ramadhan,Laki-laki,1992-12-04 00:00:00,A,Belum Menikah,"Jl. Melati No. 98, Panakkukang",Makassar,Sulawesi Selatan,+62 866-9539-2797,galang.gunawan.2797@example.invalid,Asuransi Swasta,01-Dec-2022,Ya,Aktif
PAT-MOCK-0002798,EMR-MOCK-0002798,MOCK-8488-19540803-2798,Andi Simanjuntak,Laki-laki,1954-08-03 00:00:00,O,Belum Menikah,"Jl. Kenanga No. 95, Kebon Jeruk",Jakarta Barat,DKI Jakarta,+62 895-1775-2798,andi.hartono.2798@example.invalid,BPJS Kesehatan,23-Nov-2021,Tidak,Aktif
PAT-MOCK-0002799,EMR-MOCK-0002799,MOCK-4034-19620816-2799,Aditya Kusuma,Laki-laki,1962-08-16 00:00:00,AB,Menikah,"Jl. Melati No. 163, Wonokromo",Surabaya,Jawa Timur,+62 810-2257-2799,aditya.lesmana.2799@example.invalid,Asuransi Perusahaan,21-Feb-2018,Ya,Tidak Aktif
PAT-MOCK-0002800,EMR-MOCK-0002800,MOCK-5523-19720806-2800,Tiara Nugraha,Perempuan,1972-08-06 00:00:00,A,Belum Menikah,"Jl. Cendana No. 11, Medan Baru",Medan,Sumatera Utara,+62 822-4810-2800,tiara.pratama.2800@example.invalid,Asuransi Perusahaan,29-Oct-2025,Ya,Aktif
PAT-MOCK-0002801,EMR-MOCK-0002801,MOCK-8440-19960803-2801,Andi Nugraha,Laki-laki,1996-08-03 00:00:00,B,Menikah,"Jl. Kenanga No. 121, Karawaci",Tangerang,Banten,+62 813-5001-2801,andi.saputra.2801@example.invalid,Pribadi,08-Dec-2024,Tidak,Aktif
PAT-MOCK-0002802,EMR-MOCK-0002802,MOCK-5014-20140202-2802,Wulan Hidayat,Perempuan,2014-02-02 00:00:00,A,Belum Menikah,"Jl. Mawar No. 102, Denpasar Selatan",Denpasar,Bali,+62 837-3250-2802,wulan.wijaya.2802@example.invalid,Pribadi,01-Jan-2021,Tidak,Aktif
PAT-MOCK-0002803,EMR-MOCK-0002803,MOCK-8638-19530703-2803,Rani Gunawan,Perempuan,1953-07-03 00:00:00,A,Belum Menikah,"Jl. Mawar No. 173, Denpasar Selatan",Denpasar,Bali,+62 895-7339-2803,rani.santoso.2803@example.invalid,Asuransi Swasta,05-Aug-2024,Ya,Aktif
PAT-MOCK-0002804,EMR-MOCK-0002804,MOCK-3461-19800720-2804,Eko Nugraha,Laki-laki,1980-07-20 00:00:00,O,Menikah,"Jl. Mawar No. 150, Ilir Barat I",Palembang,Sumatera Selatan,+62 899-2155-2804,eko.hidayat.2804@example.invalid,Corporate Guarantee,01-May-2023,Ya,Aktif
PAT-MOCK-0002805,EMR-MOCK-0002805,MOCK-8210-19730106-2805,Aisyah Nugraha,Perempuan,1973-01-06 00:00:00,A,Menikah,"Jl. Anggrek No. 171, Banyumanik",Semarang,Jawa Tengah,+62 864-1163-2805,aisyah.nugraha.2805@example.invalid,Asuransi Perusahaan,21-Jun-2025,Tidak,Aktif
PAT-MOCK-0002806,EMR-MOCK-0002806,MOCK-8056-19750808-2806,Putri Gunawan,Perempuan,1975-08-08 00:00:00,O,Cerai Hidup,"Jl. Cemara No. 59, Kebon Jeruk",Jakarta Barat,DKI Jakarta,+62 813-3985-2806,putri.kusuma.2806@example.invalid,Asuransi Perusahaan,04-Sep-2023,Ya,Aktif
PAT-MOCK-0002807,EMR-MOCK-0002807,MOCK-2962-19800306-2807,Ahmad Nugraha,Laki-laki,1980-03-06 00:00:00,B,Menikah,"Jl. Cemara No. 16, Bogor Tengah",Bogor,Jawa Barat,+62 857-1814-2807,ahmad.setiawan.2807@example.invalid,Asuransi Swasta,03-Sep-2024,Tidak,Aktif
PAT-MOCK-0002808,EMR-MOCK-0002808,MOCK-9379-20190802-2808,Maya Gunawan,Perempuan,2019-08-02 00:00:00,Belum diperiksa,Cerai Mati,"Jl. Flamboyan No. 1, Kebayoran Baru",Jakarta Selatan,DKI Jakarta,+62 872-3697-2808,maya.permana.2808@example.invalid,Asuransi Perusahaan,12-Mar-2024,Tidak,Aktif
PAT-MOCK-0002809,EMR-MOCK-0002809,MOCK-1110-19670224-2809,Intan Kusuma,Perempuan,1967-02-24 00:00:00,O,Belum Menikah,"Jl. Rajawali No. 91, Bogor Tengah",Bogor,Jawa Barat,+62 846-9343-2809,intan.ramadhan.2809@example.invalid,Corporate Guarantee,11-Aug-2026,Ya,Aktif
PAT-MOCK-0002810,EMR-MOCK-0002810,MOCK-4592-19590321-2810,Aulia Simanjuntak,Perempuan,1959-03-21 00:00:00,A,Belum Menikah,"Jl. Kenanga No. 30, Bekasi Selatan",Bekasi,Jawa Barat,+62 837-1199-2810,aulia.maulana.2810@example.invalid,Pribadi,05-Oct-2024,Ya,Aktif
PAT-MOCK-0002811,EMR-MOCK-0002811,MOCK-6284-20040511-2811,Nadia Permana,Perempuan,2004-05-11 00:00:00,O,Cerai Hidup,"Jl. Cendana No. 80, Serpong",Tangerang Selatan,Banten,+62 886-6387-2811,nadia.utama.2811@example.invalid,Asuransi Perusahaan,20-Oct-2022,Ya,Aktif
PAT-MOCK-0002812,EMR-MOCK-0002812,MOCK-7217-19531229-2812,Fitri Simanjuntak,Perempuan,1953-12-29 00:00:00,O,Belum Menikah,"Jl. Flamboyan No. 176, Bekasi Selatan",Bekasi,Jawa Barat,+62 865-2752-2812,fitri.purnama.2812@example.invalid,BPJS Kesehatan,19-Nov-2019,Ya,Aktif
PAT-MOCK-0002813,EMR-MOCK-0002813,MOCK-4293-20110130-2813,Nabila Purnama,Perempuan,2011-01-30 00:00:00,O,Menikah,"Jl. Mawar No. 77, Denpasar Selatan",Denpasar,Bali,+62 818-2663-2813,nabila.siregar.2813@example.invalid,Asuransi Perusahaan,10-Aug-2020,Ya,Aktif
PAT-MOCK-0002814,EMR-MOCK-0002814,MOCK-9661-20180418-2814,Tiara Utama,Perempuan,2018-04-18 00:00:00,O,Belum Menikah,"Jl. Flamboyan No. 153, Banyumanik",Semarang,Jawa Tengah,+62 897-9802-2814,tiara.nasution.2814@example.invalid,BPJS Kesehatan,07-Sep-2022,Ya,Aktif
PAT-MOCK-0002815,EMR-MOCK-0002815,MOCK-6973-19860911-2815,Citra Siregar,Perempuan,1986-09-11 00:00:00,O,Menikah,"Jl. Anggrek No. 77, Kebayoran Baru",Jakarta Selatan,DKI Jakarta,+62 892-3034-2815,citra.simanjuntak.2815@example.invalid,Corporate Guarantee,28-Apr-2021,Tidak,Aktif
PAT-MOCK-0002816,EMR-MOCK-0002816,MOCK-8486-20090109-2816,Rani Lesmana,Perempuan,2009-01-09 00:00:00,A,Menikah,"Jl. Anggrek No. 163, Karawaci",Tangerang,Banten,+62 848-3683-2816,rani.halim.2816@example.invalid,Asuransi Perusahaan,07-Dec-2020,Ya,Aktif
PAT-MOCK-0002817,EMR-MOCK-0002817,MOCK-5443-19570711-2817,Maya Ramadhan,Perempuan,1957-07-11 00:00:00,O,Cerai Mati,"Jl. Anggrek No. 65, Karawaci",Tangerang,Banten,+62 897-7774-2817,maya.gunawan.2817@example.invalid,Asuransi Swasta,27-May-2020,Ya,Aktif
PAT-MOCK-0002818,EMR-MOCK-0002818,MOCK-3085-19601205-2818,Aisyah Nugraha,Perempuan,1960-12-05 00:00:00,B,Cerai Mati,"Jl. Dahlia No. 89, Beji",Depok,Jawa Barat,+62 882-5801-2818,aisyah.hartono.2818@example.invalid,Asuransi Swasta,23-Mar-2020,Ya,Tidak Aktif
PAT-MOCK-0002819,EMR-MOCK-0002819,MOCK-4636-19950814-2819,Putri Hidayat,Perempuan,1995-08-14 00:00:00,B,Cerai Hidup,"Jl. Anggrek No. 178, Medan Baru",Medan,Sumatera Utara,+62 864-8004-2819,putri.lesmana.2819@example.invalid,Corporate Guarantee,04-Nov-2023,Ya,Aktif
PAT-MOCK-0002820,EMR-MOCK-0002820,MOCK-5710-19721124-2820,Eko Nasution,Laki-laki,1972-11-24 00:00:00,O,Belum Menikah,"Jl. Cendana No. 14, Kebon Jeruk",Jakarta Barat,DKI Jakarta,+62 828-8981-2820,eko.pratama.2820@example.invalid,Asuransi Perusahaan,29-Aug-2022,Tidak,Aktif
PAT-MOCK-0002821,EMR-MOCK-0002821,MOCK-8516-20181022-2821,Raka Wijaya,Laki-laki,2018-10-22 00:00:00,AB,Belum Menikah,"Jl. Cemara No. 33, Bekasi Selatan",Bekasi,Jawa Barat,+62 896-7791-2821,raka.saputra.2821@example.invalid,BPJS Kesehatan,14-Apr-2024,Ya,Aktif
PAT-MOCK-0002822,EMR-MOCK-0002822,MOCK-9701-19861114-2822,Putri Purnama,Perempuan,1986-11-14 00:00:00,O,Menikah,"Jl. Melati No. 47, Bekasi Selatan",Bekasi,Jawa Barat,+62 875-7706-2822,putri.wijaya.2822@example.invalid,Asuransi Swasta,03-Jun-2021,Ya,Aktif
PAT-MOCK-0002823,EMR-MOCK-0002823,MOCK-8318-19521028-2823,Bagas Purnama,Laki-laki,1952-10-28 00:00:00,A,Cerai Hidup,"Jl. Kenanga No. 53, Serpong",Tangerang Selatan,Banten,+62 847-1255-2823,bagas.santoso.2823@example.invalid,Pribadi,25-Aug-2021,Tidak,Aktif
PAT-MOCK-0002824,EMR-MOCK-0002824,MOCK-2770-19841106-2824,Aisyah Halim,Perempuan,1984-11-06 00:00:00,O,Belum Menikah,"Jl. Anggrek No. 127, Bogor Tengah",Bogor,Jawa Barat,+62 832-1599-2824,aisyah.hidayat.2824@example.invalid,BPJS Kesehatan,01-Aug-2022,Ya,Aktif
PAT-MOCK-0002825,EMR-MOCK-0002825,MOCK-2337-19460307-2825,Dinda Nugraha,Perempuan,1946-03-07 00:00:00,A,Cerai Hidup,"Jl. Mawar No. 158, Panakkukang",Makassar,Sulawesi Selatan,+62 841-5800-2825,dinda.nugraha.2825@example.invalid,Corporate Guarantee,29-Nov-2024,Ya,Aktif
PAT-MOCK-0002826,EMR-MOCK-0002826,MOCK-5678-19960513-2826,Rangga Purnama,Laki-laki,1996-05-13 00:00:00,A,Cerai Hidup,"Jl. Anggrek No. 178, Beji",Depok,Jawa Barat,+62 872-8952-2826,rangga.kusuma.2826@example.invalid,Pribadi,07-May-2022,Ya,Aktif
PAT-MOCK-0002827,EMR-MOCK-0002827,MOCK-2621-19660809-2827,Joko Nugraha,Laki-laki,1966-08-09 00:00:00,B,Cerai Hidup,"Jl. Cendana No. 102, Bekasi Selatan",Bekasi,Jawa Barat,+62 844-2519-2827,joko.setiawan.2827@example.invalid,Pribadi,15-Mar-2026,Tidak,Aktif
PAT-MOCK-0002828,EMR-MOCK-0002828,MOCK-8734-20190117-2828,Farhan Nugraha,Laki-laki,2019-01-17 00:00:00,O,Cerai Mati,"Jl. Kenanga No. 171, Banyumanik",Semarang,Jawa Tengah,+62 857-7425-2828,farhan.permana.2828@example.invalid,Asuransi Swasta,26-Jul-2020,Ya,Aktif
PAT-MOCK-0002829,EMR-MOCK-0002829,MOCK-4176-19961016-2829,Ahmad Utama,Laki-laki,1996-10-16 00:00:00,O,Cerai Hidup,"Jl. Melati No. 71, Denpasar Selatan",Denpasar,Bali,+62 847-9387-2829,ahmad.ramadhan.2829@example.invalid,Corporate Guarantee,28-Dec-2020,Ya,Aktif
PAT-MOCK-0002830,EMR-MOCK-0002830,MOCK-4279-19840312-2830,Bima Nugraha,Laki-laki,1984-03-12 00:00:00,A,Cerai Hidup,"Jl. Melati No. 77, Kebon Jeruk",Jakarta Barat,DKI Jakarta,+62 818-4859-2830,bima.maulana.2830@example.invalid,BPJS Kesehatan,30-Mar-2024,Ya,Aktif
PAT-MOCK-0002831,EMR-MOCK-0002831,MOCK-3825-19620303-2831,Nadia Santoso,Perempuan,1962-03-03 00:00:00,O,Menikah,"Jl. Rajawali No. 66, Duren Sawit",Jakarta Timur,DKI Jakarta,+62 862-8142-2831,nadia.utama.2831@example.invalid,Pribadi,18-Dec-2018,Tidak,Aktif
PAT-MOCK-0002832,EMR-MOCK-0002832,MOCK-3588-20070403-2832,Eko Saputra,Laki-laki,2007-04-03 00:00:00,A,Belum Menikah,"Jl. Flamboyan No. 108, Panakkukang",Makassar,Sulawesi Selatan,+62 899-6550-2832,eko.purnama.2832@example.invalid,Asuransi Swasta,19-Aug-2019,Tidak,Aktif
PAT-MOCK-0002833,EMR-MOCK-0002833,MOCK-2222-19460228-2833,Amelia Wijaya,Perempuan,1946-02-28 00:00:00,O,Belum Menikah,"Jl. Melati No. 36, Serpong",Tangerang Selatan,Banten,+62 828-1390-2833,amelia.siregar.2833@example.invalid,Pribadi,31-Aug-2026,Ya,Aktif
PAT-MOCK-0002834,EMR-MOCK-0002834,MOCK-3053-19640706-2834,Yoga Lesmana,Laki-laki,1964-07-06 00:00:00,O,Cerai Mati,"Jl. Melati No. 56, Karawaci",Tangerang,Banten,+62 843-7218-2834,yoga.nasution.2834@example.invalid,BPJS Kesehatan,22-Dec-2024,Ya,Aktif
PAT-MOCK-0002835,EMR-MOCK-0002835,MOCK-2567-19770610-2835,Wulan Setiawan,Perempuan,1977-06-10 00:00:00,B,Cerai Mati,"Jl. Cemara No. 26, Coblong",Bandung,Jawa Barat,+62 866-8479-2835,wulan.simanjuntak.2835@example.invalid,Corporate Guarantee,07-Jan-2023,Ya,Tidak Aktif
PAT-MOCK-0002836,EMR-MOCK-0002836,MOCK-6190-19461107-2836,Arya Utama,Laki-laki,1946-11-07 00:00:00,B,Cerai Hidup,"Jl. Cendana No. 39, Wonokromo",Surabaya,Jawa Timur,+62 865-3650-2836,arya.halim.2836@example.invalid,Asuransi Swasta,24-Jun-2021,Ya,Aktif
PAT-MOCK-0002837,EMR-MOCK-0002837,MOCK-9233-20141122-2837,Arya Siregar,Laki-laki,2014-11-22 00:00:00,B,Menikah,"Jl. Rajawali No. 135, Duren Sawit",Jakarta Timur,DKI Jakarta,+62 836-3329-2837,arya.gunawan.2837@example.invalid,Pribadi,02-Aug-2023,Tidak,Aktif
PAT-MOCK-0002838,EMR-MOCK-0002838,MOCK-7950-19591205-2838,Bagas Permana,Laki-laki,1959-12-05 00:00:00,A,Belum Menikah,"Jl. Rajawali No. 120, Bekasi Selatan",Bekasi,Jawa Barat,+62 895-2206-2838,bagas.hartono.2838@example.invalid,Corporate Guarantee,08-Mar-2025,Ya,Aktif
PAT-MOCK-0002839,EMR-MOCK-0002839,MOCK-7908-20160907-2839,Lestari Nugraha,Perempuan,2016-09-07 00:00:00,A,Menikah,"Jl. Cendana No. 119, Kebon Jeruk",Jakarta Barat,DKI Jakarta,+62 822-2338-2839,lestari.lesmana.2839@example.invalid,Asuransi Swasta,21-Mar-2019,Ya,Aktif
PAT-MOCK-0002840,EMR-MOCK-0002840,MOCK-9529-19811101-2840,Bima Hartono,Laki-laki,1981-11-01 00:00:00,B,Belum Menikah,"Jl. Cendana No. 144, Coblong",Bandung,Jawa Barat,+62 899-7480-2840,bima.pratama.2840@example.invalid,Corporate Guarantee,13-Apr-2025,Tidak,Tidak Aktif
PAT-MOCK-0002841,EMR-MOCK-0002841,MOCK-1971-20190919-2841,Aulia Maulana,Perempuan,2019-09-19 00:00:00,B,Cerai Mati,"Jl. Kenanga No. 12, Banyumanik",Semarang,Jawa Tengah,+62 840-6854-2841,aulia.saputra.2841@example.invalid,Asuransi Swasta,14-Nov-2020,Ya,Aktif
PAT-MOCK-0002842,EMR-MOCK-0002842,MOCK-3597-19450915-2842,Fajar Pratama,Laki-laki,1945-09-15 00:00:00,AB,Menikah,"Jl. Cemara No. 119, Serpong",Tangerang Selatan,Banten,+62 867-1237-2842,fajar.wijaya.2842@example.invalid,Asuransi Perusahaan,13-Sep-2025,Tidak,Aktif
PAT-MOCK-0002843,EMR-MOCK-0002843,MOCK-4221-20230918-2843,Putri Saputra,Perempuan,2023-09-18 00:00:00,Belum diperiksa,Cerai Hidup,"Jl. Dahlia No. 95, Beji",Depok,Jawa Barat,+62 867-7790-2843,putri.santoso.2843@example.invalid,Pribadi,19-Sep-2023,Ya,Aktif
PAT-MOCK-0002844,EMR-MOCK-0002844,MOCK-8189-19620128-2844,Joko Santoso,Laki-laki,1962-01-28 00:00:00,A,Cerai Hidup,"Jl. Cendana No. 71, Kebayoran Baru",Jakarta Selatan,DKI Jakarta,+62 815-9320-2844,joko.hidayat.2844@example.invalid,BPJS Kesehatan,04-Jan-2019,Ya,Aktif
PAT-MOCK-0002845,EMR-MOCK-0002845,MOCK-5149-20111221-2845,Yoga Saputra,Laki-laki,2011-12-21 00:00:00,O,Cerai Hidup,"Jl. Mawar No. 64, Bogor Tengah",Bogor,Jawa Barat,+62 844-6571-2845,yoga.nugraha.2845@example.invalid,BPJS Kesehatan,21-Jul-2021,Tidak,Aktif
PAT-MOCK-0002846,EMR-MOCK-0002846,MOCK-8756-19860413-2846,Dinda Santoso,Perempuan,1986-04-13 00:00:00,O,Belum Menikah,"Jl. Mawar No. 110, Denpasar Selatan",Denpasar,Bali,+62 887-1920-2846,dinda.kusuma.2846@example.invalid,Corporate Guarantee,15-Jun-2021,Ya,Aktif
PAT-MOCK-0002847,EMR-MOCK-0002847,MOCK-5150-20201004-2847,Sekar Nasution,Perempuan,2020-10-04 00:00:00,O,Cerai Mati,"Jl. Mawar No. 28, Wonokromo",Surabaya,Jawa Timur,+62 835-9056-2847,sekar.setiawan.2847@example.invalid,Asuransi Perusahaan,08-Mar-2022,Ya,Aktif
PAT-MOCK-0002848,EMR-MOCK-0002848,MOCK-6525-19800124-2848,Fajar Hartono,Laki-laki,1980-01-24 00:00:00,O,Cerai Mati,"Jl. Cendana No. 164, Serpong",Tangerang Selatan,Banten,+62 881-2282-2848,fajar.permana.2848@example.invalid,BPJS Kesehatan,20-Apr-2025,Ya,Aktif
PAT-MOCK-0002849,EMR-MOCK-0002849,MOCK-8181-20141021-2849,Kartika Santoso,Perempuan,2014-10-21 00:00:00,A,Cerai Mati,"Jl. Mawar No. 133, Karawaci",Tangerang,Banten,+62 818-2390-2849,kartika.ramadhan.2849@example.invalid,BPJS Kesehatan,13-Jun-2026,Ya,Aktif
PAT-MOCK-0002850,EMR-MOCK-0002850,MOCK-7338-19890926-2850,Kartika Utama,Perempuan,1989-09-26 00:00:00,A,Cerai Hidup,"Jl. Mawar No. 121, Denpasar Selatan",Denpasar,Bali,+62 874-3621-2850,kartika.maulana.2850@example.invalid,BPJS Kesehatan,19-Mar-2024,Tidak,Aktif
PAT-MOCK-0002851,EMR-MOCK-0002851,MOCK-8502-19940405-2851,Rangga Utama,Laki-laki,1994-04-05 00:00:00,AB,Cerai Mati,"Jl. Anggrek No. 171, Beji",Depok,Jawa Barat,+62 889-9596-2851,rangga.utama.2851@example.invalid,Asuransi Swasta,30-Apr-2018,Ya,Aktif
PAT-MOCK-0002852,EMR-MOCK-0002852,MOCK-7703-19820215-2852,Farhan Wijaya,Laki-laki,1982-02-15 00:00:00,A,Cerai Mati,"Jl. Cemara No. 6, Serpong",Tangerang Selatan,Banten,+62 841-6394-2852,farhan.purnama.2852@example.invalid,Pribadi,19-May-2023,Ya,Aktif
PAT-MOCK-0002853,EMR-MOCK-0002853,MOCK-4347-19741022-2853,Eko Hartono,Laki-laki,1974-10-22 00:00:00,AB,Belum Menikah,"Jl. Flamboyan No. 49, Kebayoran Baru",Jakarta Selatan,DKI Jakarta,+62 884-1279-2853,eko.siregar.2853@example.invalid,BPJS Kesehatan,18-Nov-2025,Tidak,Aktif
PAT-MOCK-0002854,EMR-MOCK-0002854,MOCK-7333-19930523-2854,Amelia Nugraha,Perempuan,1993-05-23 00:00:00,AB,Belum Menikah,"Jl. Anggrek No. 42, Bogor Tengah",Bogor,Jawa Barat,+62 812-2207-2854,amelia.nasution.2854@example.invalid,BPJS Kesehatan,06-Sep-2018,Ya,Aktif
PAT-MOCK-0002855,EMR-MOCK-0002855,MOCK-3353-19731215-2855,Dewi Setiawan,Perempuan,1973-12-15 00:00:00,A,Menikah,"Jl. Mawar No. 16, Serpong",Tangerang Selatan,Banten,+62 811-2736-2855,dewi.simanjuntak.2855@example.invalid,Pribadi,23-Aug-2025,Ya,Aktif
PAT-MOCK-0002856,EMR-MOCK-0002856,MOCK-7484-19690809-2856,Ahmad Permana,Laki-laki,1969-08-09 00:00:00,O,Belum Menikah,"Jl. Kenanga No. 22, Wonokromo",Surabaya,Jawa Timur,+62 834-3725-2856,ahmad.halim.2856@example.invalid,Corporate Guarantee,29-Jan-2020,Tidak,Aktif
PAT-MOCK-0002857,EMR-MOCK-0002857,MOCK-7024-19980215-2857,Fitri Kusuma,Perempuan,1998-02-15 00:00:00,A,Cerai Mati,"Jl. Anggrek No. 39, Panakkukang",Makassar,Sulawesi Selatan,+62 844-8885-2857,fitri.gunawan.2857@example.invalid,Corporate Guarantee,10-Feb-2022,Ya,Aktif
PAT-MOCK-0002858,EMR-MOCK-0002858,MOCK-7165-20090701-2858,Maya Santoso,Perempuan,2009-07-01 00:00:00,A,Menikah,"Jl. Cendana No. 72, Banyumanik",Semarang,Jawa Tengah,+62 837-3950-2858,maya.hartono.2858@example.invalid,Asuransi Perusahaan,13-Aug-2025,Ya,Aktif
PAT-MOCK-0002859,EMR-MOCK-0002859,MOCK-3470-19920317-2859,Galang Pratama,Laki-laki,1992-03-17 00:00:00,O,Belum Menikah,"Jl. Anggrek No. 166, Karawaci",Tangerang,Banten,+62 832-9627-2859,galang.lesmana.2859@example.invalid,Pribadi,15-Dec-2021,Ya,Aktif
PAT-MOCK-0002860,EMR-MOCK-0002860,MOCK-8363-19500314-2860,Kartika Simanjuntak,Perempuan,1950-03-14 00:00:00,O,Menikah,"Jl. Dahlia No. 27, Karawaci",Tangerang,Banten,+62 882-5382-2860,kartika.pratama.2860@example.invalid,Asuransi Perusahaan,07-Sep-2022,Ya,Aktif
PAT-MOCK-0002861,EMR-MOCK-0002861,MOCK-5287-19930907-2861,Andi Ramadhan,Laki-laki,1993-09-07 00:00:00,A,Cerai Hidup,"Jl. Dahlia No. 128, Bekasi Selatan",Bekasi,Jawa Barat,+62 863-8565-2861,andi.saputra.2861@example.invalid,Corporate Guarantee,01-Oct-2020,Tidak,Aktif
PAT-MOCK-0002862,EMR-MOCK-0002862,MOCK-4398-19760808-2862,Rangga Nugraha,Laki-laki,1976-08-08 00:00:00,O,Cerai Hidup,"Jl. Flamboyan No. 155, Karawaci",Tangerang,Banten,+62 879-4875-2862,rangga.wijaya.2862@example.invalid,Pribadi,15-Jan-2024,Tidak,Aktif
PAT-MOCK-0002863,EMR-MOCK-0002863,MOCK-2867-19600207-2863,Putri Saputra,Perempuan,1960-02-07 00:00:00,AB,Belum Menikah,"Jl. Anggrek No. 65, Banyumanik",Semarang,Jawa Tengah,+62 896-6934-2863,putri.santoso.2863@example.invalid,Asuransi Perusahaan,29-Sep-2020,Ya,Aktif
PAT-MOCK-0002864,EMR-MOCK-0002864,MOCK-9325-19520517-2864,Dewi Nugraha,Perempuan,1952-05-17 00:00:00,O,Cerai Hidup,"Jl. Merpati No. 4, Medan Baru",Medan,Sumatera Utara,+62 831-3198-2864,dewi.hidayat.2864@example.invalid,Pribadi,14-Dec-2024,Tidak,Aktif
PAT-MOCK-0002865,EMR-MOCK-0002865,MOCK-1916-20090609-2865,Aisyah Halim,Perempuan,2009-06-09 00:00:00,A,Menikah,"Jl. Flamboyan No. 61, Ilir Barat I",Palembang,Sumatera Selatan,+62 845-2554-2865,aisyah.nugraha.2865@example.invalid,BPJS Kesehatan,12-Jun-2019,Ya,Aktif
PAT-MOCK-0002866,EMR-MOCK-0002866,MOCK-8818-19940313-2866,Nadia Setiawan,Perempuan,1994-03-13 00:00:00,AB,Cerai Hidup,"Jl. Merpati No. 68, Denpasar Selatan",Denpasar,Bali,+62 881-2241-2866,nadia.kusuma.2866@example.invalid,Asuransi Perusahaan,15-Nov-2021,Tidak,Aktif
PAT-MOCK-0002867,EMR-MOCK-0002867,MOCK-3096-19751006-2867,Galang Utama,Laki-laki,1975-10-06 00:00:00,Belum diperiksa,Menikah,"Jl. Kenanga No. 67, Banyumanik",Semarang,Jawa Tengah,+62 850-5506-2867,galang.setiawan.2867@example.invalid,BPJS Kesehatan,25-Feb-2022,Tidak,Aktif
PAT-MOCK-0002868,EMR-MOCK-0002868,MOCK-6003-20131201-2868,Raka Kusuma,Laki-laki,2013-12-01 00:00:00,Belum diperiksa,Menikah,"Jl. Cemara No. 171, Duren Sawit",Jakarta Timur,DKI Jakarta,+62 821-6302-2868,raka.permana.2868@example.invalid,BPJS Kesehatan,04-Dec-2022,Ya,Aktif
PAT-MOCK-0002869,EMR-MOCK-0002869,MOCK-8032-19851231-2869,Amelia Ramadhan,Perempuan,1985-12-31 00:00:00,A,Cerai Hidup,"Jl. Cemara No. 92, Duren Sawit",Jakarta Timur,DKI Jakarta,+62 893-3419-2869,amelia.ramadhan.2869@example.invalid,BPJS Kesehatan,14-Aug-2026,Ya,Aktif
PAT-MOCK-0002870,EMR-MOCK-0002870,MOCK-6785-19610512-2870,Maya Wijaya,Perempuan,1961-05-12 00:00:00,O,Menikah,"Jl. Kenanga No. 116, Bekasi Selatan",Bekasi,Jawa Barat,+62 812-5895-2870,maya.maulana.2870@example.invalid,Asuransi Swasta,19-Jun-2026,Ya,Aktif
PAT-MOCK-0002871,EMR-MOCK-0002871,MOCK-9558-19821110-2871,Bima Halim,Laki-laki,1982-11-10 00:00:00,O,Cerai Hidup,"Jl. Mawar No. 61, Ilir Barat I",Palembang,Sumatera Selatan,+62 832-4185-2871,bima.utama.2871@example.invalid,Asuransi Perusahaan,21-Jan-2024,Ya,Aktif
PAT-MOCK-0002872,EMR-MOCK-0002872,MOCK-8337-19490801-2872,Joko Hidayat,Laki-laki,1949-08-01 00:00:00,O,Menikah,"Jl. Flamboyan No. 128, Kebayoran Baru",Jakarta Selatan,DKI Jakarta,+62 855-7587-2872,joko.purnama.2872@example.invalid,Pribadi,31-Dec-2023,Tidak,Aktif
PAT-MOCK-0002873,EMR-MOCK-0002873,MOCK-7009-19991228-2873,Fitri Siregar,Perempuan,1999-12-28 00:00:00,AB,Cerai Mati,"Jl. Anggrek No. 49, Panakkukang",Makassar,Sulawesi Selatan,+62 894-8187-2873,fitri.siregar.2873@example.invalid,Asuransi Swasta,02-Dec-2021,Ya,Aktif
PAT-MOCK-0002874,EMR-MOCK-0002874,MOCK-7579-20181022-2874,Putri Halim,Perempuan,2018-10-22 00:00:00,A,Menikah,"Jl. Melati No. 10, Banyumanik",Semarang,Jawa Tengah,+62 810-9549-2874,putri.nasution.2874@example.invalid,Corporate Guarantee,10-Aug-2020,Ya,Aktif
PAT-MOCK-0002875,EMR-MOCK-0002875,MOCK-9379-20181030-2875,Ahmad Hartono,Laki-laki,2018-10-30 00:00:00,A,Cerai Mati,"Jl. Melati No. 12, Serpong",Tangerang Selatan,Banten,+62 812-6636-2875,ahmad.simanjuntak.2875@example.invalid,Corporate Guarantee,04-Feb-2020,Tidak,Aktif
PAT-MOCK-0002876,EMR-MOCK-0002876,MOCK-4942-19490402-2876,Sekar Wijaya,Perempuan,1949-04-02 00:00:00,B,Cerai Mati,"Jl. Rajawali No. 91, Banyumanik",Semarang,Jawa Tengah,+62 814-7201-2876,sekar.halim.2876@example.invalid,Corporate Guarantee,02-Aug-2024,Tidak,Aktif
PAT-MOCK-0002877,EMR-MOCK-0002877,MOCK-6451-19640102-2877,Amelia Ramadhan,Perempuan,1964-01-02 00:00:00,A,Belum Menikah,"Jl. Cendana No. 128, Panakkukang",Makassar,Sulawesi Selatan,+62 883-9007-2877,amelia.gunawan.2877@example.invalid,BPJS Kesehatan,10-Jan-2018,Ya,Aktif
PAT-MOCK-0002878,EMR-MOCK-0002878,MOCK-2571-20050605-2878,Bima Hidayat,Laki-laki,2005-06-05 00:00:00,O,Menikah,"Jl. Flamboyan No. 38, Denpasar Selatan",Denpasar,Bali,+62 851-9020-2878,bima.hartono.2878@example.invalid,Corporate Guarantee,21-Feb-2022,Ya,Aktif
PAT-MOCK-0002879,EMR-MOCK-0002879,MOCK-9634-19690323-2879,Arif Siregar,Laki-laki,1969-03-23 00:00:00,A,Cerai Hidup,"Jl. Flamboyan No. 146, Kebayoran Baru",Jakarta Selatan,DKI Jakarta,+62 860-7839-2879,arif.lesmana.2879@example.invalid,Asuransi Swasta,19-Aug-2020,Tidak,Aktif
PAT-MOCK-0002880,EMR-MOCK-0002880,MOCK-6771-19600929-2880,Farhan Halim,Laki-laki,1960-09-29 00:00:00,B,Menikah,"Jl. Melati No. 106, Kebon Jeruk",Jakarta Barat,DKI Jakarta,+62 899-4396-2880,farhan.pratama.2880@example.invalid,Asuransi Swasta,16-Jan-2023,Ya,Aktif
PAT-MOCK-0002881,EMR-MOCK-0002881,MOCK-5155-19810215-2881,Nabila Maulana,Perempuan,1981-02-15 00:00:00,B,Cerai Mati,"Jl. Flamboyan No. 162, Medan Baru",Medan,Sumatera Utara,+62 812-9474-2881,nabila.saputra.2881@example.invalid,Asuransi Perusahaan,06-Feb-2021,Ya,Aktif
PAT-MOCK-0002882,EMR-MOCK-0002882,MOCK-8719-19650116-2882,Eko Ramadhan,Laki-laki,1965-01-16 00:00:00,A,Cerai Mati,"Jl. Cemara No. 32, Medan Baru",Medan,Sumatera Utara,+62 889-8727-2882,eko.wijaya.2882@example.invalid,Asuransi Perusahaan,18-Dec-2020,Tidak,Aktif
PAT-MOCK-0002883,EMR-MOCK-0002883,MOCK-2771-19721109-2883,Ahmad Hidayat,Laki-laki,1972-11-09 00:00:00,B,Menikah,"Jl. Anggrek No. 166, Ilir Barat I",Palembang,Sumatera Selatan,+62 893-8015-2883,ahmad.santoso.2883@example.invalid,Asuransi Swasta,17-May-2020,Ya,Aktif
PAT-MOCK-0002884,EMR-MOCK-0002884,MOCK-9835-19450207-2884,Joko Purnama,Laki-laki,1945-02-07 00:00:00,O,Menikah,"Jl. Dahlia No. 16, Kebayoran Baru",Jakarta Selatan,DKI Jakarta,+62 874-3189-2884,joko.hidayat.2884@example.invalid,BPJS Kesehatan,24-Feb-2018,Ya,Aktif
PAT-MOCK-0002885,EMR-MOCK-0002885,MOCK-3109-20030912-2885,Hendra Hartono,Laki-laki,2003-09-12 00:00:00,Belum diperiksa,Belum Menikah,"Jl. Anggrek No. 105, Coblong",Bandung,Jawa Barat,+62 810-8271-2885,hendra.nugraha.2885@example.invalid,BPJS Kesehatan,02-Mar-2024,Ya,Aktif
PAT-MOCK-0002886,EMR-MOCK-0002886,MOCK-8379-20131225-2886,Wulan Santoso,Perempuan,2013-12-25 00:00:00,B,Menikah,"Jl. Anggrek No. 131, Karawaci",Tangerang,Banten,+62 871-9340-2886,wulan.kusuma.2886@example.invalid,Asuransi Perusahaan,18-Jun-2026,Ya,Aktif
PAT-MOCK-0002887,EMR-MOCK-0002887,MOCK-7081-20090531-2887,Rani Hidayat,Perempuan,2009-05-31 00:00:00,O,Cerai Mati,"Jl. Merpati No. 41, Panakkukang",Makassar,Sulawesi Selatan,+62 821-7296-2887,rani.setiawan.2887@example.invalid,Asuransi Swasta,01-Aug-2021,Ya,Aktif
PAT-MOCK-0002888,EMR-MOCK-0002888,MOCK-4329-20241128-2888,Aditya Simanjuntak,Laki-laki,2024-11-28 00:00:00,A,Menikah,"Jl. Anggrek No. 51, Karawaci",Tangerang,Banten,+62 881-2999-2888,aditya.permana.2888@example.invalid,Asuransi Perusahaan,29-Nov-2024,Ya,Aktif
PAT-MOCK-0002889,EMR-MOCK-0002889,MOCK-8756-20181225-2889,Arif Gunawan,Laki-laki,2018-12-25 00:00:00,O,Cerai Mati,"Jl. Merpati No. 27, Kebon Jeruk",Jakarta Barat,DKI Jakarta,+62 888-3200-2889,arif.ramadhan.2889@example.invalid,Asuransi Swasta,20-Jul-2022,Ya,Aktif
PAT-MOCK-0002890,EMR-MOCK-0002890,MOCK-4235-19640703-2890,Bagas Siregar,Laki-laki,1964-07-03 00:00:00,O,Belum Menikah,"Jl. Anggrek No. 135, Serpong",Tangerang Selatan,Banten,+62 865-9365-2890,bagas.maulana.2890@example.invalid,Corporate Guarantee,19-Dec-2023,Ya,Aktif
PAT-MOCK-0002891,EMR-MOCK-0002891,MOCK-7050-20181016-2891,Putri Purnama,Perempuan,2018-10-16 00:00:00,B,Belum Menikah,"Jl. Cendana No. 112, Banyumanik",Semarang,Jawa Tengah,+62 879-6904-2891,putri.utama.2891@example.invalid,BPJS Kesehatan,16-Aug-2025,Tidak,Aktif
PAT-MOCK-0002892,EMR-MOCK-0002892,MOCK-4577-20100822-2892,Rani Gunawan,Perempuan,2010-08-22 00:00:00,A,Menikah,"Jl. Merpati No. 158, Serpong",Tangerang Selatan,Banten,+62 864-1702-2892,rani.purnama.2892@example.invalid,Asuransi Swasta,21-Apr-2022,Ya,Aktif
PAT-MOCK-0002893,EMR-MOCK-0002893,MOCK-2997-20171125-2893,Dimas Permana,Laki-laki,2017-11-25 00:00:00,O,Cerai Mati,"Jl. Rajawali No. 106, Medan Baru",Medan,Sumatera Utara,+62 888-1599-2893,dimas.siregar.2893@example.invalid,Asuransi Swasta,12-Dec-2021,Ya,Aktif
PAT-MOCK-0002894,EMR-MOCK-0002894,MOCK-1997-19850414-2894,Anindya Nugraha,Perempuan,1985-04-14 00:00:00,AB,Menikah,"Jl. Mawar No. 158, Serpong",Tangerang Selatan,Banten,+62 853-9570-2894,anindya.nasution.2894@example.invalid,BPJS Kesehatan,21-Jul-2026,Tidak,Aktif
PAT-MOCK-0002895,EMR-MOCK-0002895,MOCK-2745-19930621-2895,Joko Ramadhan,Laki-laki,1993-06-21 00:00:00,O,Belum Menikah,"Jl. Melati No. 19, Bekasi Selatan",Bekasi,Jawa Barat,+62 879-9620-2895,joko.simanjuntak.2895@example.invalid,BPJS Kesehatan,17-Feb-2026,Ya,Aktif
PAT-MOCK-0002896,EMR-MOCK-0002896,MOCK-1377-19790923-2896,Eko Wijaya,Laki-laki,1979-09-23 00:00:00,B,Belum Menikah,"Jl. Anggrek No. 16, Kebon Jeruk",Jakarta Barat,DKI Jakarta,+62 850-1410-2896,eko.halim.2896@example.invalid,BPJS Kesehatan,14-Dec-2022,Ya,Aktif
PAT-MOCK-0002897,EMR-MOCK-0002897,MOCK-5375-20050109-2897,Rangga Pratama,Laki-laki,2005-01-09 00:00:00,B,Belum Menikah,"Jl. Kenanga No. 118, Bogor Tengah",Bogor,Jawa Barat,+62 861-1787-2897,rangga.gunawan.2897@example.invalid,Asuransi Perusahaan,09-Dec-2021,Ya,Aktif
PAT-MOCK-0002898,EMR-MOCK-0002898,MOCK-5908-19980325-2898,Aisyah Hartono,Perempuan,1998-03-25 00:00:00,B,Cerai Mati,"Jl. Dahlia No. 107, Denpasar Selatan",Denpasar,Bali,+62 822-9663-2898,aisyah.hartono.2898@example.invalid,BPJS Kesehatan,31-May-2018,Ya,Aktif
PAT-MOCK-0002899,EMR-MOCK-0002899,MOCK-6001-19590514-2899,Arya Hartono,Laki-laki,1959-05-14 00:00:00,O,Menikah,"Jl. Mawar No. 58, Bekasi Selatan",Bekasi,Jawa Barat,+62 868-3337-2899,arya.lesmana.2899@example.invalid,Asuransi Swasta,24-Apr-2025,Ya,Aktif
PAT-MOCK-0002900,EMR-MOCK-0002900,MOCK-1161-20240618-2900,Arif Santoso,Laki-laki,2024-06-18 00:00:00,O,Cerai Hidup,"Jl. Dahlia No. 12, Panakkukang",Makassar,Sulawesi Selatan,+62 815-4827-2900,arif.pratama.2900@example.invalid,Asuransi Swasta,19-Jun-2024,Ya,Aktif
PAT-MOCK-0002901,EMR-MOCK-0002901,MOCK-3497-20020926-2901,Raka Maulana,Laki-laki,2002-09-26 00:00:00,A,Cerai Hidup,"Jl. Kenanga No. 165, Karawaci",Tangerang,Banten,+62 867-9053-2901,raka.saputra.2901@example.invalid,Asuransi Perusahaan,28-Aug-2026,Tidak,Aktif
PAT-MOCK-0002902,EMR-MOCK-0002902,MOCK-6459-20070222-2902,Danu Kusuma,Laki-laki,2007-02-22 00:00:00,O,Cerai Mati,"Jl. Kenanga No. 123, Beji",Depok,Jawa Barat,+62 838-5237-2902,danu.wijaya.2902@example.invalid,BPJS Kesehatan,25-Apr-2023,Ya,Aktif
PAT-MOCK-0002903,EMR-MOCK-0002903,MOCK-8349-19590317-2903,Sekar Wijaya,Perempuan,1959-03-17 00:00:00,A,Cerai Mati,"Jl. Mawar No. 112, Kebon Jeruk",Jakarta Barat,DKI Jakarta,+62 831-7817-2903,sekar.santoso.2903@example.invalid,Asuransi Swasta,08-Jan-2022,Ya,Aktif
PAT-MOCK-0002904,EMR-MOCK-0002904,MOCK-8272-20210301-2904,Dewi Ramadhan,Perempuan,2021-03-01 00:00:00,O,Cerai Mati,"Jl. Kenanga No. 112, Bekasi Selatan",Bekasi,Jawa Barat,+62 827-3857-2904,dewi.hidayat.2904@example.invalid,Pribadi,04-Jul-2026,Ya,Aktif
PAT-MOCK-0002905,EMR-MOCK-0002905,MOCK-1507-20190208-2905,Bagas Kusuma,Laki-laki,2019-02-08 00:00:00,B,Menikah,"Jl. Cemara No. 85, Bogor Tengah",Bogor,Jawa Barat,+62 846-5081-2905,bagas.nugraha.2905@example.invalid,Pribadi,15-Dec-2020,Tidak,Aktif
PAT-MOCK-0002906,EMR-MOCK-0002906,MOCK-9850-19530111-2906,Aditya Ramadhan,Laki-laki,1953-01-11 00:00:00,B,Cerai Mati,"Jl. Flamboyan No. 116, Serpong",Tangerang Selatan,Banten,+62 821-2899-2906,aditya.kusuma.2906@example.invalid,Corporate Guarantee,18-Apr-2024,Ya,Aktif
PAT-MOCK-0002907,EMR-MOCK-0002907,MOCK-5904-20010628-2907,Raka Nugraha,Laki-laki,2001-06-28 00:00:00,B,Cerai Hidup,"Jl. Cendana No. 107, Ilir Barat I",Palembang,Sumatera Selatan,+62 810-8522-2907,raka.setiawan.2907@example.invalid,BPJS Kesehatan,23-Feb-2024,Ya,Tidak Aktif
PAT-MOCK-0002908,EMR-MOCK-0002908,MOCK-1670-20010523-2908,Raka Hidayat,Laki-laki,2001-05-23 00:00:00,O,Cerai Hidup,"Jl. Anggrek No. 24, Panakkukang",Makassar,Sulawesi Selatan,+62 847-6296-2908,raka.permana.2908@example.invalid,Asuransi Swasta,10-Dec-2024,Ya,Aktif
PAT-MOCK-0002909,EMR-MOCK-0002909,MOCK-7486-19640120-2909,Dinda Nasution,Perempuan,1964-01-20 00:00:00,A,Cerai Mati,"Jl. Cendana No. 138, Karawaci",Tangerang,Banten,+62 819-4544-2909,dinda.ramadhan.2909@example.invalid,Pribadi,29-Apr-2024,Tidak,Aktif
PAT-MOCK-0002910,EMR-MOCK-0002910,MOCK-8889-19590620-2910,Fajar Wijaya,Laki-laki,1959-06-20 00:00:00,O,Cerai Hidup,"Jl. Cemara No. 167, Karawaci",Tangerang,Banten,+62 871-3413-2910,fajar.maulana.2910@example.invalid,Pribadi,26-Jan-2024,Ya,Aktif
PAT-MOCK-0002911,EMR-MOCK-0002911,MOCK-4197-20091129-2911,Aulia Permana,Perempuan,2009-11-29 00:00:00,O,Cerai Mati,"Jl. Flamboyan No. 131, Beji",Depok,Jawa Barat,+62 892-3140-2911,aulia.utama.2911@example.invalid,Pribadi,15-Oct-2025,Tidak,Aktif
PAT-MOCK-0002912,EMR-MOCK-0002912,MOCK-2612-20220701-2912,Eko Nugraha,Laki-laki,2022-07-01 00:00:00,B,Belum Menikah,"Jl. Mawar No. 4, Kebayoran Baru",Jakarta Selatan,DKI Jakarta,+62 899-8021-2912,eko.purnama.2912@example.invalid,Corporate Guarantee,02-Jul-2022,Ya,Aktif
PAT-MOCK-0002913,EMR-MOCK-0002913,MOCK-6429-19820627-2913,Lestari Wijaya,Perempuan,1982-06-27 00:00:00,AB,Cerai Hidup,"Jl. Anggrek No. 73, Banyumanik",Semarang,Jawa Tengah,+62 823-9942-2913,lestari.siregar.2913@example.invalid,Pribadi,02-Jul-2020,Ya,Aktif
PAT-MOCK-0002914,EMR-MOCK-0002914,MOCK-6106-20220524-2914,Tiara Nugraha,Perempuan,2022-05-24 00:00:00,O,Menikah,"Jl. Flamboyan No. 152, Coblong",Bandung,Jawa Barat,+62 844-4123-2914,tiara.nasution.2914@example.invalid,Asuransi Perusahaan,09-May-2026,Ya,Aktif
PAT-MOCK-0002915,EMR-MOCK-0002915,MOCK-7775-20200603-2915,Sari Santoso,Perempuan,2020-06-03 00:00:00,O,Cerai Mati,"Jl. Rajawali No. 102, Bekasi Selatan",Bekasi,Jawa Barat,+62 839-6043-2915,sari.simanjuntak.2915@example.invalid,Asuransi Swasta,22-Apr-2025,Ya,Aktif
PAT-MOCK-0002916,EMR-MOCK-0002916,MOCK-2616-19480116-2916,Kartika Utama,Perempuan,1948-01-16 00:00:00,B,Belum Menikah,"Jl. Flamboyan No. 62, Beji",Depok,Jawa Barat,+62 898-3888-2916,kartika.halim.2916@example.invalid,BPJS Kesehatan,19-Mar-2025,Ya,Aktif
PAT-MOCK-0002917,EMR-MOCK-0002917,MOCK-3872-19590214-2917,Nabila Nasution,Perempuan,1959-02-14 00:00:00,O,Belum Menikah,"Jl. Kenanga No. 27, Kebayoran Baru",Jakarta Selatan,DKI Jakarta,+62 859-4884-2917,nabila.gunawan.2917@example.invalid,Asuransi Perusahaan,06-Oct-2021,Ya,Aktif
PAT-MOCK-0002918,EMR-MOCK-0002918,MOCK-2191-19520719-2918,Aulia Nasution,Perempuan,1952-07-19 00:00:00,B,Menikah,"Jl. Merpati No. 175, Denpasar Selatan",Denpasar,Bali,+62 852-2174-2918,aulia.hartono.2918@example.invalid,Pribadi,20-Nov-2022,Ya,Aktif
PAT-MOCK-0002919,EMR-MOCK-0002919,MOCK-9873-19920917-2919,Rizky Lesmana,Laki-laki,1992-09-17 00:00:00,B,Cerai Hidup,"Jl. Flamboyan No. 131, Bogor Tengah",Bogor,Jawa Barat,+62 811-3911-2919,rizky.lesmana.2919@example.invalid,Asuransi Swasta,19-Apr-2026,Ya,Aktif
PAT-MOCK-0002920,EMR-MOCK-0002920,MOCK-8676-20200824-2920,Maya Halim,Perempuan,2020-08-24 00:00:00,B,Cerai Hidup,"Jl. Mawar No. 91, Kebon Jeruk",Jakarta Barat,DKI Jakarta,+62 887-4348-2920,maya.pratama.2920@example.invalid,Corporate Guarantee,17-Feb-2024,Ya,Aktif
PAT-MOCK-0002921,EMR-MOCK-0002921,MOCK-5040-19461003-2921,Irfan Lesmana,Laki-laki,1946-10-03 00:00:00,A,Menikah,"Jl. Dahlia No. 20, Karawaci",Tangerang,Banten,+62 838-1025-2921,irfan.saputra.2921@example.invalid,Asuransi Swasta,11-Sep-2019,Tidak,Aktif
PAT-MOCK-0002922,EMR-MOCK-0002922,MOCK-3523-19770117-2922,Citra Siregar,Perempuan,1977-01-17 00:00:00,AB,Cerai Hidup,"Jl. Dahlia No. 61, Serpong",Tangerang Selatan,Banten,+62 831-5768-2922,citra.wijaya.2922@example.invalid,Asuransi Perusahaan,25-Oct-2020,Ya,Aktif
PAT-MOCK-0002923,EMR-MOCK-0002923,MOCK-3439-20051024-2923,Fajar Halim,Laki-laki,2005-10-24 00:00:00,AB,Cerai Hidup,"Jl. Kenanga No. 113, Banyumanik",Semarang,Jawa Tengah,+62 894-9495-2923,fajar.santoso.2923@example.invalid,Asuransi Swasta,30-Oct-2025,Ya,Aktif
PAT-MOCK-0002924,EMR-MOCK-0002924,MOCK-8153-20230823-2924,Aditya Siregar,Laki-laki,2023-08-23 00:00:00,O,Cerai Mati,"Jl. Flamboyan No. 58, Kebon Jeruk",Jakarta Barat,DKI Jakarta,+62 810-1182-2924,aditya.hidayat.2924@example.invalid,Pribadi,24-Aug-2023,Tidak,Aktif
PAT-MOCK-0002925,EMR-MOCK-0002925,MOCK-6629-19950921-2925,Anindya Ramadhan,Perempuan,1995-09-21 00:00:00,O,Cerai Mati,"Jl. Merpati No. 88, Medan Baru",Medan,Sumatera Utara,+62 848-7675-2925,anindya.nugraha.2925@example.invalid,BPJS Kesehatan,06-Sep-2023,Ya,Tidak Aktif
PAT-MOCK-0002926,EMR-MOCK-0002926,MOCK-5858-20180604-2926,Dewi Wijaya,Perempuan,2018-06-04 00:00:00,A,Cerai Mati,"Jl. Merpati No. 156, Bekasi Selatan",Bekasi,Jawa Barat,+62 854-3563-2926,dewi.kusuma.2926@example.invalid,Pribadi,06-Sep-2023,Ya,Aktif
PAT-MOCK-0002927,EMR-MOCK-0002927,MOCK-6232-20071204-2927,Fajar Maulana,Laki-laki,2007-12-04 00:00:00,A,Cerai Hidup,"Jl. Rajawali No. 121, Kebayoran Baru",Jakarta Selatan,DKI Jakarta,+62 845-4643-2927,fajar.setiawan.2927@example.invalid,Corporate Guarantee,12-Apr-2026,Ya,Tidak Aktif
PAT-MOCK-0002928,EMR-MOCK-0002928,MOCK-3140-19880825-2928,Dimas Pratama,Laki-laki,1988-08-25 00:00:00,O,Cerai Hidup,"Jl. Dahlia No. 127, Banyumanik",Semarang,Jawa Tengah,+62 865-7212-2928,dimas.permana.2928@example.invalid,Pribadi,04-Oct-2018,Tidak,Aktif
PAT-MOCK-0002929,EMR-MOCK-0002929,MOCK-8700-19591021-2929,Andi Simanjuntak,Laki-laki,1959-10-21 00:00:00,B,Menikah,"Jl. Mawar No. 134, Serpong",Tangerang Selatan,Banten,+62 828-5153-2929,andi.ramadhan.2929@example.invalid,BPJS Kesehatan,21-Apr-2022,Ya,Aktif
PAT-MOCK-0002930,EMR-MOCK-0002930,MOCK-5338-19861002-2930,Eko Pratama,Laki-laki,1986-10-02 00:00:00,O,Cerai Hidup,"Jl. Cemara No. 180, Medan Baru",Medan,Sumatera Utara,+62 875-5121-2930,eko.maulana.2930@example.invalid,Asuransi Perusahaan,16-Jan-2020,Tidak,Aktif
PAT-MOCK-0002931,EMR-MOCK-0002931,MOCK-3495-19860726-2931,Dinda Hartono,Perempuan,1986-07-26 00:00:00,O,Cerai Mati,"Jl. Dahlia No. 176, Kebon Jeruk",Jakarta Barat,DKI Jakarta,+62 881-7395-2931,dinda.utama.2931@example.invalid,Pribadi,31-Jul-2025,Ya,Aktif
PAT-MOCK-0002932,EMR-MOCK-0002932,MOCK-9145-20060121-2932,Bima Hartono,Laki-laki,2006-01-21 00:00:00,O,Menikah,"Jl. Kenanga No. 175, Banyumanik",Semarang,Jawa Tengah,+62 861-7555-2932,bima.purnama.2932@example.invalid,BPJS Kesehatan,12-Jun-2018,Ya,Aktif
PAT-MOCK-0002933,EMR-MOCK-0002933,MOCK-1599-19580620-2933,Arif Halim,Laki-laki,1958-06-20 00:00:00,B,Menikah,"Jl. Rajawali No. 165, Denpasar Selatan",Denpasar,Bali,+62 893-4161-2933,arif.siregar.2933@example.invalid,Asuransi Swasta,06-May-2020,Ya,Aktif
PAT-MOCK-0002934,EMR-MOCK-0002934,MOCK-6437-20091120-2934,Hendra Maulana,Laki-laki,2009-11-20 00:00:00,O,Menikah,"Jl. Melati No. 166, Bogor Tengah",Bogor,Jawa Barat,+62 812-9210-2934,hendra.nasution.2934@example.invalid,Asuransi Perusahaan,27-Dec-2020,Ya,Aktif
PAT-MOCK-0002935,EMR-MOCK-0002935,MOCK-4879-20140428-2935,Eko Hartono,Laki-laki,2014-04-28 00:00:00,AB,Cerai Hidup,"Jl. Mawar No. 50, Banyumanik",Semarang,Jawa Tengah,+62 832-2249-2935,eko.simanjuntak.2935@example.invalid,Asuransi Perusahaan,20-Mar-2022,Tidak,Aktif
PAT-MOCK-0002936,EMR-MOCK-0002936,MOCK-4727-19951022-2936,Joko Wijaya,Laki-laki,1995-10-22 00:00:00,O,Belum Menikah,"Jl. Merpati No. 106, Serpong",Tangerang Selatan,Banten,+62 836-7729-2936,joko.halim.2936@example.invalid,Corporate Guarantee,17-Oct-2018,Ya,Aktif
PAT-MOCK-0002937,EMR-MOCK-0002937,MOCK-4612-19610907-2937,Raka Hidayat,Laki-laki,1961-09-07 00:00:00,B,Belum Menikah,"Jl. Anggrek No. 107, Coblong",Bandung,Jawa Barat,+62 892-3109-2937,raka.gunawan.2937@example.invalid,Asuransi Swasta,05-May-2021,Ya,Tidak Aktif
PAT-MOCK-0002938,EMR-MOCK-0002938,MOCK-2386-19780902-2938,Aulia Maulana,Perempuan,1978-09-02 00:00:00,B,Cerai Mati,"Jl. Cendana No. 29, Bogor Tengah",Bogor,Jawa Barat,+62 837-3560-2938,aulia.hartono.2938@example.invalid,Pribadi,28-Jun-2024,Ya,Aktif
PAT-MOCK-0002939,EMR-MOCK-0002939,MOCK-8878-20030629-2939,Fitri Setiawan,Perempuan,2003-06-29 00:00:00,B,Menikah,"Jl. Flamboyan No. 55, Kebayoran Baru",Jakarta Selatan,DKI Jakarta,+62 825-4991-2939,fitri.lesmana.2939@example.invalid,Corporate Guarantee,05-Sep-2023,Tidak,Aktif
PAT-MOCK-0002940,EMR-MOCK-0002940,MOCK-5699-19510512-2940,Danu Nasution,Laki-laki,1951-05-12 00:00:00,A,Menikah,"Jl. Cendana No. 60, Coblong",Bandung,Jawa Barat,+62 813-4856-2940,danu.pratama.2940@example.invalid,BPJS Kesehatan,17-Oct-2021,Tidak,Aktif
PAT-MOCK-0002941,EMR-MOCK-0002941,MOCK-4730-19780621-2941,Rangga Hartono,Laki-laki,1978-06-21 00:00:00,O,Cerai Mati,"Jl. Anggrek No. 137, Wonokromo",Surabaya,Jawa Timur,+62 825-3099-2941,rangga.saputra.2941@example.invalid,Pribadi,14-May-2018,Ya,Aktif
PAT-MOCK-0002942,EMR-MOCK-0002942,MOCK-8273-19731021-2942,Dewi Setiawan,Perempuan,1973-10-21 00:00:00,B,Belum Menikah,"Jl. Anggrek No. 145, Coblong",Bandung,Jawa Barat,+62 880-1323-2942,dewi.wijaya.2942@example.invalid,Corporate Guarantee,30-Nov-2023,Ya,Aktif
PAT-MOCK-0002943,EMR-MOCK-0002943,MOCK-8720-20180527-2943,Yoga Halim,Laki-laki,2018-05-27 00:00:00,O,Belum Menikah,"Jl. Melati No. 7, Wonokromo",Surabaya,Jawa Timur,+62 866-7132-2943,yoga.santoso.2943@example.invalid,BPJS Kesehatan,19-Aug-2024,Ya,Aktif
PAT-MOCK-0002944,EMR-MOCK-0002944,MOCK-3770-19570302-2944,Aisyah Wijaya,Perempuan,1957-03-02 00:00:00,O,Cerai Mati,"Jl. Flamboyan No. 169, Bekasi Selatan",Bekasi,Jawa Barat,+62 879-1728-2944,aisyah.hidayat.2944@example.invalid,Pribadi,07-Dec-2020,Ya,Aktif
PAT-MOCK-0002945,EMR-MOCK-0002945,MOCK-7249-19831016-2945,Wulan Purnama,Perempuan,1983-10-16 00:00:00,O,Cerai Mati,"Jl. Mawar No. 87, Beji",Depok,Jawa Barat,+62 884-5912-2945,wulan.nugraha.2945@example.invalid,Asuransi Swasta,13-Jan-2025,Tidak,Aktif
PAT-MOCK-0002946,EMR-MOCK-0002946,MOCK-2230-19630531-2946,Joko Utama,Laki-laki,1963-05-31 00:00:00,A,Cerai Mati,"Jl. Flamboyan No. 87, Medan Baru",Medan,Sumatera Utara,+62 833-5386-2946,joko.kusuma.2946@example.invalid,Asuransi Perusahaan,30-Dec-2025,Tidak,Aktif
PAT-MOCK-0002947,EMR-MOCK-0002947,MOCK-1643-19770817-2947,Maya Saputra,Perempuan,1977-08-17 00:00:00,B,Cerai Mati,"Jl. Flamboyan No. 41, Wonokromo",Surabaya,Jawa Timur,+62 812-2306-2947,maya.setiawan.2947@example.invalid,Asuransi Perusahaan,13-Apr-2024,Tidak,Aktif
PAT-MOCK-0002948,EMR-MOCK-0002948,MOCK-6728-19700128-2948,Galang Setiawan,Laki-laki,1970-01-28 00:00:00,B,Cerai Mati,"Jl. Cemara No. 18, Bogor Tengah",Bogor,Jawa Barat,+62 899-4659-2948,galang.permana.2948@example.invalid,Asuransi Swasta,07-Nov-2025,Tidak,Aktif
PAT-MOCK-0002949,EMR-MOCK-0002949,MOCK-2077-19870530-2949,Intan Wijaya,Perempuan,1987-05-30 00:00:00,O,Cerai Hidup,"Jl. Melati No. 105, Denpasar Selatan",Denpasar,Bali,+62 852-4340-2949,intan.ramadhan.2949@example.invalid,Pribadi,22-Dec-2023,Ya,Aktif
PAT-MOCK-0002950,EMR-MOCK-0002950,MOCK-3010-19780510-2950,Arya Ramadhan,Laki-laki,1978-05-10 00:00:00,O,Menikah,"Jl. Flamboyan No. 12, Bekasi Selatan",Bekasi,Jawa Barat,+62 882-5010-2950,arya.maulana.2950@example.invalid,Asuransi Perusahaan,12-Oct-2021,Ya,Aktif
PAT-MOCK-0002951,EMR-MOCK-0002951,MOCK-4882-20041004-2951,Aditya Saputra,Laki-laki,2004-10-04 00:00:00,O,Cerai Mati,"Jl. Anggrek No. 29, Serpong",Tangerang Selatan,Banten,+62 840-5257-2951,aditya.utama.2951@example.invalid,Corporate Guarantee,13-Mar-2021,Ya,Aktif
PAT-MOCK-0002952,EMR-MOCK-0002952,MOCK-9051-19900521-2952,Danu Maulana,Laki-laki,1990-05-21 00:00:00,B,Cerai Hidup,"Jl. Rajawali No. 165, Ilir Barat I",Palembang,Sumatera Selatan,+62 892-3703-2952,danu.purnama.2952@example.invalid,Corporate Guarantee,28-Apr-2024,Ya,Aktif
PAT-MOCK-0002953,EMR-MOCK-0002953,MOCK-5438-19941105-2953,Andi Wijaya,Laki-laki,1994-11-05 00:00:00,A,Cerai Hidup,"Jl. Anggrek No. 102, Banyumanik",Semarang,Jawa Tengah,+62 895-7070-2953,andi.siregar.2953@example.invalid,Asuransi Swasta,13-Feb-2020,Ya,Aktif
PAT-MOCK-0002954,EMR-MOCK-0002954,MOCK-5137-19460724-2954,Nabila Hidayat,Perempuan,1946-07-24 00:00:00,A,Cerai Hidup,"Jl. Cemara No. 70, Banyumanik",Semarang,Jawa Tengah,+62 880-8252-2954,nabila.nasution.2954@example.invalid,Pribadi,04-Sep-2020,Ya,Aktif
PAT-MOCK-0002955,EMR-MOCK-0002955,MOCK-5624-20241020-2955,Aulia Gunawan,Perempuan,2024-10-20 00:00:00,B,Menikah,"Jl. Anggrek No. 89, Serpong",Tangerang Selatan,Banten,+62 827-5176-2955,aulia.simanjuntak.2955@example.invalid,Corporate Guarantee,21-Oct-2024,Ya,Aktif
PAT-MOCK-0002956,EMR-MOCK-0002956,MOCK-9979-19580316-2956,Lestari Hidayat,Perempuan,1958-03-16 00:00:00,B,Menikah,"Jl. Mawar No. 82, Kebon Jeruk",Jakarta Barat,DKI Jakarta,+62 844-7065-2956,lestari.halim.2956@example.invalid,Asuransi Swasta,04-Jul-2026,Ya,Aktif
PAT-MOCK-0002957,EMR-MOCK-0002957,MOCK-7503-20120104-2957,Aisyah Utama,Perempuan,2012-01-04 00:00:00,Belum diperiksa,Cerai Mati,"Jl. Anggrek No. 40, Coblong",Bandung,Jawa Barat,+62 895-7608-2957,aisyah.gunawan.2957@example.invalid,BPJS Kesehatan,09-Apr-2026,Ya,Aktif
PAT-MOCK-0002958,EMR-MOCK-0002958,MOCK-1516-19891216-2958,Citra Pratama,Perempuan,1989-12-16 00:00:00,O,Belum Menikah,"Jl. Flamboyan No. 28, Beji",Depok,Jawa Barat,+62 860-5202-2958,citra.hartono.2958@example.invalid,BPJS Kesehatan,30-Sep-2020,Ya,Aktif
PAT-MOCK-0002959,EMR-MOCK-0002959,MOCK-7291-19971217-2959,Intan Santoso,Perempuan,1997-12-17 00:00:00,AB,Belum Menikah,"Jl. Dahlia No. 11, Karawaci",Tangerang,Banten,+62 866-7802-2959,intan.lesmana.2959@example.invalid,Pribadi,05-Jun-2018,Tidak,Aktif
PAT-MOCK-0002960,EMR-MOCK-0002960,MOCK-3651-19520805-2960,Arya Kusuma,Laki-laki,1952-08-05 00:00:00,B,Cerai Mati,"Jl. Dahlia No. 30, Ilir Barat I",Palembang,Sumatera Selatan,+62 894-9790-2960,arya.pratama.2960@example.invalid,Asuransi Perusahaan,05-Nov-2018,Ya,Aktif
PAT-MOCK-0002961,EMR-MOCK-0002961,MOCK-2096-19910426-2961,Dewi Nasution,Perempuan,1991-04-26 00:00:00,AB,Cerai Hidup,"Jl. Rajawali No. 168, Denpasar Selatan",Denpasar,Bali,+62 882-1341-2961,dewi.saputra.2961@example.invalid,Asuransi Swasta,18-Sep-2024,Ya,Aktif
PAT-MOCK-0002962,EMR-MOCK-0002962,MOCK-6471-19931219-2962,Dimas Hidayat,Laki-laki,1993-12-19 00:00:00,A,Belum Menikah,"Jl. Merpati No. 162, Medan Baru",Medan,Sumatera Utara,+62 854-1189-2962,dimas.wijaya.2962@example.invalid,Asuransi Swasta,21-May-2023,Ya,Aktif
PAT-MOCK-0002963,EMR-MOCK-0002963,MOCK-5883-19870116-2963,Citra Siregar,Perempuan,1987-01-16 00:00:00,A,Menikah,"Jl. Melati No. 22, Beji",Depok,Jawa Barat,+62 874-4231-2963,citra.santoso.2963@example.invalid,Pribadi,23-Oct-2024,Ya,Aktif
PAT-MOCK-0002964,EMR-MOCK-0002964,MOCK-9086-19871030-2964,Danu Saputra,Laki-laki,1987-10-30 00:00:00,A,Cerai Hidup,"Jl. Cemara No. 101, Coblong",Bandung,Jawa Barat,+62 861-2936-2964,danu.hidayat.2964@example.invalid,BPJS Kesehatan,25-Apr-2021,Tidak,Aktif
PAT-MOCK-0002965,EMR-MOCK-0002965,MOCK-6806-20080602-2965,Joko Pratama,Laki-laki,2008-06-02 00:00:00,B,Menikah,"Jl. Dahlia No. 147, Bekasi Selatan",Bekasi,Jawa Barat,+62 884-4219-2965,joko.nugraha.2965@example.invalid,Pribadi,31-Oct-2023,Ya,Aktif
PAT-MOCK-0002966,EMR-MOCK-0002966,MOCK-4564-19940916-2966,Nabila Halim,Perempuan,1994-09-16 00:00:00,O,Menikah,"Jl. Mawar No. 25, Beji",Depok,Jawa Barat,+62 879-6385-2966,nabila.kusuma.2966@example.invalid,Corporate Guarantee,05-Jan-2022,Ya,Aktif
PAT-MOCK-0002967,EMR-MOCK-0002967,MOCK-3234-20190908-2967,Rizky Wijaya,Laki-laki,2019-09-08 00:00:00,AB,Cerai Mati,"Jl. Kenanga No. 147, Bekasi Selatan",Bekasi,Jawa Barat,+62 836-5835-2967,rizky.setiawan.2967@example.invalid,Asuransi Perusahaan,03-Nov-2023,Tidak,Aktif
PAT-MOCK-0002968,EMR-MOCK-0002968,MOCK-3616-19770201-2968,Yoga Santoso,Laki-laki,1977-02-01 00:00:00,O,Cerai Mati,"Jl. Flamboyan No. 127, Bogor Tengah",Bogor,Jawa Barat,+62 866-2157-2968,yoga.permana.2968@example.invalid,BPJS Kesehatan,05-Dec-2021,Tidak,Aktif
PAT-MOCK-0002969,EMR-MOCK-0002969,MOCK-6318-19911202-2969,Andi Nasution,Laki-laki,1991-12-02 00:00:00,O,Menikah,"Jl. Merpati No. 138, Ilir Barat I",Palembang,Sumatera Selatan,+62 870-8726-2969,andi.ramadhan.2969@example.invalid,Asuransi Perusahaan,15-May-2026,Ya,Aktif
PAT-MOCK-0002970,EMR-MOCK-0002970,MOCK-7277-19480530-2970,Kartika Maulana,Perempuan,1948-05-30 00:00:00,O,Cerai Hidup,"Jl. Anggrek No. 14, Kebon Jeruk",Jakarta Barat,DKI Jakarta,+62 820-7825-2970,kartika.maulana.2970@example.invalid,Asuransi Swasta,19-Jun-2026,Ya,Aktif
PAT-MOCK-0002971,EMR-MOCK-0002971,MOCK-7080-19660831-2971,Farhan Santoso,Laki-laki,1966-08-31 00:00:00,B,Menikah,"Jl. Dahlia No. 39, Bogor Tengah",Bogor,Jawa Barat,+62 823-4973-2971,farhan.utama.2971@example.invalid,BPJS Kesehatan,16-May-2026,Ya,Aktif
PAT-MOCK-0002972,EMR-MOCK-0002972,MOCK-8586-19970728-2972,Nabila Saputra,Perempuan,1997-07-28 00:00:00,AB,Menikah,"Jl. Melati No. 77, Karawaci",Tangerang,Banten,+62 890-4797-2972,nabila.purnama.2972@example.invalid,Asuransi Swasta,21-May-2021,Ya,Aktif
PAT-MOCK-0002973,EMR-MOCK-0002973,MOCK-5951-20150217-2973,Putri Hartono,Perempuan,2015-02-17 00:00:00,AB,Cerai Hidup,"Jl. Mawar No. 121, Wonokromo",Surabaya,Jawa Timur,+62 821-9587-2973,putri.siregar.2973@example.invalid,BPJS Kesehatan,24-Aug-2025,Tidak,Aktif
PAT-MOCK-0002974,EMR-MOCK-0002974,MOCK-7342-19510816-2974,Arya Hartono,Laki-laki,1951-08-16 00:00:00,AB,Menikah,"Jl. Dahlia No. 70, Kebon Jeruk",Jakarta Barat,DKI Jakarta,+62 860-7406-2974,arya.nasution.2974@example.invalid,BPJS Kesehatan,02-May-2020,Tidak,Aktif
PAT-MOCK-0002975,EMR-MOCK-0002975,MOCK-9069-19770708-2975,Sekar Hidayat,Perempuan,1977-07-08 00:00:00,AB,Belum Menikah,"Jl. Mawar No. 65, Karawaci",Tangerang,Banten,+62 851-1219-2975,sekar.simanjuntak.2975@example.invalid,Asuransi Swasta,27-Apr-2026,Tidak,Aktif
PAT-MOCK-0002976,EMR-MOCK-0002976,MOCK-7869-20221130-2976,Yoga Kusuma,Laki-laki,2022-11-30 00:00:00,AB,Cerai Hidup,"Jl. Kenanga No. 159, Wonokromo",Surabaya,Jawa Timur,+62 887-8027-2976,yoga.halim.2976@example.invalid,BPJS Kesehatan,07-Oct-2023,Ya,Aktif
PAT-MOCK-0002977,EMR-MOCK-0002977,MOCK-9824-19701202-2977,Irfan Gunawan,Laki-laki,1970-12-02 00:00:00,Belum diperiksa,Belum Menikah,"Jl. Cemara No. 82, Bekasi Selatan",Bekasi,Jawa Barat,+62 847-9586-2977,irfan.gunawan.2977@example.invalid,Asuransi Perusahaan,07-Apr-2020,Ya,Aktif
PAT-MOCK-0002978,EMR-MOCK-0002978,MOCK-2922-19740115-2978,Aisyah Simanjuntak,Perempuan,1974-01-15 00:00:00,B,Cerai Hidup,"Jl. Cemara No. 48, Wonokromo",Surabaya,Jawa Timur,+62 810-3578-2978,aisyah.hartono.2978@example.invalid,Pribadi,25-Sep-2019,Tidak,Aktif
PAT-MOCK-0002979,EMR-MOCK-0002979,MOCK-5647-20151211-2979,Raka Setiawan,Laki-laki,2015-12-11 00:00:00,A,Belum Menikah,"Jl. Kenanga No. 65, Panakkukang",Makassar,Sulawesi Selatan,+62 878-7729-2979,raka.lesmana.2979@example.invalid,Asuransi Perusahaan,05-Oct-2025,Tidak,Aktif
PAT-MOCK-0002980,EMR-MOCK-0002980,MOCK-5621-20090627-2980,Lestari Kusuma,Perempuan,2009-06-27 00:00:00,B,Belum Menikah,"Jl. Flamboyan No. 78, Duren Sawit",Jakarta Timur,DKI Jakarta,+62 894-2503-2980,lestari.pratama.2980@example.invalid,BPJS Kesehatan,15-May-2020,Tidak,Aktif
PAT-MOCK-0002981,EMR-MOCK-0002981,MOCK-5821-19870415-2981,Nabila Siregar,Perempuan,1987-04-15 00:00:00,A,Menikah,"Jl. Melati No. 150, Bogor Tengah",Bogor,Jawa Barat,+62 859-3761-2981,nabila.saputra.2981@example.invalid,Asuransi Perusahaan,10-Aug-2019,Ya,Aktif
PAT-MOCK-0002982,EMR-MOCK-0002982,MOCK-1659-20200210-2982,Aisyah Siregar,Perempuan,2020-02-10 00:00:00,A,Belum Menikah,"Jl. Dahlia No. 111, Kebon Jeruk",Jakarta Barat,DKI Jakarta,+62 876-6506-2982,aisyah.wijaya.2982@example.invalid,BPJS Kesehatan,05-Sep-2023,Ya,Aktif
PAT-MOCK-0002983,EMR-MOCK-0002983,MOCK-8344-19571024-2983,Amelia Ramadhan,Perempuan,1957-10-24 00:00:00,O,Menikah,"Jl. Kenanga No. 33, Kebayoran Baru",Jakarta Selatan,DKI Jakarta,+62 882-6983-2983,amelia.santoso.2983@example.invalid,Asuransi Swasta,27-Apr-2024,Ya,Aktif
PAT-MOCK-0002984,EMR-MOCK-0002984,MOCK-1460-19490121-2984,Nabila Lesmana,Perempuan,1949-01-21 00:00:00,O,Menikah,"Jl. Cemara No. 110, Coblong",Bandung,Jawa Barat,+62 875-2258-2984,nabila.hidayat.2984@example.invalid,Corporate Guarantee,19-Sep-2019,Ya,Aktif
PAT-MOCK-0002985,EMR-MOCK-0002985,MOCK-1440-19850809-2985,Putri Gunawan,Perempuan,1985-08-09 00:00:00,O,Menikah,"Jl. Cendana No. 46, Bekasi Selatan",Bekasi,Jawa Barat,+62 897-9775-2985,putri.nugraha.2985@example.invalid,BPJS Kesehatan,24-Apr-2026,Tidak,Aktif
PAT-MOCK-0002986,EMR-MOCK-0002986,MOCK-1987-20210818-2986,Maya Saputra,Perempuan,2021-08-18 00:00:00,A,Menikah,"Jl. Cendana No. 128, Kebayoran Baru",Jakarta Selatan,DKI Jakarta,+62 852-4957-2986,maya.kusuma.2986@example.invalid,BPJS Kesehatan,05-Mar-2022,Tidak,Aktif
PAT-MOCK-0002987,EMR-MOCK-0002987,MOCK-2481-20080301-2987,Aisyah Siregar,Perempuan,2008-03-01 00:00:00,O,Menikah,"Jl. Anggrek No. 94, Medan Baru",Medan,Sumatera Utara,+62 819-3499-2987,aisyah.setiawan.2987@example.invalid,Asuransi Swasta,29-Mar-2022,Tidak,Tidak Aktif
PAT-MOCK-0002988,EMR-MOCK-0002988,MOCK-8983-19530808-2988,Arya Hartono,Laki-laki,1953-08-08 00:00:00,A,Cerai Hidup,"Jl. Cemara No. 3, Banyumanik",Semarang,Jawa Tengah,+62 889-9116-2988,arya.permana.2988@example.invalid,Asuransi Perusahaan,13-Mar-2020,Tidak,Tidak Aktif
PAT-MOCK-0002989,EMR-MOCK-0002989,MOCK-6789-19850418-2989,Tiara Setiawan,Perempuan,1985-04-18 00:00:00,A,Menikah,"Jl. Anggrek No. 177, Bekasi Selatan",Bekasi,Jawa Barat,+62 822-7652-2989,tiara.ramadhan.2989@example.invalid,Asuransi Swasta,14-May-2023,Tidak,Tidak Aktif
PAT-MOCK-0002990,EMR-MOCK-0002990,MOCK-6406-19890428-2990,Dewi Purnama,Perempuan,1989-04-28 00:00:00,A,Belum Menikah,"Jl. Cemara No. 34, Beji",Depok,Jawa Barat,+62 829-2367-2990,dewi.maulana.2990@example.invalid,Pribadi,12-May-2025,Ya,Aktif
PAT-MOCK-0002991,EMR-MOCK-0002991,MOCK-2000-20210713-2991,Irfan Lesmana,Laki-laki,2021-07-13 00:00:00,B,Cerai Hidup,"Jl. Cemara No. 108, Medan Baru",Medan,Sumatera Utara,+62 872-2895-2991,irfan.utama.2991@example.invalid,Asuransi Swasta,14-Jul-2021,Ya,Aktif
PAT-MOCK-0002992,EMR-MOCK-0002992,MOCK-9616-20120126-2992,Andi Halim,Laki-laki,2012-01-26 00:00:00,O,Menikah,"Jl. Cemara No. 32, Ilir Barat I",Palembang,Sumatera Selatan,+62 877-3013-2992,andi.purnama.2992@example.invalid,BPJS Kesehatan,05-Dec-2024,Tidak,Aktif
PAT-MOCK-0002993,EMR-MOCK-0002993,MOCK-4368-19980722-2993,Lestari Gunawan,Perempuan,1998-07-22 00:00:00,O,Cerai Hidup,"Jl. Melati No. 45, Panakkukang",Makassar,Sulawesi Selatan,+62 860-4334-2993,lestari.siregar.2993@example.invalid,Asuransi Perusahaan,17-Apr-2019,Ya,Aktif
PAT-MOCK-0002994,EMR-MOCK-0002994,MOCK-1319-19451211-2994,Aditya Ramadhan,Laki-laki,1945-12-11 00:00:00,A,Cerai Mati,"Jl. Flamboyan No. 47, Bekasi Selatan",Bekasi,Jawa Barat,+62 890-6768-2994,aditya.nasution.2994@example.invalid,Asuransi Perusahaan,08-Oct-2024,Ya,Aktif
PAT-MOCK-0002995,EMR-MOCK-0002995,MOCK-4272-19460717-2995,Bima Pratama,Laki-laki,1946-07-17 00:00:00,B,Belum Menikah,"Jl. Merpati No. 86, Medan Baru",Medan,Sumatera Utara,+62 899-4855-2995,bima.simanjuntak.2995@example.invalid,BPJS Kesehatan,22-Jan-2020,Ya,Aktif
PAT-MOCK-0002996,EMR-MOCK-0002996,MOCK-3368-20231111-2996,Nadia Hartono,Perempuan,2023-11-11 00:00:00,B,Menikah,"Jl. Cemara No. 54, Bogor Tengah",Bogor,Jawa Barat,+62 827-2061-2996,nadia.halim.2996@example.invalid,Pribadi,12-Nov-2023,Tidak,Aktif
PAT-MOCK-0002997,EMR-MOCK-0002997,MOCK-8806-19550713-2997,Andi Nugraha,Laki-laki,1955-07-13 00:00:00,O,Cerai Hidup,"Jl. Merpati No. 148, Bogor Tengah",Bogor,Jawa Barat,+62 857-8384-2997,andi.gunawan.2997@example.invalid,Corporate Guarantee,22-Dec-2024,Ya,Aktif
PAT-MOCK-0002998,EMR-MOCK-0002998,MOCK-5889-19830418-2998,Dewi Gunawan,Perempuan,1983-04-18 00:00:00,AB,Cerai Hidup,"Jl. Flamboyan No. 76, Bekasi Selatan",Bekasi,Jawa Barat,+62 892-5786-2998,dewi.hartono.2998@example.invalid,BPJS Kesehatan,28-Aug-2022,Ya,Aktif
PAT-MOCK-0002999,EMR-MOCK-0002999,MOCK-2942-20190202-2999,Arif Hidayat,Laki-laki,2019-02-02 00:00:00,B,Cerai Mati,"Jl. Anggrek No. 126, Wonokromo",Surabaya,Jawa Timur,+62 869-4430-2999,arif.lesmana.2999@example.invalid,Corporate Guarantee,26-May-2020,Ya,Aktif
PAT-MOCK-0003000,EMR-MOCK-0003000,MOCK-9166-19930728-3000,Anindya Nugraha,Perempuan,1993-07-28 00:00:00,A,Cerai Mati,"Jl. Flamboyan No. 28, Beji",Depok,Jawa Barat,+62 815-2274-3000,anindya.pratama.3000@example.invalid,Corporate Guarantee,26-Sep-2023,Tidak,Aktif
